[2025-01-21 13:14:33] local.ERROR: SQLSTATE[23000]: Integrity constraint violation: 1062 Duplicate entry 'superadmin@gmail.com' for key 'users.users_email_unique' (Connection: mysql, SQL: insert into `users` (`name`, `email`, `email_verified_at`, `password`, `remember_token`, `account_status`, `role`) values (SUPER ADMIN, superadmin@gmail.com, 2025-01-21 13:14:33, $2y$10$/wQTKHDVTKcZXxqvgXHR5.yOr6vjBkHoErWrI0vhnHCs6rhF8LTRW, psQhGu0KFx, ACTIVE, SUPER_ADMIN)) {"exception":"[object] (Illuminate\\Database\\UniqueConstraintViolationException(code: 23000): SQLSTATE[23000]: Integrity constraint violation: 1062 Duplicate entry 'superadmin@gmail.com' for key 'users.users_email_unique' (Connection: mysql, SQL: insert into `users` (`name`, `email`, `email_verified_at`, `password`, `remember_token`, `account_status`, `role`) values (SUPER ADMIN, superadmin@gmail.com, 2025-01-21 13:14:33, $2y$10$/wQTKHDVTKcZXxqvgXHR5.yOr6vjBkHoErWrI0vhnHCs6rhF8LTRW, psQhGu0KFx, ACTIVE, SUPER_ADMIN)) at /Users/recycle/work/htain-thein-be/vendor/laravel/framework/src/Illuminate/Database/Connection.php:824)
[stacktrace]
#0 /Users/recycle/work/htain-thein-be/vendor/laravel/framework/src/Illuminate/Database/Connection.php(783): Illuminate\\Database\\Connection->runQueryCallback('insert into `us...', Array, Object(Closure))
#1 /Users/recycle/work/htain-thein-be/vendor/laravel/framework/src/Illuminate/Database/MySqlConnection.php(34): Illuminate\\Database\\Connection->run('insert into `us...', Array, Object(Closure))
#2 /Users/recycle/work/htain-thein-be/vendor/laravel/framework/src/Illuminate/Database/Query/Builder.php(3498): Illuminate\\Database\\MySqlConnection->insert('insert into `us...', Array)
#3 /Users/recycle/work/htain-thein-be/vendor/laravel/framework/src/Illuminate/Database/Eloquent/Builder.php(1982): Illuminate\\Database\\Query\\Builder->insert(Array)
#4 /Users/recycle/work/htain-thein-be/vendor/laravel/framework/src/Illuminate/Support/Traits/ForwardsCalls.php(23): Illuminate\\Database\\Eloquent\\Builder->__call('insert', Array)
#5 /Users/recycle/work/htain-thein-be/vendor/laravel/framework/src/Illuminate/Database/Eloquent/Model.php(2335): Illuminate\\Database\\Eloquent\\Model->forwardCallTo(Object(Illuminate\\Database\\Eloquent\\Builder), 'insert', Array)
#6 /Users/recycle/work/htain-thein-be/vendor/laravel/framework/src/Illuminate/Database/Eloquent/Model.php(2347): Illuminate\\Database\\Eloquent\\Model->__call('insert', Array)
#7 /Users/recycle/work/htain-thein-be/database/seeders/UserSeeder.php(17): Illuminate\\Database\\Eloquent\\Model::__callStatic('insert', Array)
#8 /Users/recycle/work/htain-thein-be/vendor/laravel/framework/src/Illuminate/Container/BoundMethod.php(36): Database\\Seeders\\UserSeeder->run()
#9 /Users/recycle/work/htain-thein-be/vendor/laravel/framework/src/Illuminate/Container/Util.php(41): Illuminate\\Container\\BoundMethod::Illuminate\\Container\\{closure}()
#10 /Users/recycle/work/htain-thein-be/vendor/laravel/framework/src/Illuminate/Container/BoundMethod.php(93): Illuminate\\Container\\Util::unwrapIfClosure(Object(Closure))
#11 /Users/recycle/work/htain-thein-be/vendor/laravel/framework/src/Illuminate/Container/BoundMethod.php(35): Illuminate\\Container\\BoundMethod::callBoundMethod(Object(Illuminate\\Foundation\\Application), Array, Object(Closure))
#12 /Users/recycle/work/htain-thein-be/vendor/laravel/framework/src/Illuminate/Container/Container.php(662): Illuminate\\Container\\BoundMethod::call(Object(Illuminate\\Foundation\\Application), Array, Array, NULL)
#13 /Users/recycle/work/htain-thein-be/vendor/laravel/framework/src/Illuminate/Database/Seeder.php(184): Illuminate\\Container\\Container->call(Array, Array)
#14 /Users/recycle/work/htain-thein-be/vendor/laravel/framework/src/Illuminate/Database/Seeder.php(193): Illuminate\\Database\\Seeder->Illuminate\\Database\\{closure}()
#15 /Users/recycle/work/htain-thein-be/vendor/laravel/framework/src/Illuminate/Database/Seeder.php(61): Illuminate\\Database\\Seeder->__invoke(Array)
#16 /Users/recycle/work/htain-thein-be/database/seeders/DatabaseSeeder.php(16): Illuminate\\Database\\Seeder->call('Database\\\\Seeder...')
#17 /Users/recycle/work/htain-thein-be/vendor/laravel/framework/src/Illuminate/Container/BoundMethod.php(36): Database\\Seeders\\DatabaseSeeder->run()
#18 /Users/recycle/work/htain-thein-be/vendor/laravel/framework/src/Illuminate/Container/Util.php(41): Illuminate\\Container\\BoundMethod::Illuminate\\Container\\{closure}()
#19 /Users/recycle/work/htain-thein-be/vendor/laravel/framework/src/Illuminate/Container/BoundMethod.php(93): Illuminate\\Container\\Util::unwrapIfClosure(Object(Closure))
#20 /Users/recycle/work/htain-thein-be/vendor/laravel/framework/src/Illuminate/Container/BoundMethod.php(35): Illuminate\\Container\\BoundMethod::callBoundMethod(Object(Illuminate\\Foundation\\Application), Array, Object(Closure))
#21 /Users/recycle/work/htain-thein-be/vendor/laravel/framework/src/Illuminate/Container/Container.php(662): Illuminate\\Container\\BoundMethod::call(Object(Illuminate\\Foundation\\Application), Array, Array, NULL)
#22 /Users/recycle/work/htain-thein-be/vendor/laravel/framework/src/Illuminate/Database/Seeder.php(184): Illuminate\\Container\\Container->call(Array, Array)
#23 /Users/recycle/work/htain-thein-be/vendor/laravel/framework/src/Illuminate/Database/Seeder.php(193): Illuminate\\Database\\Seeder->Illuminate\\Database\\{closure}()
#24 /Users/recycle/work/htain-thein-be/vendor/laravel/framework/src/Illuminate/Database/Console/Seeds/SeedCommand.php(70): Illuminate\\Database\\Seeder->__invoke()
#25 /Users/recycle/work/htain-thein-be/vendor/laravel/framework/src/Illuminate/Database/Eloquent/Concerns/GuardsAttributes.php(155): Illuminate\\Database\\Console\\Seeds\\SeedCommand->Illuminate\\Database\\Console\\Seeds\\{closure}()
#26 /Users/recycle/work/htain-thein-be/vendor/laravel/framework/src/Illuminate/Database/Console/Seeds/SeedCommand.php(69): Illuminate\\Database\\Eloquent\\Model::unguarded(Object(Closure))
#27 /Users/recycle/work/htain-thein-be/vendor/laravel/framework/src/Illuminate/Container/BoundMethod.php(36): Illuminate\\Database\\Console\\Seeds\\SeedCommand->handle()
#28 /Users/recycle/work/htain-thein-be/vendor/laravel/framework/src/Illuminate/Container/Util.php(41): Illuminate\\Container\\BoundMethod::Illuminate\\Container\\{closure}()
#29 /Users/recycle/work/htain-thein-be/vendor/laravel/framework/src/Illuminate/Container/BoundMethod.php(93): Illuminate\\Container\\Util::unwrapIfClosure(Object(Closure))
#30 /Users/recycle/work/htain-thein-be/vendor/laravel/framework/src/Illuminate/Container/BoundMethod.php(35): Illuminate\\Container\\BoundMethod::callBoundMethod(Object(Illuminate\\Foundation\\Application), Array, Object(Closure))
#31 /Users/recycle/work/htain-thein-be/vendor/laravel/framework/src/Illuminate/Container/Container.php(662): Illuminate\\Container\\BoundMethod::call(Object(Illuminate\\Foundation\\Application), Array, Array, NULL)
#32 /Users/recycle/work/htain-thein-be/vendor/laravel/framework/src/Illuminate/Console/Command.php(211): Illuminate\\Container\\Container->call(Array)
#33 /Users/recycle/work/htain-thein-be/vendor/symfony/console/Command/Command.php(326): Illuminate\\Console\\Command->execute(Object(Symfony\\Component\\Console\\Input\\ArgvInput), Object(Illuminate\\Console\\OutputStyle))
#34 /Users/recycle/work/htain-thein-be/vendor/laravel/framework/src/Illuminate/Console/Command.php(180): Symfony\\Component\\Console\\Command\\Command->run(Object(Symfony\\Component\\Console\\Input\\ArgvInput), Object(Illuminate\\Console\\OutputStyle))
#35 /Users/recycle/work/htain-thein-be/vendor/symfony/console/Application.php(1096): Illuminate\\Console\\Command->run(Object(Symfony\\Component\\Console\\Input\\ArgvInput), Object(Symfony\\Component\\Console\\Output\\ConsoleOutput))
#36 /Users/recycle/work/htain-thein-be/vendor/symfony/console/Application.php(324): Symfony\\Component\\Console\\Application->doRunCommand(Object(Illuminate\\Database\\Console\\Seeds\\SeedCommand), Object(Symfony\\Component\\Console\\Input\\ArgvInput), Object(Symfony\\Component\\Console\\Output\\ConsoleOutput))
#37 /Users/recycle/work/htain-thein-be/vendor/symfony/console/Application.php(175): Symfony\\Component\\Console\\Application->doRun(Object(Symfony\\Component\\Console\\Input\\ArgvInput), Object(Symfony\\Component\\Console\\Output\\ConsoleOutput))
#38 /Users/recycle/work/htain-thein-be/vendor/laravel/framework/src/Illuminate/Foundation/Console/Kernel.php(201): Symfony\\Component\\Console\\Application->run(Object(Symfony\\Component\\Console\\Input\\ArgvInput), Object(Symfony\\Component\\Console\\Output\\ConsoleOutput))
#39 /Users/recycle/work/htain-thein-be/artisan(35): Illuminate\\Foundation\\Console\\Kernel->handle(Object(Symfony\\Component\\Console\\Input\\ArgvInput), Object(Symfony\\Component\\Console\\Output\\ConsoleOutput))
#40 {main}

[previous exception] [object] (PDOException(code: 23000): SQLSTATE[23000]: Integrity constraint violation: 1062 Duplicate entry 'superadmin@gmail.com' for key 'users.users_email_unique' at /Users/recycle/work/htain-thein-be/vendor/laravel/framework/src/Illuminate/Database/MySqlConnection.php:45)
[stacktrace]
#0 /Users/recycle/work/htain-thein-be/vendor/laravel/framework/src/Illuminate/Database/MySqlConnection.php(45): PDOStatement->execute()
#1 /Users/recycle/work/htain-thein-be/vendor/laravel/framework/src/Illuminate/Database/Connection.php(816): Illuminate\\Database\\MySqlConnection->Illuminate\\Database\\{closure}('insert into `us...', Array)
#2 /Users/recycle/work/htain-thein-be/vendor/laravel/framework/src/Illuminate/Database/Connection.php(783): Illuminate\\Database\\Connection->runQueryCallback('insert into `us...', Array, Object(Closure))
#3 /Users/recycle/work/htain-thein-be/vendor/laravel/framework/src/Illuminate/Database/MySqlConnection.php(34): Illuminate\\Database\\Connection->run('insert into `us...', Array, Object(Closure))
#4 /Users/recycle/work/htain-thein-be/vendor/laravel/framework/src/Illuminate/Database/Query/Builder.php(3498): Illuminate\\Database\\MySqlConnection->insert('insert into `us...', Array)
#5 /Users/recycle/work/htain-thein-be/vendor/laravel/framework/src/Illuminate/Database/Eloquent/Builder.php(1982): Illuminate\\Database\\Query\\Builder->insert(Array)
#6 /Users/recycle/work/htain-thein-be/vendor/laravel/framework/src/Illuminate/Support/Traits/ForwardsCalls.php(23): Illuminate\\Database\\Eloquent\\Builder->__call('insert', Array)
#7 /Users/recycle/work/htain-thein-be/vendor/laravel/framework/src/Illuminate/Database/Eloquent/Model.php(2335): Illuminate\\Database\\Eloquent\\Model->forwardCallTo(Object(Illuminate\\Database\\Eloquent\\Builder), 'insert', Array)
#8 /Users/recycle/work/htain-thein-be/vendor/laravel/framework/src/Illuminate/Database/Eloquent/Model.php(2347): Illuminate\\Database\\Eloquent\\Model->__call('insert', Array)
#9 /Users/recycle/work/htain-thein-be/database/seeders/UserSeeder.php(17): Illuminate\\Database\\Eloquent\\Model::__callStatic('insert', Array)
#10 /Users/recycle/work/htain-thein-be/vendor/laravel/framework/src/Illuminate/Container/BoundMethod.php(36): Database\\Seeders\\UserSeeder->run()
#11 /Users/recycle/work/htain-thein-be/vendor/laravel/framework/src/Illuminate/Container/Util.php(41): Illuminate\\Container\\BoundMethod::Illuminate\\Container\\{closure}()
#12 /Users/recycle/work/htain-thein-be/vendor/laravel/framework/src/Illuminate/Container/BoundMethod.php(93): Illuminate\\Container\\Util::unwrapIfClosure(Object(Closure))
#13 /Users/recycle/work/htain-thein-be/vendor/laravel/framework/src/Illuminate/Container/BoundMethod.php(35): Illuminate\\Container\\BoundMethod::callBoundMethod(Object(Illuminate\\Foundation\\Application), Array, Object(Closure))
#14 /Users/recycle/work/htain-thein-be/vendor/laravel/framework/src/Illuminate/Container/Container.php(662): Illuminate\\Container\\BoundMethod::call(Object(Illuminate\\Foundation\\Application), Array, Array, NULL)
#15 /Users/recycle/work/htain-thein-be/vendor/laravel/framework/src/Illuminate/Database/Seeder.php(184): Illuminate\\Container\\Container->call(Array, Array)
#16 /Users/recycle/work/htain-thein-be/vendor/laravel/framework/src/Illuminate/Database/Seeder.php(193): Illuminate\\Database\\Seeder->Illuminate\\Database\\{closure}()
#17 /Users/recycle/work/htain-thein-be/vendor/laravel/framework/src/Illuminate/Database/Seeder.php(61): Illuminate\\Database\\Seeder->__invoke(Array)
#18 /Users/recycle/work/htain-thein-be/database/seeders/DatabaseSeeder.php(16): Illuminate\\Database\\Seeder->call('Database\\\\Seeder...')
#19 /Users/recycle/work/htain-thein-be/vendor/laravel/framework/src/Illuminate/Container/BoundMethod.php(36): Database\\Seeders\\DatabaseSeeder->run()
#20 /Users/recycle/work/htain-thein-be/vendor/laravel/framework/src/Illuminate/Container/Util.php(41): Illuminate\\Container\\BoundMethod::Illuminate\\Container\\{closure}()
#21 /Users/recycle/work/htain-thein-be/vendor/laravel/framework/src/Illuminate/Container/BoundMethod.php(93): Illuminate\\Container\\Util::unwrapIfClosure(Object(Closure))
#22 /Users/recycle/work/htain-thein-be/vendor/laravel/framework/src/Illuminate/Container/BoundMethod.php(35): Illuminate\\Container\\BoundMethod::callBoundMethod(Object(Illuminate\\Foundation\\Application), Array, Object(Closure))
#23 /Users/recycle/work/htain-thein-be/vendor/laravel/framework/src/Illuminate/Container/Container.php(662): Illuminate\\Container\\BoundMethod::call(Object(Illuminate\\Foundation\\Application), Array, Array, NULL)
#24 /Users/recycle/work/htain-thein-be/vendor/laravel/framework/src/Illuminate/Database/Seeder.php(184): Illuminate\\Container\\Container->call(Array, Array)
#25 /Users/recycle/work/htain-thein-be/vendor/laravel/framework/src/Illuminate/Database/Seeder.php(193): Illuminate\\Database\\Seeder->Illuminate\\Database\\{closure}()
#26 /Users/recycle/work/htain-thein-be/vendor/laravel/framework/src/Illuminate/Database/Console/Seeds/SeedCommand.php(70): Illuminate\\Database\\Seeder->__invoke()
#27 /Users/recycle/work/htain-thein-be/vendor/laravel/framework/src/Illuminate/Database/Eloquent/Concerns/GuardsAttributes.php(155): Illuminate\\Database\\Console\\Seeds\\SeedCommand->Illuminate\\Database\\Console\\Seeds\\{closure}()
#28 /Users/recycle/work/htain-thein-be/vendor/laravel/framework/src/Illuminate/Database/Console/Seeds/SeedCommand.php(69): Illuminate\\Database\\Eloquent\\Model::unguarded(Object(Closure))
#29 /Users/recycle/work/htain-thein-be/vendor/laravel/framework/src/Illuminate/Container/BoundMethod.php(36): Illuminate\\Database\\Console\\Seeds\\SeedCommand->handle()
#30 /Users/recycle/work/htain-thein-be/vendor/laravel/framework/src/Illuminate/Container/Util.php(41): Illuminate\\Container\\BoundMethod::Illuminate\\Container\\{closure}()
#31 /Users/recycle/work/htain-thein-be/vendor/laravel/framework/src/Illuminate/Container/BoundMethod.php(93): Illuminate\\Container\\Util::unwrapIfClosure(Object(Closure))
#32 /Users/recycle/work/htain-thein-be/vendor/laravel/framework/src/Illuminate/Container/BoundMethod.php(35): Illuminate\\Container\\BoundMethod::callBoundMethod(Object(Illuminate\\Foundation\\Application), Array, Object(Closure))
#33 /Users/recycle/work/htain-thein-be/vendor/laravel/framework/src/Illuminate/Container/Container.php(662): Illuminate\\Container\\BoundMethod::call(Object(Illuminate\\Foundation\\Application), Array, Array, NULL)
#34 /Users/recycle/work/htain-thein-be/vendor/laravel/framework/src/Illuminate/Console/Command.php(211): Illuminate\\Container\\Container->call(Array)
#35 /Users/recycle/work/htain-thein-be/vendor/symfony/console/Command/Command.php(326): Illuminate\\Console\\Command->execute(Object(Symfony\\Component\\Console\\Input\\ArgvInput), Object(Illuminate\\Console\\OutputStyle))
#36 /Users/recycle/work/htain-thein-be/vendor/laravel/framework/src/Illuminate/Console/Command.php(180): Symfony\\Component\\Console\\Command\\Command->run(Object(Symfony\\Component\\Console\\Input\\ArgvInput), Object(Illuminate\\Console\\OutputStyle))
#37 /Users/recycle/work/htain-thein-be/vendor/symfony/console/Application.php(1096): Illuminate\\Console\\Command->run(Object(Symfony\\Component\\Console\\Input\\ArgvInput), Object(Symfony\\Component\\Console\\Output\\ConsoleOutput))
#38 /Users/recycle/work/htain-thein-be/vendor/symfony/console/Application.php(324): Symfony\\Component\\Console\\Application->doRunCommand(Object(Illuminate\\Database\\Console\\Seeds\\SeedCommand), Object(Symfony\\Component\\Console\\Input\\ArgvInput), Object(Symfony\\Component\\Console\\Output\\ConsoleOutput))
#39 /Users/recycle/work/htain-thein-be/vendor/symfony/console/Application.php(175): Symfony\\Component\\Console\\Application->doRun(Object(Symfony\\Component\\Console\\Input\\ArgvInput), Object(Symfony\\Component\\Console\\Output\\ConsoleOutput))
#40 /Users/recycle/work/htain-thein-be/vendor/laravel/framework/src/Illuminate/Foundation/Console/Kernel.php(201): Symfony\\Component\\Console\\Application->run(Object(Symfony\\Component\\Console\\Input\\ArgvInput), Object(Symfony\\Component\\Console\\Output\\ConsoleOutput))
#41 /Users/recycle/work/htain-thein-be/artisan(35): Illuminate\\Foundation\\Console\\Kernel->handle(Object(Symfony\\Component\\Console\\Input\\ArgvInput), Object(Symfony\\Component\\Console\\Output\\ConsoleOutput))
#42 {main}
"} 
[2025-01-21 13:14:45] local.ERROR: SQLSTATE[42000]: Syntax error or access violation: 1091 Can't DROP 'read_at'; check that column/key exists (Connection: mysql, SQL: alter table `noti_infos` drop `read_at`) {"exception":"[object] (Illuminate\\Database\\QueryException(code: 42000): SQLSTATE[42000]: Syntax error or access violation: 1091 Can't DROP 'read_at'; check that column/key exists (Connection: mysql, SQL: alter table `noti_infos` drop `read_at`) at /Users/recycle/work/htain-thein-be/vendor/laravel/framework/src/Illuminate/Database/Connection.php:829)
[stacktrace]
#0 /Users/recycle/work/htain-thein-be/vendor/laravel/framework/src/Illuminate/Database/Connection.php(783): Illuminate\\Database\\Connection->runQueryCallback('alter table `no...', Array, Object(Closure))
#1 /Users/recycle/work/htain-thein-be/vendor/laravel/framework/src/Illuminate/Database/Connection.php(576): Illuminate\\Database\\Connection->run('alter table `no...', Array, Object(Closure))
#2 /Users/recycle/work/htain-thein-be/vendor/laravel/framework/src/Illuminate/Database/Schema/Blueprint.php(110): Illuminate\\Database\\Connection->statement('alter table `no...')
#3 /Users/recycle/work/htain-thein-be/vendor/laravel/framework/src/Illuminate/Database/Schema/Builder.php(602): Illuminate\\Database\\Schema\\Blueprint->build(Object(Illuminate\\Database\\MySqlConnection), Object(Illuminate\\Database\\Schema\\Grammars\\MySqlGrammar))
#4 /Users/recycle/work/htain-thein-be/vendor/laravel/framework/src/Illuminate/Database/Schema/Builder.php(444): Illuminate\\Database\\Schema\\Builder->build(Object(Illuminate\\Database\\Schema\\Blueprint))
#5 /Users/recycle/work/htain-thein-be/vendor/laravel/framework/src/Illuminate/Support/Facades/Facade.php(355): Illuminate\\Database\\Schema\\Builder->table('noti_infos', Object(Closure))
#6 /Users/recycle/work/htain-thein-be/database/migrations/2025_01_09_154803_add_read_at_to_noti_infos_table.php(17): Illuminate\\Support\\Facades\\Facade::__callStatic('table', Array)
#7 /Users/recycle/work/htain-thein-be/vendor/laravel/framework/src/Illuminate/Database/Migrations/Migrator.php(493): Illuminate\\Database\\Migrations\\Migration@anonymous->down()
#8 /Users/recycle/work/htain-thein-be/vendor/laravel/framework/src/Illuminate/Database/Migrations/Migrator.php(410): Illuminate\\Database\\Migrations\\Migrator->runMethod(Object(Illuminate\\Database\\MySqlConnection), Object(Illuminate\\Database\\Migrations\\Migration@anonymous), 'down')
#9 /Users/recycle/work/htain-thein-be/vendor/laravel/framework/src/Illuminate/Database/Migrations/Migrator.php(419): Illuminate\\Database\\Migrations\\Migrator->Illuminate\\Database\\Migrations\\{closure}()
#10 /Users/recycle/work/htain-thein-be/vendor/laravel/framework/src/Illuminate/Database/Migrations/Migrator.php(385): Illuminate\\Database\\Migrations\\Migrator->runMigration(Object(Illuminate\\Database\\Migrations\\Migration@anonymous), 'down')
#11 /Users/recycle/work/htain-thein-be/vendor/laravel/framework/src/Illuminate/Console/View/Components/Task.php(37): Illuminate\\Database\\Migrations\\Migrator->Illuminate\\Database\\Migrations\\{closure}()
#12 /Users/recycle/work/htain-thein-be/vendor/laravel/framework/src/Illuminate/Database/Migrations/Migrator.php(756): Illuminate\\Console\\View\\Components\\Task->render('2025_01_09_1548...', Object(Closure))
#13 /Users/recycle/work/htain-thein-be/vendor/laravel/framework/src/Illuminate/Database/Migrations/Migrator.php(385): Illuminate\\Database\\Migrations\\Migrator->write('Illuminate\\\\Cons...', '2025_01_09_1548...', Object(Closure))
#14 /Users/recycle/work/htain-thein-be/vendor/laravel/framework/src/Illuminate/Database/Migrations/Migrator.php(304): Illuminate\\Database\\Migrations\\Migrator->runDown('/Users/recycle/...', Object(stdClass), false)
#15 /Users/recycle/work/htain-thein-be/vendor/laravel/framework/src/Illuminate/Database/Migrations/Migrator.php(359): Illuminate\\Database\\Migrations\\Migrator->rollbackMigrations(Array, Array, Array)
#16 /Users/recycle/work/htain-thein-be/vendor/laravel/framework/src/Illuminate/Database/Migrations/Migrator.php(335): Illuminate\\Database\\Migrations\\Migrator->resetMigrations(Array, Array, false)
#17 /Users/recycle/work/htain-thein-be/vendor/laravel/framework/src/Illuminate/Database/Console/Migrations/ResetCommand.php(66): Illuminate\\Database\\Migrations\\Migrator->reset(Array, false)
#18 /Users/recycle/work/htain-thein-be/vendor/laravel/framework/src/Illuminate/Database/Migrations/Migrator.php(633): Illuminate\\Database\\Console\\Migrations\\ResetCommand->Illuminate\\Database\\Console\\Migrations\\{closure}()
#19 /Users/recycle/work/htain-thein-be/vendor/laravel/framework/src/Illuminate/Database/Console/Migrations/ResetCommand.php(58): Illuminate\\Database\\Migrations\\Migrator->usingConnection(NULL, Object(Closure))
#20 /Users/recycle/work/htain-thein-be/vendor/laravel/framework/src/Illuminate/Container/BoundMethod.php(36): Illuminate\\Database\\Console\\Migrations\\ResetCommand->handle()
#21 /Users/recycle/work/htain-thein-be/vendor/laravel/framework/src/Illuminate/Container/Util.php(41): Illuminate\\Container\\BoundMethod::Illuminate\\Container\\{closure}()
#22 /Users/recycle/work/htain-thein-be/vendor/laravel/framework/src/Illuminate/Container/BoundMethod.php(93): Illuminate\\Container\\Util::unwrapIfClosure(Object(Closure))
#23 /Users/recycle/work/htain-thein-be/vendor/laravel/framework/src/Illuminate/Container/BoundMethod.php(35): Illuminate\\Container\\BoundMethod::callBoundMethod(Object(Illuminate\\Foundation\\Application), Array, Object(Closure))
#24 /Users/recycle/work/htain-thein-be/vendor/laravel/framework/src/Illuminate/Container/Container.php(662): Illuminate\\Container\\BoundMethod::call(Object(Illuminate\\Foundation\\Application), Array, Array, NULL)
#25 /Users/recycle/work/htain-thein-be/vendor/laravel/framework/src/Illuminate/Console/Command.php(211): Illuminate\\Container\\Container->call(Array)
#26 /Users/recycle/work/htain-thein-be/vendor/symfony/console/Command/Command.php(326): Illuminate\\Console\\Command->execute(Object(Symfony\\Component\\Console\\Input\\ArrayInput), Object(Illuminate\\Console\\OutputStyle))
#27 /Users/recycle/work/htain-thein-be/vendor/laravel/framework/src/Illuminate/Console/Command.php(180): Symfony\\Component\\Console\\Command\\Command->run(Object(Symfony\\Component\\Console\\Input\\ArrayInput), Object(Illuminate\\Console\\OutputStyle))
#28 /Users/recycle/work/htain-thein-be/vendor/laravel/framework/src/Illuminate/Console/Concerns/CallsCommands.php(67): Illuminate\\Console\\Command->run(Object(Symfony\\Component\\Console\\Input\\ArrayInput), Object(Illuminate\\Console\\OutputStyle))
#29 /Users/recycle/work/htain-thein-be/vendor/laravel/framework/src/Illuminate/Console/Concerns/CallsCommands.php(28): Illuminate\\Console\\Command->runCommand('migrate:reset', Array, Object(Illuminate\\Console\\OutputStyle))
#30 /Users/recycle/work/htain-thein-be/vendor/laravel/framework/src/Illuminate/Database/Console/Migrations/RefreshCommand.php(109): Illuminate\\Console\\Command->call('migrate:reset', Array)
#31 /Users/recycle/work/htain-thein-be/vendor/laravel/framework/src/Illuminate/Database/Console/Migrations/RefreshCommand.php(55): Illuminate\\Database\\Console\\Migrations\\RefreshCommand->runReset(NULL, Array)
#32 /Users/recycle/work/htain-thein-be/vendor/laravel/framework/src/Illuminate/Container/BoundMethod.php(36): Illuminate\\Database\\Console\\Migrations\\RefreshCommand->handle()
#33 /Users/recycle/work/htain-thein-be/vendor/laravel/framework/src/Illuminate/Container/Util.php(41): Illuminate\\Container\\BoundMethod::Illuminate\\Container\\{closure}()
#34 /Users/recycle/work/htain-thein-be/vendor/laravel/framework/src/Illuminate/Container/BoundMethod.php(93): Illuminate\\Container\\Util::unwrapIfClosure(Object(Closure))
#35 /Users/recycle/work/htain-thein-be/vendor/laravel/framework/src/Illuminate/Container/BoundMethod.php(35): Illuminate\\Container\\BoundMethod::callBoundMethod(Object(Illuminate\\Foundation\\Application), Array, Object(Closure))
#36 /Users/recycle/work/htain-thein-be/vendor/laravel/framework/src/Illuminate/Container/Container.php(662): Illuminate\\Container\\BoundMethod::call(Object(Illuminate\\Foundation\\Application), Array, Array, NULL)
#37 /Users/recycle/work/htain-thein-be/vendor/laravel/framework/src/Illuminate/Console/Command.php(211): Illuminate\\Container\\Container->call(Array)
#38 /Users/recycle/work/htain-thein-be/vendor/symfony/console/Command/Command.php(326): Illuminate\\Console\\Command->execute(Object(Symfony\\Component\\Console\\Input\\ArgvInput), Object(Illuminate\\Console\\OutputStyle))
#39 /Users/recycle/work/htain-thein-be/vendor/laravel/framework/src/Illuminate/Console/Command.php(180): Symfony\\Component\\Console\\Command\\Command->run(Object(Symfony\\Component\\Console\\Input\\ArgvInput), Object(Illuminate\\Console\\OutputStyle))
#40 /Users/recycle/work/htain-thein-be/vendor/symfony/console/Application.php(1096): Illuminate\\Console\\Command->run(Object(Symfony\\Component\\Console\\Input\\ArgvInput), Object(Symfony\\Component\\Console\\Output\\ConsoleOutput))
#41 /Users/recycle/work/htain-thein-be/vendor/symfony/console/Application.php(324): Symfony\\Component\\Console\\Application->doRunCommand(Object(Illuminate\\Database\\Console\\Migrations\\RefreshCommand), Object(Symfony\\Component\\Console\\Input\\ArgvInput), Object(Symfony\\Component\\Console\\Output\\ConsoleOutput))
#42 /Users/recycle/work/htain-thein-be/vendor/symfony/console/Application.php(175): Symfony\\Component\\Console\\Application->doRun(Object(Symfony\\Component\\Console\\Input\\ArgvInput), Object(Symfony\\Component\\Console\\Output\\ConsoleOutput))
#43 /Users/recycle/work/htain-thein-be/vendor/laravel/framework/src/Illuminate/Foundation/Console/Kernel.php(201): Symfony\\Component\\Console\\Application->run(Object(Symfony\\Component\\Console\\Input\\ArgvInput), Object(Symfony\\Component\\Console\\Output\\ConsoleOutput))
#44 /Users/recycle/work/htain-thein-be/artisan(35): Illuminate\\Foundation\\Console\\Kernel->handle(Object(Symfony\\Component\\Console\\Input\\ArgvInput), Object(Symfony\\Component\\Console\\Output\\ConsoleOutput))
#45 {main}

[previous exception] [object] (PDOException(code: 42000): SQLSTATE[42000]: Syntax error or access violation: 1091 Can't DROP 'read_at'; check that column/key exists at /Users/recycle/work/htain-thein-be/vendor/laravel/framework/src/Illuminate/Database/Connection.php:587)
[stacktrace]
#0 /Users/recycle/work/htain-thein-be/vendor/laravel/framework/src/Illuminate/Database/Connection.php(587): PDOStatement->execute()
#1 /Users/recycle/work/htain-thein-be/vendor/laravel/framework/src/Illuminate/Database/Connection.php(816): Illuminate\\Database\\Connection->Illuminate\\Database\\{closure}('alter table `no...', Array)
#2 /Users/recycle/work/htain-thein-be/vendor/laravel/framework/src/Illuminate/Database/Connection.php(783): Illuminate\\Database\\Connection->runQueryCallback('alter table `no...', Array, Object(Closure))
#3 /Users/recycle/work/htain-thein-be/vendor/laravel/framework/src/Illuminate/Database/Connection.php(576): Illuminate\\Database\\Connection->run('alter table `no...', Array, Object(Closure))
#4 /Users/recycle/work/htain-thein-be/vendor/laravel/framework/src/Illuminate/Database/Schema/Blueprint.php(110): Illuminate\\Database\\Connection->statement('alter table `no...')
#5 /Users/recycle/work/htain-thein-be/vendor/laravel/framework/src/Illuminate/Database/Schema/Builder.php(602): Illuminate\\Database\\Schema\\Blueprint->build(Object(Illuminate\\Database\\MySqlConnection), Object(Illuminate\\Database\\Schema\\Grammars\\MySqlGrammar))
#6 /Users/recycle/work/htain-thein-be/vendor/laravel/framework/src/Illuminate/Database/Schema/Builder.php(444): Illuminate\\Database\\Schema\\Builder->build(Object(Illuminate\\Database\\Schema\\Blueprint))
#7 /Users/recycle/work/htain-thein-be/vendor/laravel/framework/src/Illuminate/Support/Facades/Facade.php(355): Illuminate\\Database\\Schema\\Builder->table('noti_infos', Object(Closure))
#8 /Users/recycle/work/htain-thein-be/database/migrations/2025_01_09_154803_add_read_at_to_noti_infos_table.php(17): Illuminate\\Support\\Facades\\Facade::__callStatic('table', Array)
#9 /Users/recycle/work/htain-thein-be/vendor/laravel/framework/src/Illuminate/Database/Migrations/Migrator.php(493): Illuminate\\Database\\Migrations\\Migration@anonymous->down()
#10 /Users/recycle/work/htain-thein-be/vendor/laravel/framework/src/Illuminate/Database/Migrations/Migrator.php(410): Illuminate\\Database\\Migrations\\Migrator->runMethod(Object(Illuminate\\Database\\MySqlConnection), Object(Illuminate\\Database\\Migrations\\Migration@anonymous), 'down')
#11 /Users/recycle/work/htain-thein-be/vendor/laravel/framework/src/Illuminate/Database/Migrations/Migrator.php(419): Illuminate\\Database\\Migrations\\Migrator->Illuminate\\Database\\Migrations\\{closure}()
#12 /Users/recycle/work/htain-thein-be/vendor/laravel/framework/src/Illuminate/Database/Migrations/Migrator.php(385): Illuminate\\Database\\Migrations\\Migrator->runMigration(Object(Illuminate\\Database\\Migrations\\Migration@anonymous), 'down')
#13 /Users/recycle/work/htain-thein-be/vendor/laravel/framework/src/Illuminate/Console/View/Components/Task.php(37): Illuminate\\Database\\Migrations\\Migrator->Illuminate\\Database\\Migrations\\{closure}()
#14 /Users/recycle/work/htain-thein-be/vendor/laravel/framework/src/Illuminate/Database/Migrations/Migrator.php(756): Illuminate\\Console\\View\\Components\\Task->render('2025_01_09_1548...', Object(Closure))
#15 /Users/recycle/work/htain-thein-be/vendor/laravel/framework/src/Illuminate/Database/Migrations/Migrator.php(385): Illuminate\\Database\\Migrations\\Migrator->write('Illuminate\\\\Cons...', '2025_01_09_1548...', Object(Closure))
#16 /Users/recycle/work/htain-thein-be/vendor/laravel/framework/src/Illuminate/Database/Migrations/Migrator.php(304): Illuminate\\Database\\Migrations\\Migrator->runDown('/Users/recycle/...', Object(stdClass), false)
#17 /Users/recycle/work/htain-thein-be/vendor/laravel/framework/src/Illuminate/Database/Migrations/Migrator.php(359): Illuminate\\Database\\Migrations\\Migrator->rollbackMigrations(Array, Array, Array)
#18 /Users/recycle/work/htain-thein-be/vendor/laravel/framework/src/Illuminate/Database/Migrations/Migrator.php(335): Illuminate\\Database\\Migrations\\Migrator->resetMigrations(Array, Array, false)
#19 /Users/recycle/work/htain-thein-be/vendor/laravel/framework/src/Illuminate/Database/Console/Migrations/ResetCommand.php(66): Illuminate\\Database\\Migrations\\Migrator->reset(Array, false)
#20 /Users/recycle/work/htain-thein-be/vendor/laravel/framework/src/Illuminate/Database/Migrations/Migrator.php(633): Illuminate\\Database\\Console\\Migrations\\ResetCommand->Illuminate\\Database\\Console\\Migrations\\{closure}()
#21 /Users/recycle/work/htain-thein-be/vendor/laravel/framework/src/Illuminate/Database/Console/Migrations/ResetCommand.php(58): Illuminate\\Database\\Migrations\\Migrator->usingConnection(NULL, Object(Closure))
#22 /Users/recycle/work/htain-thein-be/vendor/laravel/framework/src/Illuminate/Container/BoundMethod.php(36): Illuminate\\Database\\Console\\Migrations\\ResetCommand->handle()
#23 /Users/recycle/work/htain-thein-be/vendor/laravel/framework/src/Illuminate/Container/Util.php(41): Illuminate\\Container\\BoundMethod::Illuminate\\Container\\{closure}()
#24 /Users/recycle/work/htain-thein-be/vendor/laravel/framework/src/Illuminate/Container/BoundMethod.php(93): Illuminate\\Container\\Util::unwrapIfClosure(Object(Closure))
#25 /Users/recycle/work/htain-thein-be/vendor/laravel/framework/src/Illuminate/Container/BoundMethod.php(35): Illuminate\\Container\\BoundMethod::callBoundMethod(Object(Illuminate\\Foundation\\Application), Array, Object(Closure))
#26 /Users/recycle/work/htain-thein-be/vendor/laravel/framework/src/Illuminate/Container/Container.php(662): Illuminate\\Container\\BoundMethod::call(Object(Illuminate\\Foundation\\Application), Array, Array, NULL)
#27 /Users/recycle/work/htain-thein-be/vendor/laravel/framework/src/Illuminate/Console/Command.php(211): Illuminate\\Container\\Container->call(Array)
#28 /Users/recycle/work/htain-thein-be/vendor/symfony/console/Command/Command.php(326): Illuminate\\Console\\Command->execute(Object(Symfony\\Component\\Console\\Input\\ArrayInput), Object(Illuminate\\Console\\OutputStyle))
#29 /Users/recycle/work/htain-thein-be/vendor/laravel/framework/src/Illuminate/Console/Command.php(180): Symfony\\Component\\Console\\Command\\Command->run(Object(Symfony\\Component\\Console\\Input\\ArrayInput), Object(Illuminate\\Console\\OutputStyle))
#30 /Users/recycle/work/htain-thein-be/vendor/laravel/framework/src/Illuminate/Console/Concerns/CallsCommands.php(67): Illuminate\\Console\\Command->run(Object(Symfony\\Component\\Console\\Input\\ArrayInput), Object(Illuminate\\Console\\OutputStyle))
#31 /Users/recycle/work/htain-thein-be/vendor/laravel/framework/src/Illuminate/Console/Concerns/CallsCommands.php(28): Illuminate\\Console\\Command->runCommand('migrate:reset', Array, Object(Illuminate\\Console\\OutputStyle))
#32 /Users/recycle/work/htain-thein-be/vendor/laravel/framework/src/Illuminate/Database/Console/Migrations/RefreshCommand.php(109): Illuminate\\Console\\Command->call('migrate:reset', Array)
#33 /Users/recycle/work/htain-thein-be/vendor/laravel/framework/src/Illuminate/Database/Console/Migrations/RefreshCommand.php(55): Illuminate\\Database\\Console\\Migrations\\RefreshCommand->runReset(NULL, Array)
#34 /Users/recycle/work/htain-thein-be/vendor/laravel/framework/src/Illuminate/Container/BoundMethod.php(36): Illuminate\\Database\\Console\\Migrations\\RefreshCommand->handle()
#35 /Users/recycle/work/htain-thein-be/vendor/laravel/framework/src/Illuminate/Container/Util.php(41): Illuminate\\Container\\BoundMethod::Illuminate\\Container\\{closure}()
#36 /Users/recycle/work/htain-thein-be/vendor/laravel/framework/src/Illuminate/Container/BoundMethod.php(93): Illuminate\\Container\\Util::unwrapIfClosure(Object(Closure))
#37 /Users/recycle/work/htain-thein-be/vendor/laravel/framework/src/Illuminate/Container/BoundMethod.php(35): Illuminate\\Container\\BoundMethod::callBoundMethod(Object(Illuminate\\Foundation\\Application), Array, Object(Closure))
#38 /Users/recycle/work/htain-thein-be/vendor/laravel/framework/src/Illuminate/Container/Container.php(662): Illuminate\\Container\\BoundMethod::call(Object(Illuminate\\Foundation\\Application), Array, Array, NULL)
#39 /Users/recycle/work/htain-thein-be/vendor/laravel/framework/src/Illuminate/Console/Command.php(211): Illuminate\\Container\\Container->call(Array)
#40 /Users/recycle/work/htain-thein-be/vendor/symfony/console/Command/Command.php(326): Illuminate\\Console\\Command->execute(Object(Symfony\\Component\\Console\\Input\\ArgvInput), Object(Illuminate\\Console\\OutputStyle))
#41 /Users/recycle/work/htain-thein-be/vendor/laravel/framework/src/Illuminate/Console/Command.php(180): Symfony\\Component\\Console\\Command\\Command->run(Object(Symfony\\Component\\Console\\Input\\ArgvInput), Object(Illuminate\\Console\\OutputStyle))
#42 /Users/recycle/work/htain-thein-be/vendor/symfony/console/Application.php(1096): Illuminate\\Console\\Command->run(Object(Symfony\\Component\\Console\\Input\\ArgvInput), Object(Symfony\\Component\\Console\\Output\\ConsoleOutput))
#43 /Users/recycle/work/htain-thein-be/vendor/symfony/console/Application.php(324): Symfony\\Component\\Console\\Application->doRunCommand(Object(Illuminate\\Database\\Console\\Migrations\\RefreshCommand), Object(Symfony\\Component\\Console\\Input\\ArgvInput), Object(Symfony\\Component\\Console\\Output\\ConsoleOutput))
#44 /Users/recycle/work/htain-thein-be/vendor/symfony/console/Application.php(175): Symfony\\Component\\Console\\Application->doRun(Object(Symfony\\Component\\Console\\Input\\ArgvInput), Object(Symfony\\Component\\Console\\Output\\ConsoleOutput))
#45 /Users/recycle/work/htain-thein-be/vendor/laravel/framework/src/Illuminate/Foundation/Console/Kernel.php(201): Symfony\\Component\\Console\\Application->run(Object(Symfony\\Component\\Console\\Input\\ArgvInput), Object(Symfony\\Component\\Console\\Output\\ConsoleOutput))
#46 /Users/recycle/work/htain-thein-be/artisan(35): Illuminate\\Foundation\\Console\\Kernel->handle(Object(Symfony\\Component\\Console\\Input\\ArgvInput), Object(Symfony\\Component\\Console\\Output\\ConsoleOutput))
#47 {main}
"} 
[2025-01-21 13:15:10] local.ERROR: SQLSTATE[23000]: Integrity constraint violation: 1452 Cannot add or update a child row: a foreign key constraint fails (`htainthein`.`noti_infos`, CONSTRAINT `noti_infos_announcement_id_foreign` FOREIGN KEY (`announcement_id`) REFERENCES `announcements` (`id`) ON DELETE CASCADE) (Connection: mysql, SQL: insert into `noti_infos` (`announcement_id`, `created_at`, `firebase_notification_id`, `last_viewed_at`, `report_id`, `updated_at`, `user_id`) values (8, 2024-11-18T10:43:59.000000Z, 5, 2024-05-09T22:29:30.000000Z, 25, 2024-07-13T14:03:11.000000Z, 1), (4, 2024-11-05T12:22:19.000000Z, 8, 2024-04-01T20:56:08.000000Z, 14, 2024-02-16T12:13:26.000000Z, 4), (5, 2024-05-12T01:17:04.000000Z, 4, 2024-09-13T09:21:18.000000Z, 15, 2024-05-25T19:47:09.000000Z, 3), (2, 2024-06-08T19:28:19.000000Z, 3, 2024-03-17T23:10:31.000000Z, 24, 2024-10-30T10:54:08.000000Z, 1), (3, 2024-09-08T16:09:07.000000Z, 1, 2024-10-04T02:35:29.000000Z, 20, 2024-02-11T20:01:54.000000Z, 2), (6, 2024-04-03T12:57:16.000000Z, 1, 2024-04-23T12:16:34.000000Z, 7, 2024-02-16T13:56:37.000000Z, 5), (6, 2024-10-13T15:25:20.000000Z, 2, 2024-11-23T23:46:03.000000Z, 24, 2024-06-16T03:23:04.000000Z, 2), (5, 2024-01-27T04:38:14.000000Z, 1, 2024-04-06T16:15:59.000000Z, 6, 2024-12-22T12:42:06.000000Z, 5), (3, 2024-08-22T07:23:18.000000Z, 5, 2024-07-16T21:12:32.000000Z, 19, 2024-05-07T13:36:37.000000Z, 5), (8, 2024-08-17T11:36:18.000000Z, 5, 2024-05-20T22:17:58.000000Z, 26, 2024-08-01T09:51:35.000000Z, 3), (9, 2024-06-24T13:21:41.000000Z, 4, 2024-08-17T09:18:06.000000Z, 8, 2024-07-26T03:55:51.000000Z, 2), (3, 2024-03-05T08:20:14.000000Z, 3, 2024-03-29T04:36:53.000000Z, 18, 2024-08-01T20:00:24.000000Z, 1), (2, 2024-08-08T16:28:59.000000Z, 10, 2024-04-05T11:48:02.000000Z, 29, 2025-01-09T08:38:16.000000Z, 2), (8, 2024-07-05T13:47:34.000000Z, 7, 2024-08-22T11:49:34.000000Z, 5, 2024-11-20T13:01:10.000000Z, 2), (4, 2024-10-01T01:11:25.000000Z, 10, 2025-01-16T12:13:46.000000Z, 13, 2025-01-10T09:53:48.000000Z, 3), (4, 2024-12-11T07:37:05.000000Z, 2, 2024-11-19T12:05:51.000000Z, 17, 2024-11-08T06:03:17.000000Z, 3), (8, 2024-10-02T00:14:45.000000Z, 1, 2024-09-22T15:06:05.000000Z, 20, 2025-01-01T11:13:28.000000Z, 5), (7, 2024-03-17T03:41:00.000000Z, 10, 2024-06-28T21:56:51.000000Z, 29, 2024-09-24T17:51:01.000000Z, 3), (6, 2024-09-18T03:25:12.000000Z, 5, 2024-03-31T00:36:14.000000Z, 11, 2024-08-04T16:45:01.000000Z, 5), (6, 2024-09-11T05:45:17.000000Z, 1, 2024-12-15T11:36:34.000000Z, 6, 2024-09-12T10:01:19.000000Z, 3), (3, 2024-09-11T14:25:55.000000Z, 8, 2024-08-25T11:52:50.000000Z, 13, 2024-07-04T17:14:31.000000Z, 3), (7, 2024-06-18T10:10:32.000000Z, 1, 2024-04-27T01:10:08.000000Z, 22, 2024-05-15T17:42:49.000000Z, 3), (7, 2024-09-13T03:07:11.000000Z, 5, 2024-11-20T22:44:48.000000Z, 30, 2024-02-05T19:08:27.000000Z, 1), (9, 2024-12-30T22:36:31.000000Z, 5, 2024-10-13T19:17:04.000000Z, 4, 2024-12-07T03:58:50.000000Z, 1), (5, 2024-06-03T07:17:06.000000Z, 5, 2024-08-22T23:55:34.000000Z, 23, 2024-08-12T13:39:31.000000Z, 3), (10, 2024-10-11T17:04:30.000000Z, 8, 2025-01-17T06:09:46.000000Z, 29, 2024-06-07T12:00:11.000000Z, 2), (10, 2024-10-02T13:32:44.000000Z, 8, 2024-07-12T13:43:17.000000Z, 10, 2024-01-30T00:43:00.000000Z, 1), (7, 2024-02-24T14:10:39.000000Z, 8, 2024-05-04T01:14:04.000000Z, 24, 2024-02-06T19:13:46.000000Z, 3), (8, 2024-12-09T05:31:46.000000Z, 5, 2024-11-13T08:40:14.000000Z, 19, 2024-01-29T00:00:04.000000Z, 3), (10, 2024-01-29T05:37:14.000000Z, 9, 2024-10-15T12:20:15.000000Z, 16, 2024-10-05T07:30:02.000000Z, 3)) {"exception":"[object] (Illuminate\\Database\\QueryException(code: 23000): SQLSTATE[23000]: Integrity constraint violation: 1452 Cannot add or update a child row: a foreign key constraint fails (`htainthein`.`noti_infos`, CONSTRAINT `noti_infos_announcement_id_foreign` FOREIGN KEY (`announcement_id`) REFERENCES `announcements` (`id`) ON DELETE CASCADE) (Connection: mysql, SQL: insert into `noti_infos` (`announcement_id`, `created_at`, `firebase_notification_id`, `last_viewed_at`, `report_id`, `updated_at`, `user_id`) values (8, 2024-11-18T10:43:59.000000Z, 5, 2024-05-09T22:29:30.000000Z, 25, 2024-07-13T14:03:11.000000Z, 1), (4, 2024-11-05T12:22:19.000000Z, 8, 2024-04-01T20:56:08.000000Z, 14, 2024-02-16T12:13:26.000000Z, 4), (5, 2024-05-12T01:17:04.000000Z, 4, 2024-09-13T09:21:18.000000Z, 15, 2024-05-25T19:47:09.000000Z, 3), (2, 2024-06-08T19:28:19.000000Z, 3, 2024-03-17T23:10:31.000000Z, 24, 2024-10-30T10:54:08.000000Z, 1), (3, 2024-09-08T16:09:07.000000Z, 1, 2024-10-04T02:35:29.000000Z, 20, 2024-02-11T20:01:54.000000Z, 2), (6, 2024-04-03T12:57:16.000000Z, 1, 2024-04-23T12:16:34.000000Z, 7, 2024-02-16T13:56:37.000000Z, 5), (6, 2024-10-13T15:25:20.000000Z, 2, 2024-11-23T23:46:03.000000Z, 24, 2024-06-16T03:23:04.000000Z, 2), (5, 2024-01-27T04:38:14.000000Z, 1, 2024-04-06T16:15:59.000000Z, 6, 2024-12-22T12:42:06.000000Z, 5), (3, 2024-08-22T07:23:18.000000Z, 5, 2024-07-16T21:12:32.000000Z, 19, 2024-05-07T13:36:37.000000Z, 5), (8, 2024-08-17T11:36:18.000000Z, 5, 2024-05-20T22:17:58.000000Z, 26, 2024-08-01T09:51:35.000000Z, 3), (9, 2024-06-24T13:21:41.000000Z, 4, 2024-08-17T09:18:06.000000Z, 8, 2024-07-26T03:55:51.000000Z, 2), (3, 2024-03-05T08:20:14.000000Z, 3, 2024-03-29T04:36:53.000000Z, 18, 2024-08-01T20:00:24.000000Z, 1), (2, 2024-08-08T16:28:59.000000Z, 10, 2024-04-05T11:48:02.000000Z, 29, 2025-01-09T08:38:16.000000Z, 2), (8, 2024-07-05T13:47:34.000000Z, 7, 2024-08-22T11:49:34.000000Z, 5, 2024-11-20T13:01:10.000000Z, 2), (4, 2024-10-01T01:11:25.000000Z, 10, 2025-01-16T12:13:46.000000Z, 13, 2025-01-10T09:53:48.000000Z, 3), (4, 2024-12-11T07:37:05.000000Z, 2, 2024-11-19T12:05:51.000000Z, 17, 2024-11-08T06:03:17.000000Z, 3), (8, 2024-10-02T00:14:45.000000Z, 1, 2024-09-22T15:06:05.000000Z, 20, 2025-01-01T11:13:28.000000Z, 5), (7, 2024-03-17T03:41:00.000000Z, 10, 2024-06-28T21:56:51.000000Z, 29, 2024-09-24T17:51:01.000000Z, 3), (6, 2024-09-18T03:25:12.000000Z, 5, 2024-03-31T00:36:14.000000Z, 11, 2024-08-04T16:45:01.000000Z, 5), (6, 2024-09-11T05:45:17.000000Z, 1, 2024-12-15T11:36:34.000000Z, 6, 2024-09-12T10:01:19.000000Z, 3), (3, 2024-09-11T14:25:55.000000Z, 8, 2024-08-25T11:52:50.000000Z, 13, 2024-07-04T17:14:31.000000Z, 3), (7, 2024-06-18T10:10:32.000000Z, 1, 2024-04-27T01:10:08.000000Z, 22, 2024-05-15T17:42:49.000000Z, 3), (7, 2024-09-13T03:07:11.000000Z, 5, 2024-11-20T22:44:48.000000Z, 30, 2024-02-05T19:08:27.000000Z, 1), (9, 2024-12-30T22:36:31.000000Z, 5, 2024-10-13T19:17:04.000000Z, 4, 2024-12-07T03:58:50.000000Z, 1), (5, 2024-06-03T07:17:06.000000Z, 5, 2024-08-22T23:55:34.000000Z, 23, 2024-08-12T13:39:31.000000Z, 3), (10, 2024-10-11T17:04:30.000000Z, 8, 2025-01-17T06:09:46.000000Z, 29, 2024-06-07T12:00:11.000000Z, 2), (10, 2024-10-02T13:32:44.000000Z, 8, 2024-07-12T13:43:17.000000Z, 10, 2024-01-30T00:43:00.000000Z, 1), (7, 2024-02-24T14:10:39.000000Z, 8, 2024-05-04T01:14:04.000000Z, 24, 2024-02-06T19:13:46.000000Z, 3), (8, 2024-12-09T05:31:46.000000Z, 5, 2024-11-13T08:40:14.000000Z, 19, 2024-01-29T00:00:04.000000Z, 3), (10, 2024-01-29T05:37:14.000000Z, 9, 2024-10-15T12:20:15.000000Z, 16, 2024-10-05T07:30:02.000000Z, 3)) at /Users/recycle/work/htain-thein-be/vendor/laravel/framework/src/Illuminate/Database/Connection.php:829)
[stacktrace]
#0 /Users/recycle/work/htain-thein-be/vendor/laravel/framework/src/Illuminate/Database/Connection.php(783): Illuminate\\Database\\Connection->runQueryCallback('insert into `no...', Array, Object(Closure))
#1 /Users/recycle/work/htain-thein-be/vendor/laravel/framework/src/Illuminate/Database/MySqlConnection.php(34): Illuminate\\Database\\Connection->run('insert into `no...', Array, Object(Closure))
#2 /Users/recycle/work/htain-thein-be/vendor/laravel/framework/src/Illuminate/Database/Query/Builder.php(3498): Illuminate\\Database\\MySqlConnection->insert('insert into `no...', Array)
#3 /Users/recycle/work/htain-thein-be/vendor/laravel/framework/src/Illuminate/Database/Eloquent/Builder.php(1982): Illuminate\\Database\\Query\\Builder->insert(Array)
#4 /Users/recycle/work/htain-thein-be/vendor/laravel/framework/src/Illuminate/Support/Traits/ForwardsCalls.php(23): Illuminate\\Database\\Eloquent\\Builder->__call('insert', Array)
#5 /Users/recycle/work/htain-thein-be/vendor/laravel/framework/src/Illuminate/Database/Eloquent/Model.php(2335): Illuminate\\Database\\Eloquent\\Model->forwardCallTo(Object(Illuminate\\Database\\Eloquent\\Builder), 'insert', Array)
#6 /Users/recycle/work/htain-thein-be/vendor/laravel/framework/src/Illuminate/Database/Eloquent/Model.php(2347): Illuminate\\Database\\Eloquent\\Model->__call('insert', Array)
#7 /Users/recycle/work/htain-thein-be/database/seeders/NotiInfoSeeder.php(19): Illuminate\\Database\\Eloquent\\Model::__callStatic('insert', Array)
#8 /Users/recycle/work/htain-thein-be/vendor/laravel/framework/src/Illuminate/Collections/Traits/EnumeratesValues.php(240): Database\\Seeders\\NotiInfoSeeder->Database\\Seeders\\{closure}(Object(Illuminate\\Database\\Eloquent\\Collection), 0)
#9 /Users/recycle/work/htain-thein-be/database/seeders/NotiInfoSeeder.php(18): Illuminate\\Support\\Collection->each(Object(Closure))
#10 /Users/recycle/work/htain-thein-be/vendor/laravel/framework/src/Illuminate/Container/BoundMethod.php(36): Database\\Seeders\\NotiInfoSeeder->run()
#11 /Users/recycle/work/htain-thein-be/vendor/laravel/framework/src/Illuminate/Container/Util.php(41): Illuminate\\Container\\BoundMethod::Illuminate\\Container\\{closure}()
#12 /Users/recycle/work/htain-thein-be/vendor/laravel/framework/src/Illuminate/Container/BoundMethod.php(93): Illuminate\\Container\\Util::unwrapIfClosure(Object(Closure))
#13 /Users/recycle/work/htain-thein-be/vendor/laravel/framework/src/Illuminate/Container/BoundMethod.php(35): Illuminate\\Container\\BoundMethod::callBoundMethod(Object(Illuminate\\Foundation\\Application), Array, Object(Closure))
#14 /Users/recycle/work/htain-thein-be/vendor/laravel/framework/src/Illuminate/Container/Container.php(662): Illuminate\\Container\\BoundMethod::call(Object(Illuminate\\Foundation\\Application), Array, Array, NULL)
#15 /Users/recycle/work/htain-thein-be/vendor/laravel/framework/src/Illuminate/Database/Seeder.php(184): Illuminate\\Container\\Container->call(Array, Array)
#16 /Users/recycle/work/htain-thein-be/vendor/laravel/framework/src/Illuminate/Database/Seeder.php(193): Illuminate\\Database\\Seeder->Illuminate\\Database\\{closure}()
#17 /Users/recycle/work/htain-thein-be/vendor/laravel/framework/src/Illuminate/Database/Seeder.php(61): Illuminate\\Database\\Seeder->__invoke(Array)
#18 /Users/recycle/work/htain-thein-be/database/seeders/DatabaseSeeder.php(16): Illuminate\\Database\\Seeder->call('Database\\\\Seeder...')
#19 /Users/recycle/work/htain-thein-be/vendor/laravel/framework/src/Illuminate/Container/BoundMethod.php(36): Database\\Seeders\\DatabaseSeeder->run()
#20 /Users/recycle/work/htain-thein-be/vendor/laravel/framework/src/Illuminate/Container/Util.php(41): Illuminate\\Container\\BoundMethod::Illuminate\\Container\\{closure}()
#21 /Users/recycle/work/htain-thein-be/vendor/laravel/framework/src/Illuminate/Container/BoundMethod.php(93): Illuminate\\Container\\Util::unwrapIfClosure(Object(Closure))
#22 /Users/recycle/work/htain-thein-be/vendor/laravel/framework/src/Illuminate/Container/BoundMethod.php(35): Illuminate\\Container\\BoundMethod::callBoundMethod(Object(Illuminate\\Foundation\\Application), Array, Object(Closure))
#23 /Users/recycle/work/htain-thein-be/vendor/laravel/framework/src/Illuminate/Container/Container.php(662): Illuminate\\Container\\BoundMethod::call(Object(Illuminate\\Foundation\\Application), Array, Array, NULL)
#24 /Users/recycle/work/htain-thein-be/vendor/laravel/framework/src/Illuminate/Database/Seeder.php(184): Illuminate\\Container\\Container->call(Array, Array)
#25 /Users/recycle/work/htain-thein-be/vendor/laravel/framework/src/Illuminate/Database/Seeder.php(193): Illuminate\\Database\\Seeder->Illuminate\\Database\\{closure}()
#26 /Users/recycle/work/htain-thein-be/vendor/laravel/framework/src/Illuminate/Database/Console/Seeds/SeedCommand.php(70): Illuminate\\Database\\Seeder->__invoke()
#27 /Users/recycle/work/htain-thein-be/vendor/laravel/framework/src/Illuminate/Database/Eloquent/Concerns/GuardsAttributes.php(155): Illuminate\\Database\\Console\\Seeds\\SeedCommand->Illuminate\\Database\\Console\\Seeds\\{closure}()
#28 /Users/recycle/work/htain-thein-be/vendor/laravel/framework/src/Illuminate/Database/Console/Seeds/SeedCommand.php(69): Illuminate\\Database\\Eloquent\\Model::unguarded(Object(Closure))
#29 /Users/recycle/work/htain-thein-be/vendor/laravel/framework/src/Illuminate/Container/BoundMethod.php(36): Illuminate\\Database\\Console\\Seeds\\SeedCommand->handle()
#30 /Users/recycle/work/htain-thein-be/vendor/laravel/framework/src/Illuminate/Container/Util.php(41): Illuminate\\Container\\BoundMethod::Illuminate\\Container\\{closure}()
#31 /Users/recycle/work/htain-thein-be/vendor/laravel/framework/src/Illuminate/Container/BoundMethod.php(93): Illuminate\\Container\\Util::unwrapIfClosure(Object(Closure))
#32 /Users/recycle/work/htain-thein-be/vendor/laravel/framework/src/Illuminate/Container/BoundMethod.php(35): Illuminate\\Container\\BoundMethod::callBoundMethod(Object(Illuminate\\Foundation\\Application), Array, Object(Closure))
#33 /Users/recycle/work/htain-thein-be/vendor/laravel/framework/src/Illuminate/Container/Container.php(662): Illuminate\\Container\\BoundMethod::call(Object(Illuminate\\Foundation\\Application), Array, Array, NULL)
#34 /Users/recycle/work/htain-thein-be/vendor/laravel/framework/src/Illuminate/Console/Command.php(211): Illuminate\\Container\\Container->call(Array)
#35 /Users/recycle/work/htain-thein-be/vendor/symfony/console/Command/Command.php(326): Illuminate\\Console\\Command->execute(Object(Symfony\\Component\\Console\\Input\\ArrayInput), Object(Illuminate\\Console\\OutputStyle))
#36 /Users/recycle/work/htain-thein-be/vendor/laravel/framework/src/Illuminate/Console/Command.php(180): Symfony\\Component\\Console\\Command\\Command->run(Object(Symfony\\Component\\Console\\Input\\ArrayInput), Object(Illuminate\\Console\\OutputStyle))
#37 /Users/recycle/work/htain-thein-be/vendor/laravel/framework/src/Illuminate/Console/Concerns/CallsCommands.php(67): Illuminate\\Console\\Command->run(Object(Symfony\\Component\\Console\\Input\\ArrayInput), Object(Illuminate\\Console\\OutputStyle))
#38 /Users/recycle/work/htain-thein-be/vendor/laravel/framework/src/Illuminate/Console/Concerns/CallsCommands.php(28): Illuminate\\Console\\Command->runCommand('db:seed', Array, Object(Illuminate\\Console\\OutputStyle))
#39 /Users/recycle/work/htain-thein-be/vendor/laravel/framework/src/Illuminate/Database/Console/Migrations/RefreshCommand.php(135): Illuminate\\Console\\Command->call('db:seed', Array)
#40 /Users/recycle/work/htain-thein-be/vendor/laravel/framework/src/Illuminate/Database/Console/Migrations/RefreshCommand.php(75): Illuminate\\Database\\Console\\Migrations\\RefreshCommand->runSeeder(NULL)
#41 /Users/recycle/work/htain-thein-be/vendor/laravel/framework/src/Illuminate/Container/BoundMethod.php(36): Illuminate\\Database\\Console\\Migrations\\RefreshCommand->handle()
#42 /Users/recycle/work/htain-thein-be/vendor/laravel/framework/src/Illuminate/Container/Util.php(41): Illuminate\\Container\\BoundMethod::Illuminate\\Container\\{closure}()
#43 /Users/recycle/work/htain-thein-be/vendor/laravel/framework/src/Illuminate/Container/BoundMethod.php(93): Illuminate\\Container\\Util::unwrapIfClosure(Object(Closure))
#44 /Users/recycle/work/htain-thein-be/vendor/laravel/framework/src/Illuminate/Container/BoundMethod.php(35): Illuminate\\Container\\BoundMethod::callBoundMethod(Object(Illuminate\\Foundation\\Application), Array, Object(Closure))
#45 /Users/recycle/work/htain-thein-be/vendor/laravel/framework/src/Illuminate/Container/Container.php(662): Illuminate\\Container\\BoundMethod::call(Object(Illuminate\\Foundation\\Application), Array, Array, NULL)
#46 /Users/recycle/work/htain-thein-be/vendor/laravel/framework/src/Illuminate/Console/Command.php(211): Illuminate\\Container\\Container->call(Array)
#47 /Users/recycle/work/htain-thein-be/vendor/symfony/console/Command/Command.php(326): Illuminate\\Console\\Command->execute(Object(Symfony\\Component\\Console\\Input\\ArgvInput), Object(Illuminate\\Console\\OutputStyle))
#48 /Users/recycle/work/htain-thein-be/vendor/laravel/framework/src/Illuminate/Console/Command.php(180): Symfony\\Component\\Console\\Command\\Command->run(Object(Symfony\\Component\\Console\\Input\\ArgvInput), Object(Illuminate\\Console\\OutputStyle))
#49 /Users/recycle/work/htain-thein-be/vendor/symfony/console/Application.php(1096): Illuminate\\Console\\Command->run(Object(Symfony\\Component\\Console\\Input\\ArgvInput), Object(Symfony\\Component\\Console\\Output\\ConsoleOutput))
#50 /Users/recycle/work/htain-thein-be/vendor/symfony/console/Application.php(324): Symfony\\Component\\Console\\Application->doRunCommand(Object(Illuminate\\Database\\Console\\Migrations\\RefreshCommand), Object(Symfony\\Component\\Console\\Input\\ArgvInput), Object(Symfony\\Component\\Console\\Output\\ConsoleOutput))
#51 /Users/recycle/work/htain-thein-be/vendor/symfony/console/Application.php(175): Symfony\\Component\\Console\\Application->doRun(Object(Symfony\\Component\\Console\\Input\\ArgvInput), Object(Symfony\\Component\\Console\\Output\\ConsoleOutput))
#52 /Users/recycle/work/htain-thein-be/vendor/laravel/framework/src/Illuminate/Foundation/Console/Kernel.php(201): Symfony\\Component\\Console\\Application->run(Object(Symfony\\Component\\Console\\Input\\ArgvInput), Object(Symfony\\Component\\Console\\Output\\ConsoleOutput))
#53 /Users/recycle/work/htain-thein-be/artisan(35): Illuminate\\Foundation\\Console\\Kernel->handle(Object(Symfony\\Component\\Console\\Input\\ArgvInput), Object(Symfony\\Component\\Console\\Output\\ConsoleOutput))
#54 {main}

[previous exception] [object] (PDOException(code: 23000): SQLSTATE[23000]: Integrity constraint violation: 1452 Cannot add or update a child row: a foreign key constraint fails (`htainthein`.`noti_infos`, CONSTRAINT `noti_infos_announcement_id_foreign` FOREIGN KEY (`announcement_id`) REFERENCES `announcements` (`id`) ON DELETE CASCADE) at /Users/recycle/work/htain-thein-be/vendor/laravel/framework/src/Illuminate/Database/MySqlConnection.php:45)
[stacktrace]
#0 /Users/recycle/work/htain-thein-be/vendor/laravel/framework/src/Illuminate/Database/MySqlConnection.php(45): PDOStatement->execute()
#1 /Users/recycle/work/htain-thein-be/vendor/laravel/framework/src/Illuminate/Database/Connection.php(816): Illuminate\\Database\\MySqlConnection->Illuminate\\Database\\{closure}('insert into `no...', Array)
#2 /Users/recycle/work/htain-thein-be/vendor/laravel/framework/src/Illuminate/Database/Connection.php(783): Illuminate\\Database\\Connection->runQueryCallback('insert into `no...', Array, Object(Closure))
#3 /Users/recycle/work/htain-thein-be/vendor/laravel/framework/src/Illuminate/Database/MySqlConnection.php(34): Illuminate\\Database\\Connection->run('insert into `no...', Array, Object(Closure))
#4 /Users/recycle/work/htain-thein-be/vendor/laravel/framework/src/Illuminate/Database/Query/Builder.php(3498): Illuminate\\Database\\MySqlConnection->insert('insert into `no...', Array)
#5 /Users/recycle/work/htain-thein-be/vendor/laravel/framework/src/Illuminate/Database/Eloquent/Builder.php(1982): Illuminate\\Database\\Query\\Builder->insert(Array)
#6 /Users/recycle/work/htain-thein-be/vendor/laravel/framework/src/Illuminate/Support/Traits/ForwardsCalls.php(23): Illuminate\\Database\\Eloquent\\Builder->__call('insert', Array)
#7 /Users/recycle/work/htain-thein-be/vendor/laravel/framework/src/Illuminate/Database/Eloquent/Model.php(2335): Illuminate\\Database\\Eloquent\\Model->forwardCallTo(Object(Illuminate\\Database\\Eloquent\\Builder), 'insert', Array)
#8 /Users/recycle/work/htain-thein-be/vendor/laravel/framework/src/Illuminate/Database/Eloquent/Model.php(2347): Illuminate\\Database\\Eloquent\\Model->__call('insert', Array)
#9 /Users/recycle/work/htain-thein-be/database/seeders/NotiInfoSeeder.php(19): Illuminate\\Database\\Eloquent\\Model::__callStatic('insert', Array)
#10 /Users/recycle/work/htain-thein-be/vendor/laravel/framework/src/Illuminate/Collections/Traits/EnumeratesValues.php(240): Database\\Seeders\\NotiInfoSeeder->Database\\Seeders\\{closure}(Object(Illuminate\\Database\\Eloquent\\Collection), 0)
#11 /Users/recycle/work/htain-thein-be/database/seeders/NotiInfoSeeder.php(18): Illuminate\\Support\\Collection->each(Object(Closure))
#12 /Users/recycle/work/htain-thein-be/vendor/laravel/framework/src/Illuminate/Container/BoundMethod.php(36): Database\\Seeders\\NotiInfoSeeder->run()
#13 /Users/recycle/work/htain-thein-be/vendor/laravel/framework/src/Illuminate/Container/Util.php(41): Illuminate\\Container\\BoundMethod::Illuminate\\Container\\{closure}()
#14 /Users/recycle/work/htain-thein-be/vendor/laravel/framework/src/Illuminate/Container/BoundMethod.php(93): Illuminate\\Container\\Util::unwrapIfClosure(Object(Closure))
#15 /Users/recycle/work/htain-thein-be/vendor/laravel/framework/src/Illuminate/Container/BoundMethod.php(35): Illuminate\\Container\\BoundMethod::callBoundMethod(Object(Illuminate\\Foundation\\Application), Array, Object(Closure))
#16 /Users/recycle/work/htain-thein-be/vendor/laravel/framework/src/Illuminate/Container/Container.php(662): Illuminate\\Container\\BoundMethod::call(Object(Illuminate\\Foundation\\Application), Array, Array, NULL)
#17 /Users/recycle/work/htain-thein-be/vendor/laravel/framework/src/Illuminate/Database/Seeder.php(184): Illuminate\\Container\\Container->call(Array, Array)
#18 /Users/recycle/work/htain-thein-be/vendor/laravel/framework/src/Illuminate/Database/Seeder.php(193): Illuminate\\Database\\Seeder->Illuminate\\Database\\{closure}()
#19 /Users/recycle/work/htain-thein-be/vendor/laravel/framework/src/Illuminate/Database/Seeder.php(61): Illuminate\\Database\\Seeder->__invoke(Array)
#20 /Users/recycle/work/htain-thein-be/database/seeders/DatabaseSeeder.php(16): Illuminate\\Database\\Seeder->call('Database\\\\Seeder...')
#21 /Users/recycle/work/htain-thein-be/vendor/laravel/framework/src/Illuminate/Container/BoundMethod.php(36): Database\\Seeders\\DatabaseSeeder->run()
#22 /Users/recycle/work/htain-thein-be/vendor/laravel/framework/src/Illuminate/Container/Util.php(41): Illuminate\\Container\\BoundMethod::Illuminate\\Container\\{closure}()
#23 /Users/recycle/work/htain-thein-be/vendor/laravel/framework/src/Illuminate/Container/BoundMethod.php(93): Illuminate\\Container\\Util::unwrapIfClosure(Object(Closure))
#24 /Users/recycle/work/htain-thein-be/vendor/laravel/framework/src/Illuminate/Container/BoundMethod.php(35): Illuminate\\Container\\BoundMethod::callBoundMethod(Object(Illuminate\\Foundation\\Application), Array, Object(Closure))
#25 /Users/recycle/work/htain-thein-be/vendor/laravel/framework/src/Illuminate/Container/Container.php(662): Illuminate\\Container\\BoundMethod::call(Object(Illuminate\\Foundation\\Application), Array, Array, NULL)
#26 /Users/recycle/work/htain-thein-be/vendor/laravel/framework/src/Illuminate/Database/Seeder.php(184): Illuminate\\Container\\Container->call(Array, Array)
#27 /Users/recycle/work/htain-thein-be/vendor/laravel/framework/src/Illuminate/Database/Seeder.php(193): Illuminate\\Database\\Seeder->Illuminate\\Database\\{closure}()
#28 /Users/recycle/work/htain-thein-be/vendor/laravel/framework/src/Illuminate/Database/Console/Seeds/SeedCommand.php(70): Illuminate\\Database\\Seeder->__invoke()
#29 /Users/recycle/work/htain-thein-be/vendor/laravel/framework/src/Illuminate/Database/Eloquent/Concerns/GuardsAttributes.php(155): Illuminate\\Database\\Console\\Seeds\\SeedCommand->Illuminate\\Database\\Console\\Seeds\\{closure}()
#30 /Users/recycle/work/htain-thein-be/vendor/laravel/framework/src/Illuminate/Database/Console/Seeds/SeedCommand.php(69): Illuminate\\Database\\Eloquent\\Model::unguarded(Object(Closure))
#31 /Users/recycle/work/htain-thein-be/vendor/laravel/framework/src/Illuminate/Container/BoundMethod.php(36): Illuminate\\Database\\Console\\Seeds\\SeedCommand->handle()
#32 /Users/recycle/work/htain-thein-be/vendor/laravel/framework/src/Illuminate/Container/Util.php(41): Illuminate\\Container\\BoundMethod::Illuminate\\Container\\{closure}()
#33 /Users/recycle/work/htain-thein-be/vendor/laravel/framework/src/Illuminate/Container/BoundMethod.php(93): Illuminate\\Container\\Util::unwrapIfClosure(Object(Closure))
#34 /Users/recycle/work/htain-thein-be/vendor/laravel/framework/src/Illuminate/Container/BoundMethod.php(35): Illuminate\\Container\\BoundMethod::callBoundMethod(Object(Illuminate\\Foundation\\Application), Array, Object(Closure))
#35 /Users/recycle/work/htain-thein-be/vendor/laravel/framework/src/Illuminate/Container/Container.php(662): Illuminate\\Container\\BoundMethod::call(Object(Illuminate\\Foundation\\Application), Array, Array, NULL)
#36 /Users/recycle/work/htain-thein-be/vendor/laravel/framework/src/Illuminate/Console/Command.php(211): Illuminate\\Container\\Container->call(Array)
#37 /Users/recycle/work/htain-thein-be/vendor/symfony/console/Command/Command.php(326): Illuminate\\Console\\Command->execute(Object(Symfony\\Component\\Console\\Input\\ArrayInput), Object(Illuminate\\Console\\OutputStyle))
#38 /Users/recycle/work/htain-thein-be/vendor/laravel/framework/src/Illuminate/Console/Command.php(180): Symfony\\Component\\Console\\Command\\Command->run(Object(Symfony\\Component\\Console\\Input\\ArrayInput), Object(Illuminate\\Console\\OutputStyle))
#39 /Users/recycle/work/htain-thein-be/vendor/laravel/framework/src/Illuminate/Console/Concerns/CallsCommands.php(67): Illuminate\\Console\\Command->run(Object(Symfony\\Component\\Console\\Input\\ArrayInput), Object(Illuminate\\Console\\OutputStyle))
#40 /Users/recycle/work/htain-thein-be/vendor/laravel/framework/src/Illuminate/Console/Concerns/CallsCommands.php(28): Illuminate\\Console\\Command->runCommand('db:seed', Array, Object(Illuminate\\Console\\OutputStyle))
#41 /Users/recycle/work/htain-thein-be/vendor/laravel/framework/src/Illuminate/Database/Console/Migrations/RefreshCommand.php(135): Illuminate\\Console\\Command->call('db:seed', Array)
#42 /Users/recycle/work/htain-thein-be/vendor/laravel/framework/src/Illuminate/Database/Console/Migrations/RefreshCommand.php(75): Illuminate\\Database\\Console\\Migrations\\RefreshCommand->runSeeder(NULL)
#43 /Users/recycle/work/htain-thein-be/vendor/laravel/framework/src/Illuminate/Container/BoundMethod.php(36): Illuminate\\Database\\Console\\Migrations\\RefreshCommand->handle()
#44 /Users/recycle/work/htain-thein-be/vendor/laravel/framework/src/Illuminate/Container/Util.php(41): Illuminate\\Container\\BoundMethod::Illuminate\\Container\\{closure}()
#45 /Users/recycle/work/htain-thein-be/vendor/laravel/framework/src/Illuminate/Container/BoundMethod.php(93): Illuminate\\Container\\Util::unwrapIfClosure(Object(Closure))
#46 /Users/recycle/work/htain-thein-be/vendor/laravel/framework/src/Illuminate/Container/BoundMethod.php(35): Illuminate\\Container\\BoundMethod::callBoundMethod(Object(Illuminate\\Foundation\\Application), Array, Object(Closure))
#47 /Users/recycle/work/htain-thein-be/vendor/laravel/framework/src/Illuminate/Container/Container.php(662): Illuminate\\Container\\BoundMethod::call(Object(Illuminate\\Foundation\\Application), Array, Array, NULL)
#48 /Users/recycle/work/htain-thein-be/vendor/laravel/framework/src/Illuminate/Console/Command.php(211): Illuminate\\Container\\Container->call(Array)
#49 /Users/recycle/work/htain-thein-be/vendor/symfony/console/Command/Command.php(326): Illuminate\\Console\\Command->execute(Object(Symfony\\Component\\Console\\Input\\ArgvInput), Object(Illuminate\\Console\\OutputStyle))
#50 /Users/recycle/work/htain-thein-be/vendor/laravel/framework/src/Illuminate/Console/Command.php(180): Symfony\\Component\\Console\\Command\\Command->run(Object(Symfony\\Component\\Console\\Input\\ArgvInput), Object(Illuminate\\Console\\OutputStyle))
#51 /Users/recycle/work/htain-thein-be/vendor/symfony/console/Application.php(1096): Illuminate\\Console\\Command->run(Object(Symfony\\Component\\Console\\Input\\ArgvInput), Object(Symfony\\Component\\Console\\Output\\ConsoleOutput))
#52 /Users/recycle/work/htain-thein-be/vendor/symfony/console/Application.php(324): Symfony\\Component\\Console\\Application->doRunCommand(Object(Illuminate\\Database\\Console\\Migrations\\RefreshCommand), Object(Symfony\\Component\\Console\\Input\\ArgvInput), Object(Symfony\\Component\\Console\\Output\\ConsoleOutput))
#53 /Users/recycle/work/htain-thein-be/vendor/symfony/console/Application.php(175): Symfony\\Component\\Console\\Application->doRun(Object(Symfony\\Component\\Console\\Input\\ArgvInput), Object(Symfony\\Component\\Console\\Output\\ConsoleOutput))
#54 /Users/recycle/work/htain-thein-be/vendor/laravel/framework/src/Illuminate/Foundation/Console/Kernel.php(201): Symfony\\Component\\Console\\Application->run(Object(Symfony\\Component\\Console\\Input\\ArgvInput), Object(Symfony\\Component\\Console\\Output\\ConsoleOutput))
#55 /Users/recycle/work/htain-thein-be/artisan(35): Illuminate\\Foundation\\Console\\Kernel->handle(Object(Symfony\\Component\\Console\\Input\\ArgvInput), Object(Symfony\\Component\\Console\\Output\\ConsoleOutput))
#56 {main}
"} 
[2025-01-21 13:15:56] local.ERROR: Call to undefined method App\Models\NotificationRead::factory() {"exception":"[object] (BadMethodCallException(code: 0): Call to undefined method App\\Models\\NotificationRead::factory() at /Users/recycle/work/htain-thein-be/vendor/laravel/framework/src/Illuminate/Support/Traits/ForwardsCalls.php:67)
[stacktrace]
#0 /Users/recycle/work/htain-thein-be/vendor/laravel/framework/src/Illuminate/Support/Traits/ForwardsCalls.php(36): Illuminate\\Database\\Eloquent\\Model::throwBadMethodCallException('factory')
#1 /Users/recycle/work/htain-thein-be/vendor/laravel/framework/src/Illuminate/Database/Eloquent/Model.php(2335): Illuminate\\Database\\Eloquent\\Model->forwardCallTo(Object(Illuminate\\Database\\Eloquent\\Builder), 'factory', Array)
#2 /Users/recycle/work/htain-thein-be/vendor/laravel/framework/src/Illuminate/Database/Eloquent/Model.php(2347): Illuminate\\Database\\Eloquent\\Model->__call('factory', Array)
#3 /Users/recycle/work/htain-thein-be/database/seeders/NotificationReadSeeder.php(16): Illuminate\\Database\\Eloquent\\Model::__callStatic('factory', Array)
#4 /Users/recycle/work/htain-thein-be/vendor/laravel/framework/src/Illuminate/Container/BoundMethod.php(36): Database\\Seeders\\NotificationReadSeeder->run()
#5 /Users/recycle/work/htain-thein-be/vendor/laravel/framework/src/Illuminate/Container/Util.php(41): Illuminate\\Container\\BoundMethod::Illuminate\\Container\\{closure}()
#6 /Users/recycle/work/htain-thein-be/vendor/laravel/framework/src/Illuminate/Container/BoundMethod.php(93): Illuminate\\Container\\Util::unwrapIfClosure(Object(Closure))
#7 /Users/recycle/work/htain-thein-be/vendor/laravel/framework/src/Illuminate/Container/BoundMethod.php(35): Illuminate\\Container\\BoundMethod::callBoundMethod(Object(Illuminate\\Foundation\\Application), Array, Object(Closure))
#8 /Users/recycle/work/htain-thein-be/vendor/laravel/framework/src/Illuminate/Container/Container.php(662): Illuminate\\Container\\BoundMethod::call(Object(Illuminate\\Foundation\\Application), Array, Array, NULL)
#9 /Users/recycle/work/htain-thein-be/vendor/laravel/framework/src/Illuminate/Database/Seeder.php(184): Illuminate\\Container\\Container->call(Array, Array)
#10 /Users/recycle/work/htain-thein-be/vendor/laravel/framework/src/Illuminate/Database/Seeder.php(193): Illuminate\\Database\\Seeder->Illuminate\\Database\\{closure}()
#11 /Users/recycle/work/htain-thein-be/vendor/laravel/framework/src/Illuminate/Database/Seeder.php(61): Illuminate\\Database\\Seeder->__invoke(Array)
#12 /Users/recycle/work/htain-thein-be/database/seeders/DatabaseSeeder.php(16): Illuminate\\Database\\Seeder->call('Database\\\\Seeder...')
#13 /Users/recycle/work/htain-thein-be/vendor/laravel/framework/src/Illuminate/Container/BoundMethod.php(36): Database\\Seeders\\DatabaseSeeder->run()
#14 /Users/recycle/work/htain-thein-be/vendor/laravel/framework/src/Illuminate/Container/Util.php(41): Illuminate\\Container\\BoundMethod::Illuminate\\Container\\{closure}()
#15 /Users/recycle/work/htain-thein-be/vendor/laravel/framework/src/Illuminate/Container/BoundMethod.php(93): Illuminate\\Container\\Util::unwrapIfClosure(Object(Closure))
#16 /Users/recycle/work/htain-thein-be/vendor/laravel/framework/src/Illuminate/Container/BoundMethod.php(35): Illuminate\\Container\\BoundMethod::callBoundMethod(Object(Illuminate\\Foundation\\Application), Array, Object(Closure))
#17 /Users/recycle/work/htain-thein-be/vendor/laravel/framework/src/Illuminate/Container/Container.php(662): Illuminate\\Container\\BoundMethod::call(Object(Illuminate\\Foundation\\Application), Array, Array, NULL)
#18 /Users/recycle/work/htain-thein-be/vendor/laravel/framework/src/Illuminate/Database/Seeder.php(184): Illuminate\\Container\\Container->call(Array, Array)
#19 /Users/recycle/work/htain-thein-be/vendor/laravel/framework/src/Illuminate/Database/Seeder.php(193): Illuminate\\Database\\Seeder->Illuminate\\Database\\{closure}()
#20 /Users/recycle/work/htain-thein-be/vendor/laravel/framework/src/Illuminate/Database/Console/Seeds/SeedCommand.php(70): Illuminate\\Database\\Seeder->__invoke()
#21 /Users/recycle/work/htain-thein-be/vendor/laravel/framework/src/Illuminate/Database/Eloquent/Concerns/GuardsAttributes.php(155): Illuminate\\Database\\Console\\Seeds\\SeedCommand->Illuminate\\Database\\Console\\Seeds\\{closure}()
#22 /Users/recycle/work/htain-thein-be/vendor/laravel/framework/src/Illuminate/Database/Console/Seeds/SeedCommand.php(69): Illuminate\\Database\\Eloquent\\Model::unguarded(Object(Closure))
#23 /Users/recycle/work/htain-thein-be/vendor/laravel/framework/src/Illuminate/Container/BoundMethod.php(36): Illuminate\\Database\\Console\\Seeds\\SeedCommand->handle()
#24 /Users/recycle/work/htain-thein-be/vendor/laravel/framework/src/Illuminate/Container/Util.php(41): Illuminate\\Container\\BoundMethod::Illuminate\\Container\\{closure}()
#25 /Users/recycle/work/htain-thein-be/vendor/laravel/framework/src/Illuminate/Container/BoundMethod.php(93): Illuminate\\Container\\Util::unwrapIfClosure(Object(Closure))
#26 /Users/recycle/work/htain-thein-be/vendor/laravel/framework/src/Illuminate/Container/BoundMethod.php(35): Illuminate\\Container\\BoundMethod::callBoundMethod(Object(Illuminate\\Foundation\\Application), Array, Object(Closure))
#27 /Users/recycle/work/htain-thein-be/vendor/laravel/framework/src/Illuminate/Container/Container.php(662): Illuminate\\Container\\BoundMethod::call(Object(Illuminate\\Foundation\\Application), Array, Array, NULL)
#28 /Users/recycle/work/htain-thein-be/vendor/laravel/framework/src/Illuminate/Console/Command.php(211): Illuminate\\Container\\Container->call(Array)
#29 /Users/recycle/work/htain-thein-be/vendor/symfony/console/Command/Command.php(326): Illuminate\\Console\\Command->execute(Object(Symfony\\Component\\Console\\Input\\ArrayInput), Object(Illuminate\\Console\\OutputStyle))
#30 /Users/recycle/work/htain-thein-be/vendor/laravel/framework/src/Illuminate/Console/Command.php(180): Symfony\\Component\\Console\\Command\\Command->run(Object(Symfony\\Component\\Console\\Input\\ArrayInput), Object(Illuminate\\Console\\OutputStyle))
#31 /Users/recycle/work/htain-thein-be/vendor/laravel/framework/src/Illuminate/Console/Concerns/CallsCommands.php(67): Illuminate\\Console\\Command->run(Object(Symfony\\Component\\Console\\Input\\ArrayInput), Object(Illuminate\\Console\\OutputStyle))
#32 /Users/recycle/work/htain-thein-be/vendor/laravel/framework/src/Illuminate/Console/Concerns/CallsCommands.php(28): Illuminate\\Console\\Command->runCommand('db:seed', Array, Object(Illuminate\\Console\\OutputStyle))
#33 /Users/recycle/work/htain-thein-be/vendor/laravel/framework/src/Illuminate/Database/Console/Migrations/RefreshCommand.php(135): Illuminate\\Console\\Command->call('db:seed', Array)
#34 /Users/recycle/work/htain-thein-be/vendor/laravel/framework/src/Illuminate/Database/Console/Migrations/RefreshCommand.php(75): Illuminate\\Database\\Console\\Migrations\\RefreshCommand->runSeeder(NULL)
#35 /Users/recycle/work/htain-thein-be/vendor/laravel/framework/src/Illuminate/Container/BoundMethod.php(36): Illuminate\\Database\\Console\\Migrations\\RefreshCommand->handle()
#36 /Users/recycle/work/htain-thein-be/vendor/laravel/framework/src/Illuminate/Container/Util.php(41): Illuminate\\Container\\BoundMethod::Illuminate\\Container\\{closure}()
#37 /Users/recycle/work/htain-thein-be/vendor/laravel/framework/src/Illuminate/Container/BoundMethod.php(93): Illuminate\\Container\\Util::unwrapIfClosure(Object(Closure))
#38 /Users/recycle/work/htain-thein-be/vendor/laravel/framework/src/Illuminate/Container/BoundMethod.php(35): Illuminate\\Container\\BoundMethod::callBoundMethod(Object(Illuminate\\Foundation\\Application), Array, Object(Closure))
#39 /Users/recycle/work/htain-thein-be/vendor/laravel/framework/src/Illuminate/Container/Container.php(662): Illuminate\\Container\\BoundMethod::call(Object(Illuminate\\Foundation\\Application), Array, Array, NULL)
#40 /Users/recycle/work/htain-thein-be/vendor/laravel/framework/src/Illuminate/Console/Command.php(211): Illuminate\\Container\\Container->call(Array)
#41 /Users/recycle/work/htain-thein-be/vendor/symfony/console/Command/Command.php(326): Illuminate\\Console\\Command->execute(Object(Symfony\\Component\\Console\\Input\\ArgvInput), Object(Illuminate\\Console\\OutputStyle))
#42 /Users/recycle/work/htain-thein-be/vendor/laravel/framework/src/Illuminate/Console/Command.php(180): Symfony\\Component\\Console\\Command\\Command->run(Object(Symfony\\Component\\Console\\Input\\ArgvInput), Object(Illuminate\\Console\\OutputStyle))
#43 /Users/recycle/work/htain-thein-be/vendor/symfony/console/Application.php(1096): Illuminate\\Console\\Command->run(Object(Symfony\\Component\\Console\\Input\\ArgvInput), Object(Symfony\\Component\\Console\\Output\\ConsoleOutput))
#44 /Users/recycle/work/htain-thein-be/vendor/symfony/console/Application.php(324): Symfony\\Component\\Console\\Application->doRunCommand(Object(Illuminate\\Database\\Console\\Migrations\\RefreshCommand), Object(Symfony\\Component\\Console\\Input\\ArgvInput), Object(Symfony\\Component\\Console\\Output\\ConsoleOutput))
#45 /Users/recycle/work/htain-thein-be/vendor/symfony/console/Application.php(175): Symfony\\Component\\Console\\Application->doRun(Object(Symfony\\Component\\Console\\Input\\ArgvInput), Object(Symfony\\Component\\Console\\Output\\ConsoleOutput))
#46 /Users/recycle/work/htain-thein-be/vendor/laravel/framework/src/Illuminate/Foundation/Console/Kernel.php(201): Symfony\\Component\\Console\\Application->run(Object(Symfony\\Component\\Console\\Input\\ArgvInput), Object(Symfony\\Component\\Console\\Output\\ConsoleOutput))
#47 /Users/recycle/work/htain-thein-be/artisan(35): Illuminate\\Foundation\\Console\\Kernel->handle(Object(Symfony\\Component\\Console\\Input\\ArgvInput), Object(Symfony\\Component\\Console\\Output\\ConsoleOutput))
#48 {main}
"} 
[2025-01-21 13:17:03] local.ERROR: The $date parameter must be a string, a DateTimeInterface instance, or null. {"userId":1,"exception":"[object] (App\\Exceptions\\CustomErrorException(code: 0): The $date parameter must be a string, a DateTimeInterface instance, or null. at /Users/recycle/work/htain-thein-be/App/Helpers/DateChangeHelper.php:15)
[stacktrace]
#0 /Users/recycle/work/htain-thein-be/app/Http/Resources/NotificationReadResource.php(21): changeToDifferForHuman(NULL)
#1 /Users/recycle/work/htain-thein-be/vendor/laravel/framework/src/Illuminate/Collections/HigherOrderCollectionProxy.php(60): App\\Http\\Resources\\NotificationReadResource->toArray(Object(Illuminate\\Http\\Request))
#2 [internal function]: Illuminate\\Support\\HigherOrderCollectionProxy->Illuminate\\Support\\{closure}(Object(App\\Http\\Resources\\NotificationReadResource), 0)
#3 /Users/recycle/work/htain-thein-be/vendor/laravel/framework/src/Illuminate/Collections/Arr.php(600): array_map(Object(Closure), Array, Array)
#4 /Users/recycle/work/htain-thein-be/vendor/laravel/framework/src/Illuminate/Collections/Collection.php(778): Illuminate\\Support\\Arr::map(Array, Object(Closure))
#5 /Users/recycle/work/htain-thein-be/vendor/laravel/framework/src/Illuminate/Collections/HigherOrderCollectionProxy.php(59): Illuminate\\Support\\Collection->map(Object(Closure))
#6 /Users/recycle/work/htain-thein-be/vendor/laravel/framework/src/Illuminate/Http/Resources/Json/ResourceCollection.php(102): Illuminate\\Support\\HigherOrderCollectionProxy->__call('toArray', Array)
#7 /Users/recycle/work/htain-thein-be/vendor/laravel/framework/src/Illuminate/Http/Resources/Json/JsonResource.php(108): Illuminate\\Http\\Resources\\Json\\ResourceCollection->toArray(Object(Illuminate\\Http\\Request))
#8 /Users/recycle/work/htain-thein-be/vendor/laravel/framework/src/Illuminate/Http/Resources/Json/JsonResource.php(255): Illuminate\\Http\\Resources\\Json\\JsonResource->resolve(Object(Illuminate\\Http\\Request))
#9 [internal function]: Illuminate\\Http\\Resources\\Json\\JsonResource->jsonSerialize()
#10 /Users/recycle/work/htain-thein-be/vendor/laravel/framework/src/Illuminate/Http/JsonResponse.php(84): json_encode(Array, 0)
#11 /Users/recycle/work/htain-thein-be/vendor/symfony/http-foundation/JsonResponse.php(49): Illuminate\\Http\\JsonResponse->setData(Array)
#12 /Users/recycle/work/htain-thein-be/vendor/laravel/framework/src/Illuminate/Http/JsonResponse.php(32): Symfony\\Component\\HttpFoundation\\JsonResponse->__construct(Array, 200, Array, false)
#13 /Users/recycle/work/htain-thein-be/vendor/laravel/framework/src/Illuminate/Routing/ResponseFactory.php(102): Illuminate\\Http\\JsonResponse->__construct(Array, 200, Array, 0)
#14 /Users/recycle/work/htain-thein-be/app/Services/NotificationInfo/GetAllNotificationsService.php(19): Illuminate\\Routing\\ResponseFactory->json(Array)
#15 /Users/recycle/work/htain-thein-be/app/UseCases/NotiInfo/NotiInfoAction.php(70): App\\Services\\NotificationInfo\\GetAllNotificationsService->__invoke(Object(App\\Repositories\\Notification\\NotificationRepository), 1)
#16 /Users/recycle/work/htain-thein-be/app/Http/Controllers/Api/NotiInfoController.php(31): App\\UseCases\\NotiInfo\\NotiInfoAction->getAllNotifications(1)
#17 /Users/recycle/work/htain-thein-be/vendor/laravel/framework/src/Illuminate/Routing/Controller.php(54): App\\Http\\Controllers\\Api\\NotiInfoController->index()
#18 /Users/recycle/work/htain-thein-be/vendor/laravel/framework/src/Illuminate/Routing/ControllerDispatcher.php(43): Illuminate\\Routing\\Controller->callAction('index', Array)
#19 /Users/recycle/work/htain-thein-be/vendor/laravel/framework/src/Illuminate/Routing/Route.php(259): Illuminate\\Routing\\ControllerDispatcher->dispatch(Object(Illuminate\\Routing\\Route), Object(App\\Http\\Controllers\\Api\\NotiInfoController), 'index')
#20 /Users/recycle/work/htain-thein-be/vendor/laravel/framework/src/Illuminate/Routing/Route.php(205): Illuminate\\Routing\\Route->runController()
#21 /Users/recycle/work/htain-thein-be/vendor/laravel/framework/src/Illuminate/Routing/Router.php(806): Illuminate\\Routing\\Route->run()
#22 /Users/recycle/work/htain-thein-be/vendor/laravel/framework/src/Illuminate/Pipeline/Pipeline.php(144): Illuminate\\Routing\\Router->Illuminate\\Routing\\{closure}(Object(Illuminate\\Http\\Request))
#23 /Users/recycle/work/htain-thein-be/vendor/laravel/framework/src/Illuminate/Routing/Middleware/SubstituteBindings.php(50): Illuminate\\Pipeline\\Pipeline->Illuminate\\Pipeline\\{closure}(Object(Illuminate\\Http\\Request))
#24 /Users/recycle/work/htain-thein-be/vendor/laravel/framework/src/Illuminate/Pipeline/Pipeline.php(183): Illuminate\\Routing\\Middleware\\SubstituteBindings->handle(Object(Illuminate\\Http\\Request), Object(Closure))
#25 /Users/recycle/work/htain-thein-be/vendor/laravel/framework/src/Illuminate/Routing/Middleware/ThrottleRequests.php(159): Illuminate\\Pipeline\\Pipeline->Illuminate\\Pipeline\\{closure}(Object(Illuminate\\Http\\Request))
#26 /Users/recycle/work/htain-thein-be/vendor/laravel/framework/src/Illuminate/Routing/Middleware/ThrottleRequests.php(125): Illuminate\\Routing\\Middleware\\ThrottleRequests->handleRequest(Object(Illuminate\\Http\\Request), Object(Closure), Array)
#27 /Users/recycle/work/htain-thein-be/vendor/laravel/framework/src/Illuminate/Routing/Middleware/ThrottleRequests.php(87): Illuminate\\Routing\\Middleware\\ThrottleRequests->handleRequestUsingNamedLimiter(Object(Illuminate\\Http\\Request), Object(Closure), 'api', Object(Closure))
#28 /Users/recycle/work/htain-thein-be/vendor/laravel/framework/src/Illuminate/Pipeline/Pipeline.php(183): Illuminate\\Routing\\Middleware\\ThrottleRequests->handle(Object(Illuminate\\Http\\Request), Object(Closure), 'api')
#29 /Users/recycle/work/htain-thein-be/vendor/laravel/framework/src/Illuminate/Auth/Middleware/Authenticate.php(57): Illuminate\\Pipeline\\Pipeline->Illuminate\\Pipeline\\{closure}(Object(Illuminate\\Http\\Request))
#30 /Users/recycle/work/htain-thein-be/vendor/laravel/framework/src/Illuminate/Pipeline/Pipeline.php(183): Illuminate\\Auth\\Middleware\\Authenticate->handle(Object(Illuminate\\Http\\Request), Object(Closure), 'sanctum')
#31 /Users/recycle/work/htain-thein-be/vendor/laravel/sanctum/src/Http/Middleware/EnsureFrontendRequestsAreStateful.php(25): Illuminate\\Pipeline\\Pipeline->Illuminate\\Pipeline\\{closure}(Object(Illuminate\\Http\\Request))
#32 /Users/recycle/work/htain-thein-be/vendor/laravel/framework/src/Illuminate/Pipeline/Pipeline.php(144): Laravel\\Sanctum\\Http\\Middleware\\EnsureFrontendRequestsAreStateful->Laravel\\Sanctum\\Http\\Middleware\\{closure}(Object(Illuminate\\Http\\Request))
#33 /Users/recycle/work/htain-thein-be/vendor/laravel/framework/src/Illuminate/Pipeline/Pipeline.php(119): Illuminate\\Pipeline\\Pipeline->Illuminate\\Pipeline\\{closure}(Object(Illuminate\\Http\\Request))
#34 /Users/recycle/work/htain-thein-be/vendor/laravel/sanctum/src/Http/Middleware/EnsureFrontendRequestsAreStateful.php(24): Illuminate\\Pipeline\\Pipeline->then(Object(Closure))
#35 /Users/recycle/work/htain-thein-be/vendor/laravel/framework/src/Illuminate/Pipeline/Pipeline.php(183): Laravel\\Sanctum\\Http\\Middleware\\EnsureFrontendRequestsAreStateful->handle(Object(Illuminate\\Http\\Request), Object(Closure))
#36 /Users/recycle/work/htain-thein-be/vendor/laravel/framework/src/Illuminate/Pipeline/Pipeline.php(119): Illuminate\\Pipeline\\Pipeline->Illuminate\\Pipeline\\{closure}(Object(Illuminate\\Http\\Request))
#37 /Users/recycle/work/htain-thein-be/vendor/laravel/framework/src/Illuminate/Routing/Router.php(805): Illuminate\\Pipeline\\Pipeline->then(Object(Closure))
#38 /Users/recycle/work/htain-thein-be/vendor/laravel/framework/src/Illuminate/Routing/Router.php(784): Illuminate\\Routing\\Router->runRouteWithinStack(Object(Illuminate\\Routing\\Route), Object(Illuminate\\Http\\Request))
#39 /Users/recycle/work/htain-thein-be/vendor/laravel/framework/src/Illuminate/Routing/Router.php(748): Illuminate\\Routing\\Router->runRoute(Object(Illuminate\\Http\\Request), Object(Illuminate\\Routing\\Route))
#40 /Users/recycle/work/htain-thein-be/vendor/laravel/framework/src/Illuminate/Routing/Router.php(737): Illuminate\\Routing\\Router->dispatchToRoute(Object(Illuminate\\Http\\Request))
#41 /Users/recycle/work/htain-thein-be/vendor/laravel/framework/src/Illuminate/Foundation/Http/Kernel.php(200): Illuminate\\Routing\\Router->dispatch(Object(Illuminate\\Http\\Request))
#42 /Users/recycle/work/htain-thein-be/vendor/laravel/framework/src/Illuminate/Pipeline/Pipeline.php(144): Illuminate\\Foundation\\Http\\Kernel->Illuminate\\Foundation\\Http\\{closure}(Object(Illuminate\\Http\\Request))
#43 /Users/recycle/work/htain-thein-be/vendor/laravel/framework/src/Illuminate/View/Middleware/ShareErrorsFromSession.php(49): Illuminate\\Pipeline\\Pipeline->Illuminate\\Pipeline\\{closure}(Object(Illuminate\\Http\\Request))
#44 /Users/recycle/work/htain-thein-be/vendor/laravel/framework/src/Illuminate/Pipeline/Pipeline.php(183): Illuminate\\View\\Middleware\\ShareErrorsFromSession->handle(Object(Illuminate\\Http\\Request), Object(Closure))
#45 /Users/recycle/work/htain-thein-be/vendor/laravel/framework/src/Illuminate/Session/Middleware/StartSession.php(121): Illuminate\\Pipeline\\Pipeline->Illuminate\\Pipeline\\{closure}(Object(Illuminate\\Http\\Request))
#46 /Users/recycle/work/htain-thein-be/vendor/laravel/framework/src/Illuminate/Session/Middleware/StartSession.php(64): Illuminate\\Session\\Middleware\\StartSession->handleStatefulRequest(Object(Illuminate\\Http\\Request), Object(Illuminate\\Session\\Store), Object(Closure))
#47 /Users/recycle/work/htain-thein-be/vendor/laravel/framework/src/Illuminate/Pipeline/Pipeline.php(183): Illuminate\\Session\\Middleware\\StartSession->handle(Object(Illuminate\\Http\\Request), Object(Closure))
#48 /Users/recycle/work/htain-thein-be/vendor/laravel/framework/src/Illuminate/Foundation/Http/Middleware/TransformsRequest.php(21): Illuminate\\Pipeline\\Pipeline->Illuminate\\Pipeline\\{closure}(Object(Illuminate\\Http\\Request))
#49 /Users/recycle/work/htain-thein-be/vendor/laravel/framework/src/Illuminate/Foundation/Http/Middleware/ConvertEmptyStringsToNull.php(31): Illuminate\\Foundation\\Http\\Middleware\\TransformsRequest->handle(Object(Illuminate\\Http\\Request), Object(Closure))
#50 /Users/recycle/work/htain-thein-be/vendor/laravel/framework/src/Illuminate/Pipeline/Pipeline.php(183): Illuminate\\Foundation\\Http\\Middleware\\ConvertEmptyStringsToNull->handle(Object(Illuminate\\Http\\Request), Object(Closure))
#51 /Users/recycle/work/htain-thein-be/vendor/laravel/framework/src/Illuminate/Foundation/Http/Middleware/TransformsRequest.php(21): Illuminate\\Pipeline\\Pipeline->Illuminate\\Pipeline\\{closure}(Object(Illuminate\\Http\\Request))
#52 /Users/recycle/work/htain-thein-be/vendor/laravel/framework/src/Illuminate/Foundation/Http/Middleware/TrimStrings.php(40): Illuminate\\Foundation\\Http\\Middleware\\TransformsRequest->handle(Object(Illuminate\\Http\\Request), Object(Closure))
#53 /Users/recycle/work/htain-thein-be/vendor/laravel/framework/src/Illuminate/Pipeline/Pipeline.php(183): Illuminate\\Foundation\\Http\\Middleware\\TrimStrings->handle(Object(Illuminate\\Http\\Request), Object(Closure))
#54 /Users/recycle/work/htain-thein-be/vendor/laravel/framework/src/Illuminate/Foundation/Http/Middleware/ValidatePostSize.php(27): Illuminate\\Pipeline\\Pipeline->Illuminate\\Pipeline\\{closure}(Object(Illuminate\\Http\\Request))
#55 /Users/recycle/work/htain-thein-be/vendor/laravel/framework/src/Illuminate/Pipeline/Pipeline.php(183): Illuminate\\Foundation\\Http\\Middleware\\ValidatePostSize->handle(Object(Illuminate\\Http\\Request), Object(Closure))
#56 /Users/recycle/work/htain-thein-be/vendor/laravel/framework/src/Illuminate/Foundation/Http/Middleware/PreventRequestsDuringMaintenance.php(99): Illuminate\\Pipeline\\Pipeline->Illuminate\\Pipeline\\{closure}(Object(Illuminate\\Http\\Request))
#57 /Users/recycle/work/htain-thein-be/vendor/laravel/framework/src/Illuminate/Pipeline/Pipeline.php(183): Illuminate\\Foundation\\Http\\Middleware\\PreventRequestsDuringMaintenance->handle(Object(Illuminate\\Http\\Request), Object(Closure))
#58 /Users/recycle/work/htain-thein-be/vendor/laravel/framework/src/Illuminate/Http/Middleware/HandleCors.php(62): Illuminate\\Pipeline\\Pipeline->Illuminate\\Pipeline\\{closure}(Object(Illuminate\\Http\\Request))
#59 /Users/recycle/work/htain-thein-be/vendor/laravel/framework/src/Illuminate/Pipeline/Pipeline.php(183): Illuminate\\Http\\Middleware\\HandleCors->handle(Object(Illuminate\\Http\\Request), Object(Closure))
#60 /Users/recycle/work/htain-thein-be/vendor/laravel/framework/src/Illuminate/Http/Middleware/TrustProxies.php(39): Illuminate\\Pipeline\\Pipeline->Illuminate\\Pipeline\\{closure}(Object(Illuminate\\Http\\Request))
#61 /Users/recycle/work/htain-thein-be/vendor/laravel/framework/src/Illuminate/Pipeline/Pipeline.php(183): Illuminate\\Http\\Middleware\\TrustProxies->handle(Object(Illuminate\\Http\\Request), Object(Closure))
#62 /Users/recycle/work/htain-thein-be/vendor/laravel/framework/src/Illuminate/Pipeline/Pipeline.php(119): Illuminate\\Pipeline\\Pipeline->Illuminate\\Pipeline\\{closure}(Object(Illuminate\\Http\\Request))
#63 /Users/recycle/work/htain-thein-be/vendor/laravel/framework/src/Illuminate/Foundation/Http/Kernel.php(175): Illuminate\\Pipeline\\Pipeline->then(Object(Closure))
#64 /Users/recycle/work/htain-thein-be/vendor/laravel/framework/src/Illuminate/Foundation/Http/Kernel.php(144): Illuminate\\Foundation\\Http\\Kernel->sendRequestThroughRouter(Object(Illuminate\\Http\\Request))
#65 /Users/recycle/work/htain-thein-be/public/index.php(51): Illuminate\\Foundation\\Http\\Kernel->handle(Object(Illuminate\\Http\\Request))
#66 /Users/recycle/work/htain-thein-be/vendor/laravel/framework/src/Illuminate/Foundation/resources/server.php(16): require_once('/Users/recycle/...')
#67 {main}
"} 
[2025-01-21 13:17:03] local.ERROR: The HTTP status code "0" is not valid. {"userId":1,"exception":"[object] (InvalidArgumentException(code: 0): The HTTP status code \"0\" is not valid. at /Users/recycle/work/htain-thein-be/vendor/symfony/http-foundation/Response.php:502)
[stacktrace]
#0 /Users/recycle/work/htain-thein-be/vendor/symfony/http-foundation/Response.php(228): Symfony\\Component\\HttpFoundation\\Response->setStatusCode(0)
#1 /Users/recycle/work/htain-thein-be/vendor/symfony/http-foundation/JsonResponse.php(41): Symfony\\Component\\HttpFoundation\\Response->__construct('', 0, Array)
#2 /Users/recycle/work/htain-thein-be/vendor/laravel/framework/src/Illuminate/Http/JsonResponse.php(32): Symfony\\Component\\HttpFoundation\\JsonResponse->__construct(Array, 0, Array, false)
#3 /Users/recycle/work/htain-thein-be/vendor/laravel/framework/src/Illuminate/Routing/ResponseFactory.php(102): Illuminate\\Http\\JsonResponse->__construct(Array, 0, Array, 0)
#4 /Users/recycle/work/htain-thein-be/app/Exceptions/Handler.php(89): Illuminate\\Routing\\ResponseFactory->json(Array, 0)
#5 /Users/recycle/work/htain-thein-be/vendor/laravel/framework/src/Illuminate/Routing/Pipeline.php(51): App\\Exceptions\\Handler->render(Object(Illuminate\\Http\\Request), Object(App\\Exceptions\\CustomErrorException))
#6 /Users/recycle/work/htain-thein-be/vendor/laravel/framework/src/Illuminate/Pipeline/Pipeline.php(146): Illuminate\\Routing\\Pipeline->handleException(Object(Illuminate\\Http\\Request), Object(App\\Exceptions\\CustomErrorException))
#7 /Users/recycle/work/htain-thein-be/vendor/laravel/framework/src/Illuminate/Routing/Middleware/SubstituteBindings.php(50): Illuminate\\Pipeline\\Pipeline->Illuminate\\Pipeline\\{closure}(Object(Illuminate\\Http\\Request))
#8 /Users/recycle/work/htain-thein-be/vendor/laravel/framework/src/Illuminate/Pipeline/Pipeline.php(183): Illuminate\\Routing\\Middleware\\SubstituteBindings->handle(Object(Illuminate\\Http\\Request), Object(Closure))
#9 /Users/recycle/work/htain-thein-be/vendor/laravel/framework/src/Illuminate/Routing/Middleware/ThrottleRequests.php(159): Illuminate\\Pipeline\\Pipeline->Illuminate\\Pipeline\\{closure}(Object(Illuminate\\Http\\Request))
#10 /Users/recycle/work/htain-thein-be/vendor/laravel/framework/src/Illuminate/Routing/Middleware/ThrottleRequests.php(125): Illuminate\\Routing\\Middleware\\ThrottleRequests->handleRequest(Object(Illuminate\\Http\\Request), Object(Closure), Array)
#11 /Users/recycle/work/htain-thein-be/vendor/laravel/framework/src/Illuminate/Routing/Middleware/ThrottleRequests.php(87): Illuminate\\Routing\\Middleware\\ThrottleRequests->handleRequestUsingNamedLimiter(Object(Illuminate\\Http\\Request), Object(Closure), 'api', Object(Closure))
#12 /Users/recycle/work/htain-thein-be/vendor/laravel/framework/src/Illuminate/Pipeline/Pipeline.php(183): Illuminate\\Routing\\Middleware\\ThrottleRequests->handle(Object(Illuminate\\Http\\Request), Object(Closure), 'api')
#13 /Users/recycle/work/htain-thein-be/vendor/laravel/framework/src/Illuminate/Auth/Middleware/Authenticate.php(57): Illuminate\\Pipeline\\Pipeline->Illuminate\\Pipeline\\{closure}(Object(Illuminate\\Http\\Request))
#14 /Users/recycle/work/htain-thein-be/vendor/laravel/framework/src/Illuminate/Pipeline/Pipeline.php(183): Illuminate\\Auth\\Middleware\\Authenticate->handle(Object(Illuminate\\Http\\Request), Object(Closure), 'sanctum')
#15 /Users/recycle/work/htain-thein-be/vendor/laravel/sanctum/src/Http/Middleware/EnsureFrontendRequestsAreStateful.php(25): Illuminate\\Pipeline\\Pipeline->Illuminate\\Pipeline\\{closure}(Object(Illuminate\\Http\\Request))
#16 /Users/recycle/work/htain-thein-be/vendor/laravel/framework/src/Illuminate/Pipeline/Pipeline.php(144): Laravel\\Sanctum\\Http\\Middleware\\EnsureFrontendRequestsAreStateful->Laravel\\Sanctum\\Http\\Middleware\\{closure}(Object(Illuminate\\Http\\Request))
#17 /Users/recycle/work/htain-thein-be/vendor/laravel/framework/src/Illuminate/Pipeline/Pipeline.php(119): Illuminate\\Pipeline\\Pipeline->Illuminate\\Pipeline\\{closure}(Object(Illuminate\\Http\\Request))
#18 /Users/recycle/work/htain-thein-be/vendor/laravel/sanctum/src/Http/Middleware/EnsureFrontendRequestsAreStateful.php(24): Illuminate\\Pipeline\\Pipeline->then(Object(Closure))
#19 /Users/recycle/work/htain-thein-be/vendor/laravel/framework/src/Illuminate/Pipeline/Pipeline.php(183): Laravel\\Sanctum\\Http\\Middleware\\EnsureFrontendRequestsAreStateful->handle(Object(Illuminate\\Http\\Request), Object(Closure))
#20 /Users/recycle/work/htain-thein-be/vendor/laravel/framework/src/Illuminate/Pipeline/Pipeline.php(119): Illuminate\\Pipeline\\Pipeline->Illuminate\\Pipeline\\{closure}(Object(Illuminate\\Http\\Request))
#21 /Users/recycle/work/htain-thein-be/vendor/laravel/framework/src/Illuminate/Routing/Router.php(805): Illuminate\\Pipeline\\Pipeline->then(Object(Closure))
#22 /Users/recycle/work/htain-thein-be/vendor/laravel/framework/src/Illuminate/Routing/Router.php(784): Illuminate\\Routing\\Router->runRouteWithinStack(Object(Illuminate\\Routing\\Route), Object(Illuminate\\Http\\Request))
#23 /Users/recycle/work/htain-thein-be/vendor/laravel/framework/src/Illuminate/Routing/Router.php(748): Illuminate\\Routing\\Router->runRoute(Object(Illuminate\\Http\\Request), Object(Illuminate\\Routing\\Route))
#24 /Users/recycle/work/htain-thein-be/vendor/laravel/framework/src/Illuminate/Routing/Router.php(737): Illuminate\\Routing\\Router->dispatchToRoute(Object(Illuminate\\Http\\Request))
#25 /Users/recycle/work/htain-thein-be/vendor/laravel/framework/src/Illuminate/Foundation/Http/Kernel.php(200): Illuminate\\Routing\\Router->dispatch(Object(Illuminate\\Http\\Request))
#26 /Users/recycle/work/htain-thein-be/vendor/laravel/framework/src/Illuminate/Pipeline/Pipeline.php(144): Illuminate\\Foundation\\Http\\Kernel->Illuminate\\Foundation\\Http\\{closure}(Object(Illuminate\\Http\\Request))
#27 /Users/recycle/work/htain-thein-be/vendor/laravel/framework/src/Illuminate/View/Middleware/ShareErrorsFromSession.php(49): Illuminate\\Pipeline\\Pipeline->Illuminate\\Pipeline\\{closure}(Object(Illuminate\\Http\\Request))
#28 /Users/recycle/work/htain-thein-be/vendor/laravel/framework/src/Illuminate/Pipeline/Pipeline.php(183): Illuminate\\View\\Middleware\\ShareErrorsFromSession->handle(Object(Illuminate\\Http\\Request), Object(Closure))
#29 /Users/recycle/work/htain-thein-be/vendor/laravel/framework/src/Illuminate/Session/Middleware/StartSession.php(121): Illuminate\\Pipeline\\Pipeline->Illuminate\\Pipeline\\{closure}(Object(Illuminate\\Http\\Request))
#30 /Users/recycle/work/htain-thein-be/vendor/laravel/framework/src/Illuminate/Session/Middleware/StartSession.php(64): Illuminate\\Session\\Middleware\\StartSession->handleStatefulRequest(Object(Illuminate\\Http\\Request), Object(Illuminate\\Session\\Store), Object(Closure))
#31 /Users/recycle/work/htain-thein-be/vendor/laravel/framework/src/Illuminate/Pipeline/Pipeline.php(183): Illuminate\\Session\\Middleware\\StartSession->handle(Object(Illuminate\\Http\\Request), Object(Closure))
#32 /Users/recycle/work/htain-thein-be/vendor/laravel/framework/src/Illuminate/Foundation/Http/Middleware/TransformsRequest.php(21): Illuminate\\Pipeline\\Pipeline->Illuminate\\Pipeline\\{closure}(Object(Illuminate\\Http\\Request))
#33 /Users/recycle/work/htain-thein-be/vendor/laravel/framework/src/Illuminate/Foundation/Http/Middleware/ConvertEmptyStringsToNull.php(31): Illuminate\\Foundation\\Http\\Middleware\\TransformsRequest->handle(Object(Illuminate\\Http\\Request), Object(Closure))
#34 /Users/recycle/work/htain-thein-be/vendor/laravel/framework/src/Illuminate/Pipeline/Pipeline.php(183): Illuminate\\Foundation\\Http\\Middleware\\ConvertEmptyStringsToNull->handle(Object(Illuminate\\Http\\Request), Object(Closure))
#35 /Users/recycle/work/htain-thein-be/vendor/laravel/framework/src/Illuminate/Foundation/Http/Middleware/TransformsRequest.php(21): Illuminate\\Pipeline\\Pipeline->Illuminate\\Pipeline\\{closure}(Object(Illuminate\\Http\\Request))
#36 /Users/recycle/work/htain-thein-be/vendor/laravel/framework/src/Illuminate/Foundation/Http/Middleware/TrimStrings.php(40): Illuminate\\Foundation\\Http\\Middleware\\TransformsRequest->handle(Object(Illuminate\\Http\\Request), Object(Closure))
#37 /Users/recycle/work/htain-thein-be/vendor/laravel/framework/src/Illuminate/Pipeline/Pipeline.php(183): Illuminate\\Foundation\\Http\\Middleware\\TrimStrings->handle(Object(Illuminate\\Http\\Request), Object(Closure))
#38 /Users/recycle/work/htain-thein-be/vendor/laravel/framework/src/Illuminate/Foundation/Http/Middleware/ValidatePostSize.php(27): Illuminate\\Pipeline\\Pipeline->Illuminate\\Pipeline\\{closure}(Object(Illuminate\\Http\\Request))
#39 /Users/recycle/work/htain-thein-be/vendor/laravel/framework/src/Illuminate/Pipeline/Pipeline.php(183): Illuminate\\Foundation\\Http\\Middleware\\ValidatePostSize->handle(Object(Illuminate\\Http\\Request), Object(Closure))
#40 /Users/recycle/work/htain-thein-be/vendor/laravel/framework/src/Illuminate/Foundation/Http/Middleware/PreventRequestsDuringMaintenance.php(99): Illuminate\\Pipeline\\Pipeline->Illuminate\\Pipeline\\{closure}(Object(Illuminate\\Http\\Request))
#41 /Users/recycle/work/htain-thein-be/vendor/laravel/framework/src/Illuminate/Pipeline/Pipeline.php(183): Illuminate\\Foundation\\Http\\Middleware\\PreventRequestsDuringMaintenance->handle(Object(Illuminate\\Http\\Request), Object(Closure))
#42 /Users/recycle/work/htain-thein-be/vendor/laravel/framework/src/Illuminate/Http/Middleware/HandleCors.php(62): Illuminate\\Pipeline\\Pipeline->Illuminate\\Pipeline\\{closure}(Object(Illuminate\\Http\\Request))
#43 /Users/recycle/work/htain-thein-be/vendor/laravel/framework/src/Illuminate/Pipeline/Pipeline.php(183): Illuminate\\Http\\Middleware\\HandleCors->handle(Object(Illuminate\\Http\\Request), Object(Closure))
#44 /Users/recycle/work/htain-thein-be/vendor/laravel/framework/src/Illuminate/Http/Middleware/TrustProxies.php(39): Illuminate\\Pipeline\\Pipeline->Illuminate\\Pipeline\\{closure}(Object(Illuminate\\Http\\Request))
#45 /Users/recycle/work/htain-thein-be/vendor/laravel/framework/src/Illuminate/Pipeline/Pipeline.php(183): Illuminate\\Http\\Middleware\\TrustProxies->handle(Object(Illuminate\\Http\\Request), Object(Closure))
#46 /Users/recycle/work/htain-thein-be/vendor/laravel/framework/src/Illuminate/Pipeline/Pipeline.php(119): Illuminate\\Pipeline\\Pipeline->Illuminate\\Pipeline\\{closure}(Object(Illuminate\\Http\\Request))
#47 /Users/recycle/work/htain-thein-be/vendor/laravel/framework/src/Illuminate/Foundation/Http/Kernel.php(175): Illuminate\\Pipeline\\Pipeline->then(Object(Closure))
#48 /Users/recycle/work/htain-thein-be/vendor/laravel/framework/src/Illuminate/Foundation/Http/Kernel.php(144): Illuminate\\Foundation\\Http\\Kernel->sendRequestThroughRouter(Object(Illuminate\\Http\\Request))
#49 /Users/recycle/work/htain-thein-be/public/index.php(51): Illuminate\\Foundation\\Http\\Kernel->handle(Object(Illuminate\\Http\\Request))
#50 /Users/recycle/work/htain-thein-be/vendor/laravel/framework/src/Illuminate/Foundation/resources/server.php(16): require_once('/Users/recycle/...')
#51 {main}
"} 
[2025-01-21 13:17:04] local.ERROR: The $date parameter must be a string, a DateTimeInterface instance, or null. {"userId":1,"exception":"[object] (App\\Exceptions\\CustomErrorException(code: 0): The $date parameter must be a string, a DateTimeInterface instance, or null. at /Users/recycle/work/htain-thein-be/App/Helpers/DateChangeHelper.php:15)
[stacktrace]
#0 /Users/recycle/work/htain-thein-be/app/Http/Resources/NotificationReadResource.php(21): changeToDifferForHuman(NULL)
#1 /Users/recycle/work/htain-thein-be/vendor/laravel/framework/src/Illuminate/Collections/HigherOrderCollectionProxy.php(60): App\\Http\\Resources\\NotificationReadResource->toArray(Object(Illuminate\\Http\\Request))
#2 [internal function]: Illuminate\\Support\\HigherOrderCollectionProxy->Illuminate\\Support\\{closure}(Object(App\\Http\\Resources\\NotificationReadResource), 0)
#3 /Users/recycle/work/htain-thein-be/vendor/laravel/framework/src/Illuminate/Collections/Arr.php(600): array_map(Object(Closure), Array, Array)
#4 /Users/recycle/work/htain-thein-be/vendor/laravel/framework/src/Illuminate/Collections/Collection.php(778): Illuminate\\Support\\Arr::map(Array, Object(Closure))
#5 /Users/recycle/work/htain-thein-be/vendor/laravel/framework/src/Illuminate/Collections/HigherOrderCollectionProxy.php(59): Illuminate\\Support\\Collection->map(Object(Closure))
#6 /Users/recycle/work/htain-thein-be/vendor/laravel/framework/src/Illuminate/Http/Resources/Json/ResourceCollection.php(102): Illuminate\\Support\\HigherOrderCollectionProxy->__call('toArray', Array)
#7 /Users/recycle/work/htain-thein-be/vendor/laravel/framework/src/Illuminate/Http/Resources/Json/JsonResource.php(108): Illuminate\\Http\\Resources\\Json\\ResourceCollection->toArray(Object(Illuminate\\Http\\Request))
#8 /Users/recycle/work/htain-thein-be/vendor/laravel/framework/src/Illuminate/Http/Resources/Json/JsonResource.php(255): Illuminate\\Http\\Resources\\Json\\JsonResource->resolve(Object(Illuminate\\Http\\Request))
#9 [internal function]: Illuminate\\Http\\Resources\\Json\\JsonResource->jsonSerialize()
#10 /Users/recycle/work/htain-thein-be/vendor/laravel/framework/src/Illuminate/Http/JsonResponse.php(84): json_encode(Array, 0)
#11 /Users/recycle/work/htain-thein-be/vendor/symfony/http-foundation/JsonResponse.php(49): Illuminate\\Http\\JsonResponse->setData(Array)
#12 /Users/recycle/work/htain-thein-be/vendor/laravel/framework/src/Illuminate/Http/JsonResponse.php(32): Symfony\\Component\\HttpFoundation\\JsonResponse->__construct(Array, 200, Array, false)
#13 /Users/recycle/work/htain-thein-be/vendor/laravel/framework/src/Illuminate/Routing/ResponseFactory.php(102): Illuminate\\Http\\JsonResponse->__construct(Array, 200, Array, 0)
#14 /Users/recycle/work/htain-thein-be/app/Services/NotificationInfo/GetAllNotificationsService.php(19): Illuminate\\Routing\\ResponseFactory->json(Array)
#15 /Users/recycle/work/htain-thein-be/app/UseCases/NotiInfo/NotiInfoAction.php(70): App\\Services\\NotificationInfo\\GetAllNotificationsService->__invoke(Object(App\\Repositories\\Notification\\NotificationRepository), 1)
#16 /Users/recycle/work/htain-thein-be/app/Http/Controllers/Api/NotiInfoController.php(31): App\\UseCases\\NotiInfo\\NotiInfoAction->getAllNotifications(1)
#17 /Users/recycle/work/htain-thein-be/vendor/laravel/framework/src/Illuminate/Routing/Controller.php(54): App\\Http\\Controllers\\Api\\NotiInfoController->index()
#18 /Users/recycle/work/htain-thein-be/vendor/laravel/framework/src/Illuminate/Routing/ControllerDispatcher.php(43): Illuminate\\Routing\\Controller->callAction('index', Array)
#19 /Users/recycle/work/htain-thein-be/vendor/laravel/framework/src/Illuminate/Routing/Route.php(259): Illuminate\\Routing\\ControllerDispatcher->dispatch(Object(Illuminate\\Routing\\Route), Object(App\\Http\\Controllers\\Api\\NotiInfoController), 'index')
#20 /Users/recycle/work/htain-thein-be/vendor/laravel/framework/src/Illuminate/Routing/Route.php(205): Illuminate\\Routing\\Route->runController()
#21 /Users/recycle/work/htain-thein-be/vendor/laravel/framework/src/Illuminate/Routing/Router.php(806): Illuminate\\Routing\\Route->run()
#22 /Users/recycle/work/htain-thein-be/vendor/laravel/framework/src/Illuminate/Pipeline/Pipeline.php(144): Illuminate\\Routing\\Router->Illuminate\\Routing\\{closure}(Object(Illuminate\\Http\\Request))
#23 /Users/recycle/work/htain-thein-be/vendor/laravel/framework/src/Illuminate/Routing/Middleware/SubstituteBindings.php(50): Illuminate\\Pipeline\\Pipeline->Illuminate\\Pipeline\\{closure}(Object(Illuminate\\Http\\Request))
#24 /Users/recycle/work/htain-thein-be/vendor/laravel/framework/src/Illuminate/Pipeline/Pipeline.php(183): Illuminate\\Routing\\Middleware\\SubstituteBindings->handle(Object(Illuminate\\Http\\Request), Object(Closure))
#25 /Users/recycle/work/htain-thein-be/vendor/laravel/framework/src/Illuminate/Routing/Middleware/ThrottleRequests.php(159): Illuminate\\Pipeline\\Pipeline->Illuminate\\Pipeline\\{closure}(Object(Illuminate\\Http\\Request))
#26 /Users/recycle/work/htain-thein-be/vendor/laravel/framework/src/Illuminate/Routing/Middleware/ThrottleRequests.php(125): Illuminate\\Routing\\Middleware\\ThrottleRequests->handleRequest(Object(Illuminate\\Http\\Request), Object(Closure), Array)
#27 /Users/recycle/work/htain-thein-be/vendor/laravel/framework/src/Illuminate/Routing/Middleware/ThrottleRequests.php(87): Illuminate\\Routing\\Middleware\\ThrottleRequests->handleRequestUsingNamedLimiter(Object(Illuminate\\Http\\Request), Object(Closure), 'api', Object(Closure))
#28 /Users/recycle/work/htain-thein-be/vendor/laravel/framework/src/Illuminate/Pipeline/Pipeline.php(183): Illuminate\\Routing\\Middleware\\ThrottleRequests->handle(Object(Illuminate\\Http\\Request), Object(Closure), 'api')
#29 /Users/recycle/work/htain-thein-be/vendor/laravel/framework/src/Illuminate/Auth/Middleware/Authenticate.php(57): Illuminate\\Pipeline\\Pipeline->Illuminate\\Pipeline\\{closure}(Object(Illuminate\\Http\\Request))
#30 /Users/recycle/work/htain-thein-be/vendor/laravel/framework/src/Illuminate/Pipeline/Pipeline.php(183): Illuminate\\Auth\\Middleware\\Authenticate->handle(Object(Illuminate\\Http\\Request), Object(Closure), 'sanctum')
#31 /Users/recycle/work/htain-thein-be/vendor/laravel/sanctum/src/Http/Middleware/EnsureFrontendRequestsAreStateful.php(25): Illuminate\\Pipeline\\Pipeline->Illuminate\\Pipeline\\{closure}(Object(Illuminate\\Http\\Request))
#32 /Users/recycle/work/htain-thein-be/vendor/laravel/framework/src/Illuminate/Pipeline/Pipeline.php(144): Laravel\\Sanctum\\Http\\Middleware\\EnsureFrontendRequestsAreStateful->Laravel\\Sanctum\\Http\\Middleware\\{closure}(Object(Illuminate\\Http\\Request))
#33 /Users/recycle/work/htain-thein-be/vendor/laravel/framework/src/Illuminate/Pipeline/Pipeline.php(119): Illuminate\\Pipeline\\Pipeline->Illuminate\\Pipeline\\{closure}(Object(Illuminate\\Http\\Request))
#34 /Users/recycle/work/htain-thein-be/vendor/laravel/sanctum/src/Http/Middleware/EnsureFrontendRequestsAreStateful.php(24): Illuminate\\Pipeline\\Pipeline->then(Object(Closure))
#35 /Users/recycle/work/htain-thein-be/vendor/laravel/framework/src/Illuminate/Pipeline/Pipeline.php(183): Laravel\\Sanctum\\Http\\Middleware\\EnsureFrontendRequestsAreStateful->handle(Object(Illuminate\\Http\\Request), Object(Closure))
#36 /Users/recycle/work/htain-thein-be/vendor/laravel/framework/src/Illuminate/Pipeline/Pipeline.php(119): Illuminate\\Pipeline\\Pipeline->Illuminate\\Pipeline\\{closure}(Object(Illuminate\\Http\\Request))
#37 /Users/recycle/work/htain-thein-be/vendor/laravel/framework/src/Illuminate/Routing/Router.php(805): Illuminate\\Pipeline\\Pipeline->then(Object(Closure))
#38 /Users/recycle/work/htain-thein-be/vendor/laravel/framework/src/Illuminate/Routing/Router.php(784): Illuminate\\Routing\\Router->runRouteWithinStack(Object(Illuminate\\Routing\\Route), Object(Illuminate\\Http\\Request))
#39 /Users/recycle/work/htain-thein-be/vendor/laravel/framework/src/Illuminate/Routing/Router.php(748): Illuminate\\Routing\\Router->runRoute(Object(Illuminate\\Http\\Request), Object(Illuminate\\Routing\\Route))
#40 /Users/recycle/work/htain-thein-be/vendor/laravel/framework/src/Illuminate/Routing/Router.php(737): Illuminate\\Routing\\Router->dispatchToRoute(Object(Illuminate\\Http\\Request))
#41 /Users/recycle/work/htain-thein-be/vendor/laravel/framework/src/Illuminate/Foundation/Http/Kernel.php(200): Illuminate\\Routing\\Router->dispatch(Object(Illuminate\\Http\\Request))
#42 /Users/recycle/work/htain-thein-be/vendor/laravel/framework/src/Illuminate/Pipeline/Pipeline.php(144): Illuminate\\Foundation\\Http\\Kernel->Illuminate\\Foundation\\Http\\{closure}(Object(Illuminate\\Http\\Request))
#43 /Users/recycle/work/htain-thein-be/vendor/laravel/framework/src/Illuminate/View/Middleware/ShareErrorsFromSession.php(49): Illuminate\\Pipeline\\Pipeline->Illuminate\\Pipeline\\{closure}(Object(Illuminate\\Http\\Request))
#44 /Users/recycle/work/htain-thein-be/vendor/laravel/framework/src/Illuminate/Pipeline/Pipeline.php(183): Illuminate\\View\\Middleware\\ShareErrorsFromSession->handle(Object(Illuminate\\Http\\Request), Object(Closure))
#45 /Users/recycle/work/htain-thein-be/vendor/laravel/framework/src/Illuminate/Session/Middleware/StartSession.php(121): Illuminate\\Pipeline\\Pipeline->Illuminate\\Pipeline\\{closure}(Object(Illuminate\\Http\\Request))
#46 /Users/recycle/work/htain-thein-be/vendor/laravel/framework/src/Illuminate/Session/Middleware/StartSession.php(64): Illuminate\\Session\\Middleware\\StartSession->handleStatefulRequest(Object(Illuminate\\Http\\Request), Object(Illuminate\\Session\\Store), Object(Closure))
#47 /Users/recycle/work/htain-thein-be/vendor/laravel/framework/src/Illuminate/Pipeline/Pipeline.php(183): Illuminate\\Session\\Middleware\\StartSession->handle(Object(Illuminate\\Http\\Request), Object(Closure))
#48 /Users/recycle/work/htain-thein-be/vendor/laravel/framework/src/Illuminate/Foundation/Http/Middleware/TransformsRequest.php(21): Illuminate\\Pipeline\\Pipeline->Illuminate\\Pipeline\\{closure}(Object(Illuminate\\Http\\Request))
#49 /Users/recycle/work/htain-thein-be/vendor/laravel/framework/src/Illuminate/Foundation/Http/Middleware/ConvertEmptyStringsToNull.php(31): Illuminate\\Foundation\\Http\\Middleware\\TransformsRequest->handle(Object(Illuminate\\Http\\Request), Object(Closure))
#50 /Users/recycle/work/htain-thein-be/vendor/laravel/framework/src/Illuminate/Pipeline/Pipeline.php(183): Illuminate\\Foundation\\Http\\Middleware\\ConvertEmptyStringsToNull->handle(Object(Illuminate\\Http\\Request), Object(Closure))
#51 /Users/recycle/work/htain-thein-be/vendor/laravel/framework/src/Illuminate/Foundation/Http/Middleware/TransformsRequest.php(21): Illuminate\\Pipeline\\Pipeline->Illuminate\\Pipeline\\{closure}(Object(Illuminate\\Http\\Request))
#52 /Users/recycle/work/htain-thein-be/vendor/laravel/framework/src/Illuminate/Foundation/Http/Middleware/TrimStrings.php(40): Illuminate\\Foundation\\Http\\Middleware\\TransformsRequest->handle(Object(Illuminate\\Http\\Request), Object(Closure))
#53 /Users/recycle/work/htain-thein-be/vendor/laravel/framework/src/Illuminate/Pipeline/Pipeline.php(183): Illuminate\\Foundation\\Http\\Middleware\\TrimStrings->handle(Object(Illuminate\\Http\\Request), Object(Closure))
#54 /Users/recycle/work/htain-thein-be/vendor/laravel/framework/src/Illuminate/Foundation/Http/Middleware/ValidatePostSize.php(27): Illuminate\\Pipeline\\Pipeline->Illuminate\\Pipeline\\{closure}(Object(Illuminate\\Http\\Request))
#55 /Users/recycle/work/htain-thein-be/vendor/laravel/framework/src/Illuminate/Pipeline/Pipeline.php(183): Illuminate\\Foundation\\Http\\Middleware\\ValidatePostSize->handle(Object(Illuminate\\Http\\Request), Object(Closure))
#56 /Users/recycle/work/htain-thein-be/vendor/laravel/framework/src/Illuminate/Foundation/Http/Middleware/PreventRequestsDuringMaintenance.php(99): Illuminate\\Pipeline\\Pipeline->Illuminate\\Pipeline\\{closure}(Object(Illuminate\\Http\\Request))
#57 /Users/recycle/work/htain-thein-be/vendor/laravel/framework/src/Illuminate/Pipeline/Pipeline.php(183): Illuminate\\Foundation\\Http\\Middleware\\PreventRequestsDuringMaintenance->handle(Object(Illuminate\\Http\\Request), Object(Closure))
#58 /Users/recycle/work/htain-thein-be/vendor/laravel/framework/src/Illuminate/Http/Middleware/HandleCors.php(62): Illuminate\\Pipeline\\Pipeline->Illuminate\\Pipeline\\{closure}(Object(Illuminate\\Http\\Request))
#59 /Users/recycle/work/htain-thein-be/vendor/laravel/framework/src/Illuminate/Pipeline/Pipeline.php(183): Illuminate\\Http\\Middleware\\HandleCors->handle(Object(Illuminate\\Http\\Request), Object(Closure))
#60 /Users/recycle/work/htain-thein-be/vendor/laravel/framework/src/Illuminate/Http/Middleware/TrustProxies.php(39): Illuminate\\Pipeline\\Pipeline->Illuminate\\Pipeline\\{closure}(Object(Illuminate\\Http\\Request))
#61 /Users/recycle/work/htain-thein-be/vendor/laravel/framework/src/Illuminate/Pipeline/Pipeline.php(183): Illuminate\\Http\\Middleware\\TrustProxies->handle(Object(Illuminate\\Http\\Request), Object(Closure))
#62 /Users/recycle/work/htain-thein-be/vendor/laravel/framework/src/Illuminate/Pipeline/Pipeline.php(119): Illuminate\\Pipeline\\Pipeline->Illuminate\\Pipeline\\{closure}(Object(Illuminate\\Http\\Request))
#63 /Users/recycle/work/htain-thein-be/vendor/laravel/framework/src/Illuminate/Foundation/Http/Kernel.php(175): Illuminate\\Pipeline\\Pipeline->then(Object(Closure))
#64 /Users/recycle/work/htain-thein-be/vendor/laravel/framework/src/Illuminate/Foundation/Http/Kernel.php(144): Illuminate\\Foundation\\Http\\Kernel->sendRequestThroughRouter(Object(Illuminate\\Http\\Request))
#65 /Users/recycle/work/htain-thein-be/public/index.php(51): Illuminate\\Foundation\\Http\\Kernel->handle(Object(Illuminate\\Http\\Request))
#66 /Users/recycle/work/htain-thein-be/vendor/laravel/framework/src/Illuminate/Foundation/resources/server.php(16): require_once('/Users/recycle/...')
#67 {main}
"} 
[2025-01-21 13:17:04] local.ERROR: The HTTP status code "0" is not valid. {"userId":1,"exception":"[object] (InvalidArgumentException(code: 0): The HTTP status code \"0\" is not valid. at /Users/recycle/work/htain-thein-be/vendor/symfony/http-foundation/Response.php:502)
[stacktrace]
#0 /Users/recycle/work/htain-thein-be/vendor/symfony/http-foundation/Response.php(228): Symfony\\Component\\HttpFoundation\\Response->setStatusCode(0)
#1 /Users/recycle/work/htain-thein-be/vendor/symfony/http-foundation/JsonResponse.php(41): Symfony\\Component\\HttpFoundation\\Response->__construct('', 0, Array)
#2 /Users/recycle/work/htain-thein-be/vendor/laravel/framework/src/Illuminate/Http/JsonResponse.php(32): Symfony\\Component\\HttpFoundation\\JsonResponse->__construct(Array, 0, Array, false)
#3 /Users/recycle/work/htain-thein-be/vendor/laravel/framework/src/Illuminate/Routing/ResponseFactory.php(102): Illuminate\\Http\\JsonResponse->__construct(Array, 0, Array, 0)
#4 /Users/recycle/work/htain-thein-be/app/Exceptions/Handler.php(89): Illuminate\\Routing\\ResponseFactory->json(Array, 0)
#5 /Users/recycle/work/htain-thein-be/vendor/laravel/framework/src/Illuminate/Routing/Pipeline.php(51): App\\Exceptions\\Handler->render(Object(Illuminate\\Http\\Request), Object(App\\Exceptions\\CustomErrorException))
#6 /Users/recycle/work/htain-thein-be/vendor/laravel/framework/src/Illuminate/Pipeline/Pipeline.php(146): Illuminate\\Routing\\Pipeline->handleException(Object(Illuminate\\Http\\Request), Object(App\\Exceptions\\CustomErrorException))
#7 /Users/recycle/work/htain-thein-be/vendor/laravel/framework/src/Illuminate/Routing/Middleware/SubstituteBindings.php(50): Illuminate\\Pipeline\\Pipeline->Illuminate\\Pipeline\\{closure}(Object(Illuminate\\Http\\Request))
#8 /Users/recycle/work/htain-thein-be/vendor/laravel/framework/src/Illuminate/Pipeline/Pipeline.php(183): Illuminate\\Routing\\Middleware\\SubstituteBindings->handle(Object(Illuminate\\Http\\Request), Object(Closure))
#9 /Users/recycle/work/htain-thein-be/vendor/laravel/framework/src/Illuminate/Routing/Middleware/ThrottleRequests.php(159): Illuminate\\Pipeline\\Pipeline->Illuminate\\Pipeline\\{closure}(Object(Illuminate\\Http\\Request))
#10 /Users/recycle/work/htain-thein-be/vendor/laravel/framework/src/Illuminate/Routing/Middleware/ThrottleRequests.php(125): Illuminate\\Routing\\Middleware\\ThrottleRequests->handleRequest(Object(Illuminate\\Http\\Request), Object(Closure), Array)
#11 /Users/recycle/work/htain-thein-be/vendor/laravel/framework/src/Illuminate/Routing/Middleware/ThrottleRequests.php(87): Illuminate\\Routing\\Middleware\\ThrottleRequests->handleRequestUsingNamedLimiter(Object(Illuminate\\Http\\Request), Object(Closure), 'api', Object(Closure))
#12 /Users/recycle/work/htain-thein-be/vendor/laravel/framework/src/Illuminate/Pipeline/Pipeline.php(183): Illuminate\\Routing\\Middleware\\ThrottleRequests->handle(Object(Illuminate\\Http\\Request), Object(Closure), 'api')
#13 /Users/recycle/work/htain-thein-be/vendor/laravel/framework/src/Illuminate/Auth/Middleware/Authenticate.php(57): Illuminate\\Pipeline\\Pipeline->Illuminate\\Pipeline\\{closure}(Object(Illuminate\\Http\\Request))
#14 /Users/recycle/work/htain-thein-be/vendor/laravel/framework/src/Illuminate/Pipeline/Pipeline.php(183): Illuminate\\Auth\\Middleware\\Authenticate->handle(Object(Illuminate\\Http\\Request), Object(Closure), 'sanctum')
#15 /Users/recycle/work/htain-thein-be/vendor/laravel/sanctum/src/Http/Middleware/EnsureFrontendRequestsAreStateful.php(25): Illuminate\\Pipeline\\Pipeline->Illuminate\\Pipeline\\{closure}(Object(Illuminate\\Http\\Request))
#16 /Users/recycle/work/htain-thein-be/vendor/laravel/framework/src/Illuminate/Pipeline/Pipeline.php(144): Laravel\\Sanctum\\Http\\Middleware\\EnsureFrontendRequestsAreStateful->Laravel\\Sanctum\\Http\\Middleware\\{closure}(Object(Illuminate\\Http\\Request))
#17 /Users/recycle/work/htain-thein-be/vendor/laravel/framework/src/Illuminate/Pipeline/Pipeline.php(119): Illuminate\\Pipeline\\Pipeline->Illuminate\\Pipeline\\{closure}(Object(Illuminate\\Http\\Request))
#18 /Users/recycle/work/htain-thein-be/vendor/laravel/sanctum/src/Http/Middleware/EnsureFrontendRequestsAreStateful.php(24): Illuminate\\Pipeline\\Pipeline->then(Object(Closure))
#19 /Users/recycle/work/htain-thein-be/vendor/laravel/framework/src/Illuminate/Pipeline/Pipeline.php(183): Laravel\\Sanctum\\Http\\Middleware\\EnsureFrontendRequestsAreStateful->handle(Object(Illuminate\\Http\\Request), Object(Closure))
#20 /Users/recycle/work/htain-thein-be/vendor/laravel/framework/src/Illuminate/Pipeline/Pipeline.php(119): Illuminate\\Pipeline\\Pipeline->Illuminate\\Pipeline\\{closure}(Object(Illuminate\\Http\\Request))
#21 /Users/recycle/work/htain-thein-be/vendor/laravel/framework/src/Illuminate/Routing/Router.php(805): Illuminate\\Pipeline\\Pipeline->then(Object(Closure))
#22 /Users/recycle/work/htain-thein-be/vendor/laravel/framework/src/Illuminate/Routing/Router.php(784): Illuminate\\Routing\\Router->runRouteWithinStack(Object(Illuminate\\Routing\\Route), Object(Illuminate\\Http\\Request))
#23 /Users/recycle/work/htain-thein-be/vendor/laravel/framework/src/Illuminate/Routing/Router.php(748): Illuminate\\Routing\\Router->runRoute(Object(Illuminate\\Http\\Request), Object(Illuminate\\Routing\\Route))
#24 /Users/recycle/work/htain-thein-be/vendor/laravel/framework/src/Illuminate/Routing/Router.php(737): Illuminate\\Routing\\Router->dispatchToRoute(Object(Illuminate\\Http\\Request))
#25 /Users/recycle/work/htain-thein-be/vendor/laravel/framework/src/Illuminate/Foundation/Http/Kernel.php(200): Illuminate\\Routing\\Router->dispatch(Object(Illuminate\\Http\\Request))
#26 /Users/recycle/work/htain-thein-be/vendor/laravel/framework/src/Illuminate/Pipeline/Pipeline.php(144): Illuminate\\Foundation\\Http\\Kernel->Illuminate\\Foundation\\Http\\{closure}(Object(Illuminate\\Http\\Request))
#27 /Users/recycle/work/htain-thein-be/vendor/laravel/framework/src/Illuminate/View/Middleware/ShareErrorsFromSession.php(49): Illuminate\\Pipeline\\Pipeline->Illuminate\\Pipeline\\{closure}(Object(Illuminate\\Http\\Request))
#28 /Users/recycle/work/htain-thein-be/vendor/laravel/framework/src/Illuminate/Pipeline/Pipeline.php(183): Illuminate\\View\\Middleware\\ShareErrorsFromSession->handle(Object(Illuminate\\Http\\Request), Object(Closure))
#29 /Users/recycle/work/htain-thein-be/vendor/laravel/framework/src/Illuminate/Session/Middleware/StartSession.php(121): Illuminate\\Pipeline\\Pipeline->Illuminate\\Pipeline\\{closure}(Object(Illuminate\\Http\\Request))
#30 /Users/recycle/work/htain-thein-be/vendor/laravel/framework/src/Illuminate/Session/Middleware/StartSession.php(64): Illuminate\\Session\\Middleware\\StartSession->handleStatefulRequest(Object(Illuminate\\Http\\Request), Object(Illuminate\\Session\\Store), Object(Closure))
#31 /Users/recycle/work/htain-thein-be/vendor/laravel/framework/src/Illuminate/Pipeline/Pipeline.php(183): Illuminate\\Session\\Middleware\\StartSession->handle(Object(Illuminate\\Http\\Request), Object(Closure))
#32 /Users/recycle/work/htain-thein-be/vendor/laravel/framework/src/Illuminate/Foundation/Http/Middleware/TransformsRequest.php(21): Illuminate\\Pipeline\\Pipeline->Illuminate\\Pipeline\\{closure}(Object(Illuminate\\Http\\Request))
#33 /Users/recycle/work/htain-thein-be/vendor/laravel/framework/src/Illuminate/Foundation/Http/Middleware/ConvertEmptyStringsToNull.php(31): Illuminate\\Foundation\\Http\\Middleware\\TransformsRequest->handle(Object(Illuminate\\Http\\Request), Object(Closure))
#34 /Users/recycle/work/htain-thein-be/vendor/laravel/framework/src/Illuminate/Pipeline/Pipeline.php(183): Illuminate\\Foundation\\Http\\Middleware\\ConvertEmptyStringsToNull->handle(Object(Illuminate\\Http\\Request), Object(Closure))
#35 /Users/recycle/work/htain-thein-be/vendor/laravel/framework/src/Illuminate/Foundation/Http/Middleware/TransformsRequest.php(21): Illuminate\\Pipeline\\Pipeline->Illuminate\\Pipeline\\{closure}(Object(Illuminate\\Http\\Request))
#36 /Users/recycle/work/htain-thein-be/vendor/laravel/framework/src/Illuminate/Foundation/Http/Middleware/TrimStrings.php(40): Illuminate\\Foundation\\Http\\Middleware\\TransformsRequest->handle(Object(Illuminate\\Http\\Request), Object(Closure))
#37 /Users/recycle/work/htain-thein-be/vendor/laravel/framework/src/Illuminate/Pipeline/Pipeline.php(183): Illuminate\\Foundation\\Http\\Middleware\\TrimStrings->handle(Object(Illuminate\\Http\\Request), Object(Closure))
#38 /Users/recycle/work/htain-thein-be/vendor/laravel/framework/src/Illuminate/Foundation/Http/Middleware/ValidatePostSize.php(27): Illuminate\\Pipeline\\Pipeline->Illuminate\\Pipeline\\{closure}(Object(Illuminate\\Http\\Request))
#39 /Users/recycle/work/htain-thein-be/vendor/laravel/framework/src/Illuminate/Pipeline/Pipeline.php(183): Illuminate\\Foundation\\Http\\Middleware\\ValidatePostSize->handle(Object(Illuminate\\Http\\Request), Object(Closure))
#40 /Users/recycle/work/htain-thein-be/vendor/laravel/framework/src/Illuminate/Foundation/Http/Middleware/PreventRequestsDuringMaintenance.php(99): Illuminate\\Pipeline\\Pipeline->Illuminate\\Pipeline\\{closure}(Object(Illuminate\\Http\\Request))
#41 /Users/recycle/work/htain-thein-be/vendor/laravel/framework/src/Illuminate/Pipeline/Pipeline.php(183): Illuminate\\Foundation\\Http\\Middleware\\PreventRequestsDuringMaintenance->handle(Object(Illuminate\\Http\\Request), Object(Closure))
#42 /Users/recycle/work/htain-thein-be/vendor/laravel/framework/src/Illuminate/Http/Middleware/HandleCors.php(62): Illuminate\\Pipeline\\Pipeline->Illuminate\\Pipeline\\{closure}(Object(Illuminate\\Http\\Request))
#43 /Users/recycle/work/htain-thein-be/vendor/laravel/framework/src/Illuminate/Pipeline/Pipeline.php(183): Illuminate\\Http\\Middleware\\HandleCors->handle(Object(Illuminate\\Http\\Request), Object(Closure))
#44 /Users/recycle/work/htain-thein-be/vendor/laravel/framework/src/Illuminate/Http/Middleware/TrustProxies.php(39): Illuminate\\Pipeline\\Pipeline->Illuminate\\Pipeline\\{closure}(Object(Illuminate\\Http\\Request))
#45 /Users/recycle/work/htain-thein-be/vendor/laravel/framework/src/Illuminate/Pipeline/Pipeline.php(183): Illuminate\\Http\\Middleware\\TrustProxies->handle(Object(Illuminate\\Http\\Request), Object(Closure))
#46 /Users/recycle/work/htain-thein-be/vendor/laravel/framework/src/Illuminate/Pipeline/Pipeline.php(119): Illuminate\\Pipeline\\Pipeline->Illuminate\\Pipeline\\{closure}(Object(Illuminate\\Http\\Request))
#47 /Users/recycle/work/htain-thein-be/vendor/laravel/framework/src/Illuminate/Foundation/Http/Kernel.php(175): Illuminate\\Pipeline\\Pipeline->then(Object(Closure))
#48 /Users/recycle/work/htain-thein-be/vendor/laravel/framework/src/Illuminate/Foundation/Http/Kernel.php(144): Illuminate\\Foundation\\Http\\Kernel->sendRequestThroughRouter(Object(Illuminate\\Http\\Request))
#49 /Users/recycle/work/htain-thein-be/public/index.php(51): Illuminate\\Foundation\\Http\\Kernel->handle(Object(Illuminate\\Http\\Request))
#50 /Users/recycle/work/htain-thein-be/vendor/laravel/framework/src/Illuminate/Foundation/resources/server.php(16): require_once('/Users/recycle/...')
#51 {main}
"} 
[2025-01-21 13:17:07] local.ERROR: The $date parameter must be a string, a DateTimeInterface instance, or null. {"userId":1,"exception":"[object] (App\\Exceptions\\CustomErrorException(code: 0): The $date parameter must be a string, a DateTimeInterface instance, or null. at /Users/recycle/work/htain-thein-be/App/Helpers/DateChangeHelper.php:15)
[stacktrace]
#0 /Users/recycle/work/htain-thein-be/app/Http/Resources/NotificationReadResource.php(21): changeToDifferForHuman(NULL)
#1 /Users/recycle/work/htain-thein-be/vendor/laravel/framework/src/Illuminate/Collections/HigherOrderCollectionProxy.php(60): App\\Http\\Resources\\NotificationReadResource->toArray(Object(Illuminate\\Http\\Request))
#2 [internal function]: Illuminate\\Support\\HigherOrderCollectionProxy->Illuminate\\Support\\{closure}(Object(App\\Http\\Resources\\NotificationReadResource), 0)
#3 /Users/recycle/work/htain-thein-be/vendor/laravel/framework/src/Illuminate/Collections/Arr.php(600): array_map(Object(Closure), Array, Array)
#4 /Users/recycle/work/htain-thein-be/vendor/laravel/framework/src/Illuminate/Collections/Collection.php(778): Illuminate\\Support\\Arr::map(Array, Object(Closure))
#5 /Users/recycle/work/htain-thein-be/vendor/laravel/framework/src/Illuminate/Collections/HigherOrderCollectionProxy.php(59): Illuminate\\Support\\Collection->map(Object(Closure))
#6 /Users/recycle/work/htain-thein-be/vendor/laravel/framework/src/Illuminate/Http/Resources/Json/ResourceCollection.php(102): Illuminate\\Support\\HigherOrderCollectionProxy->__call('toArray', Array)
#7 /Users/recycle/work/htain-thein-be/vendor/laravel/framework/src/Illuminate/Http/Resources/Json/JsonResource.php(108): Illuminate\\Http\\Resources\\Json\\ResourceCollection->toArray(Object(Illuminate\\Http\\Request))
#8 /Users/recycle/work/htain-thein-be/vendor/laravel/framework/src/Illuminate/Http/Resources/Json/JsonResource.php(255): Illuminate\\Http\\Resources\\Json\\JsonResource->resolve(Object(Illuminate\\Http\\Request))
#9 [internal function]: Illuminate\\Http\\Resources\\Json\\JsonResource->jsonSerialize()
#10 /Users/recycle/work/htain-thein-be/vendor/laravel/framework/src/Illuminate/Http/JsonResponse.php(84): json_encode(Array, 0)
#11 /Users/recycle/work/htain-thein-be/vendor/symfony/http-foundation/JsonResponse.php(49): Illuminate\\Http\\JsonResponse->setData(Array)
#12 /Users/recycle/work/htain-thein-be/vendor/laravel/framework/src/Illuminate/Http/JsonResponse.php(32): Symfony\\Component\\HttpFoundation\\JsonResponse->__construct(Array, 200, Array, false)
#13 /Users/recycle/work/htain-thein-be/vendor/laravel/framework/src/Illuminate/Routing/ResponseFactory.php(102): Illuminate\\Http\\JsonResponse->__construct(Array, 200, Array, 0)
#14 /Users/recycle/work/htain-thein-be/app/Services/NotificationInfo/GetAllNotificationsService.php(19): Illuminate\\Routing\\ResponseFactory->json(Array)
#15 /Users/recycle/work/htain-thein-be/app/UseCases/NotiInfo/NotiInfoAction.php(70): App\\Services\\NotificationInfo\\GetAllNotificationsService->__invoke(Object(App\\Repositories\\Notification\\NotificationRepository), 1)
#16 /Users/recycle/work/htain-thein-be/app/Http/Controllers/Api/NotiInfoController.php(31): App\\UseCases\\NotiInfo\\NotiInfoAction->getAllNotifications(1)
#17 /Users/recycle/work/htain-thein-be/vendor/laravel/framework/src/Illuminate/Routing/Controller.php(54): App\\Http\\Controllers\\Api\\NotiInfoController->index()
#18 /Users/recycle/work/htain-thein-be/vendor/laravel/framework/src/Illuminate/Routing/ControllerDispatcher.php(43): Illuminate\\Routing\\Controller->callAction('index', Array)
#19 /Users/recycle/work/htain-thein-be/vendor/laravel/framework/src/Illuminate/Routing/Route.php(259): Illuminate\\Routing\\ControllerDispatcher->dispatch(Object(Illuminate\\Routing\\Route), Object(App\\Http\\Controllers\\Api\\NotiInfoController), 'index')
#20 /Users/recycle/work/htain-thein-be/vendor/laravel/framework/src/Illuminate/Routing/Route.php(205): Illuminate\\Routing\\Route->runController()
#21 /Users/recycle/work/htain-thein-be/vendor/laravel/framework/src/Illuminate/Routing/Router.php(806): Illuminate\\Routing\\Route->run()
#22 /Users/recycle/work/htain-thein-be/vendor/laravel/framework/src/Illuminate/Pipeline/Pipeline.php(144): Illuminate\\Routing\\Router->Illuminate\\Routing\\{closure}(Object(Illuminate\\Http\\Request))
#23 /Users/recycle/work/htain-thein-be/vendor/laravel/framework/src/Illuminate/Routing/Middleware/SubstituteBindings.php(50): Illuminate\\Pipeline\\Pipeline->Illuminate\\Pipeline\\{closure}(Object(Illuminate\\Http\\Request))
#24 /Users/recycle/work/htain-thein-be/vendor/laravel/framework/src/Illuminate/Pipeline/Pipeline.php(183): Illuminate\\Routing\\Middleware\\SubstituteBindings->handle(Object(Illuminate\\Http\\Request), Object(Closure))
#25 /Users/recycle/work/htain-thein-be/vendor/laravel/framework/src/Illuminate/Routing/Middleware/ThrottleRequests.php(159): Illuminate\\Pipeline\\Pipeline->Illuminate\\Pipeline\\{closure}(Object(Illuminate\\Http\\Request))
#26 /Users/recycle/work/htain-thein-be/vendor/laravel/framework/src/Illuminate/Routing/Middleware/ThrottleRequests.php(125): Illuminate\\Routing\\Middleware\\ThrottleRequests->handleRequest(Object(Illuminate\\Http\\Request), Object(Closure), Array)
#27 /Users/recycle/work/htain-thein-be/vendor/laravel/framework/src/Illuminate/Routing/Middleware/ThrottleRequests.php(87): Illuminate\\Routing\\Middleware\\ThrottleRequests->handleRequestUsingNamedLimiter(Object(Illuminate\\Http\\Request), Object(Closure), 'api', Object(Closure))
#28 /Users/recycle/work/htain-thein-be/vendor/laravel/framework/src/Illuminate/Pipeline/Pipeline.php(183): Illuminate\\Routing\\Middleware\\ThrottleRequests->handle(Object(Illuminate\\Http\\Request), Object(Closure), 'api')
#29 /Users/recycle/work/htain-thein-be/vendor/laravel/framework/src/Illuminate/Auth/Middleware/Authenticate.php(57): Illuminate\\Pipeline\\Pipeline->Illuminate\\Pipeline\\{closure}(Object(Illuminate\\Http\\Request))
#30 /Users/recycle/work/htain-thein-be/vendor/laravel/framework/src/Illuminate/Pipeline/Pipeline.php(183): Illuminate\\Auth\\Middleware\\Authenticate->handle(Object(Illuminate\\Http\\Request), Object(Closure), 'sanctum')
#31 /Users/recycle/work/htain-thein-be/vendor/laravel/sanctum/src/Http/Middleware/EnsureFrontendRequestsAreStateful.php(25): Illuminate\\Pipeline\\Pipeline->Illuminate\\Pipeline\\{closure}(Object(Illuminate\\Http\\Request))
#32 /Users/recycle/work/htain-thein-be/vendor/laravel/framework/src/Illuminate/Pipeline/Pipeline.php(144): Laravel\\Sanctum\\Http\\Middleware\\EnsureFrontendRequestsAreStateful->Laravel\\Sanctum\\Http\\Middleware\\{closure}(Object(Illuminate\\Http\\Request))
#33 /Users/recycle/work/htain-thein-be/vendor/laravel/framework/src/Illuminate/Pipeline/Pipeline.php(119): Illuminate\\Pipeline\\Pipeline->Illuminate\\Pipeline\\{closure}(Object(Illuminate\\Http\\Request))
#34 /Users/recycle/work/htain-thein-be/vendor/laravel/sanctum/src/Http/Middleware/EnsureFrontendRequestsAreStateful.php(24): Illuminate\\Pipeline\\Pipeline->then(Object(Closure))
#35 /Users/recycle/work/htain-thein-be/vendor/laravel/framework/src/Illuminate/Pipeline/Pipeline.php(183): Laravel\\Sanctum\\Http\\Middleware\\EnsureFrontendRequestsAreStateful->handle(Object(Illuminate\\Http\\Request), Object(Closure))
#36 /Users/recycle/work/htain-thein-be/vendor/laravel/framework/src/Illuminate/Pipeline/Pipeline.php(119): Illuminate\\Pipeline\\Pipeline->Illuminate\\Pipeline\\{closure}(Object(Illuminate\\Http\\Request))
#37 /Users/recycle/work/htain-thein-be/vendor/laravel/framework/src/Illuminate/Routing/Router.php(805): Illuminate\\Pipeline\\Pipeline->then(Object(Closure))
#38 /Users/recycle/work/htain-thein-be/vendor/laravel/framework/src/Illuminate/Routing/Router.php(784): Illuminate\\Routing\\Router->runRouteWithinStack(Object(Illuminate\\Routing\\Route), Object(Illuminate\\Http\\Request))
#39 /Users/recycle/work/htain-thein-be/vendor/laravel/framework/src/Illuminate/Routing/Router.php(748): Illuminate\\Routing\\Router->runRoute(Object(Illuminate\\Http\\Request), Object(Illuminate\\Routing\\Route))
#40 /Users/recycle/work/htain-thein-be/vendor/laravel/framework/src/Illuminate/Routing/Router.php(737): Illuminate\\Routing\\Router->dispatchToRoute(Object(Illuminate\\Http\\Request))
#41 /Users/recycle/work/htain-thein-be/vendor/laravel/framework/src/Illuminate/Foundation/Http/Kernel.php(200): Illuminate\\Routing\\Router->dispatch(Object(Illuminate\\Http\\Request))
#42 /Users/recycle/work/htain-thein-be/vendor/laravel/framework/src/Illuminate/Pipeline/Pipeline.php(144): Illuminate\\Foundation\\Http\\Kernel->Illuminate\\Foundation\\Http\\{closure}(Object(Illuminate\\Http\\Request))
#43 /Users/recycle/work/htain-thein-be/vendor/laravel/framework/src/Illuminate/View/Middleware/ShareErrorsFromSession.php(49): Illuminate\\Pipeline\\Pipeline->Illuminate\\Pipeline\\{closure}(Object(Illuminate\\Http\\Request))
#44 /Users/recycle/work/htain-thein-be/vendor/laravel/framework/src/Illuminate/Pipeline/Pipeline.php(183): Illuminate\\View\\Middleware\\ShareErrorsFromSession->handle(Object(Illuminate\\Http\\Request), Object(Closure))
#45 /Users/recycle/work/htain-thein-be/vendor/laravel/framework/src/Illuminate/Session/Middleware/StartSession.php(121): Illuminate\\Pipeline\\Pipeline->Illuminate\\Pipeline\\{closure}(Object(Illuminate\\Http\\Request))
#46 /Users/recycle/work/htain-thein-be/vendor/laravel/framework/src/Illuminate/Session/Middleware/StartSession.php(64): Illuminate\\Session\\Middleware\\StartSession->handleStatefulRequest(Object(Illuminate\\Http\\Request), Object(Illuminate\\Session\\Store), Object(Closure))
#47 /Users/recycle/work/htain-thein-be/vendor/laravel/framework/src/Illuminate/Pipeline/Pipeline.php(183): Illuminate\\Session\\Middleware\\StartSession->handle(Object(Illuminate\\Http\\Request), Object(Closure))
#48 /Users/recycle/work/htain-thein-be/vendor/laravel/framework/src/Illuminate/Foundation/Http/Middleware/TransformsRequest.php(21): Illuminate\\Pipeline\\Pipeline->Illuminate\\Pipeline\\{closure}(Object(Illuminate\\Http\\Request))
#49 /Users/recycle/work/htain-thein-be/vendor/laravel/framework/src/Illuminate/Foundation/Http/Middleware/ConvertEmptyStringsToNull.php(31): Illuminate\\Foundation\\Http\\Middleware\\TransformsRequest->handle(Object(Illuminate\\Http\\Request), Object(Closure))
#50 /Users/recycle/work/htain-thein-be/vendor/laravel/framework/src/Illuminate/Pipeline/Pipeline.php(183): Illuminate\\Foundation\\Http\\Middleware\\ConvertEmptyStringsToNull->handle(Object(Illuminate\\Http\\Request), Object(Closure))
#51 /Users/recycle/work/htain-thein-be/vendor/laravel/framework/src/Illuminate/Foundation/Http/Middleware/TransformsRequest.php(21): Illuminate\\Pipeline\\Pipeline->Illuminate\\Pipeline\\{closure}(Object(Illuminate\\Http\\Request))
#52 /Users/recycle/work/htain-thein-be/vendor/laravel/framework/src/Illuminate/Foundation/Http/Middleware/TrimStrings.php(40): Illuminate\\Foundation\\Http\\Middleware\\TransformsRequest->handle(Object(Illuminate\\Http\\Request), Object(Closure))
#53 /Users/recycle/work/htain-thein-be/vendor/laravel/framework/src/Illuminate/Pipeline/Pipeline.php(183): Illuminate\\Foundation\\Http\\Middleware\\TrimStrings->handle(Object(Illuminate\\Http\\Request), Object(Closure))
#54 /Users/recycle/work/htain-thein-be/vendor/laravel/framework/src/Illuminate/Foundation/Http/Middleware/ValidatePostSize.php(27): Illuminate\\Pipeline\\Pipeline->Illuminate\\Pipeline\\{closure}(Object(Illuminate\\Http\\Request))
#55 /Users/recycle/work/htain-thein-be/vendor/laravel/framework/src/Illuminate/Pipeline/Pipeline.php(183): Illuminate\\Foundation\\Http\\Middleware\\ValidatePostSize->handle(Object(Illuminate\\Http\\Request), Object(Closure))
#56 /Users/recycle/work/htain-thein-be/vendor/laravel/framework/src/Illuminate/Foundation/Http/Middleware/PreventRequestsDuringMaintenance.php(99): Illuminate\\Pipeline\\Pipeline->Illuminate\\Pipeline\\{closure}(Object(Illuminate\\Http\\Request))
#57 /Users/recycle/work/htain-thein-be/vendor/laravel/framework/src/Illuminate/Pipeline/Pipeline.php(183): Illuminate\\Foundation\\Http\\Middleware\\PreventRequestsDuringMaintenance->handle(Object(Illuminate\\Http\\Request), Object(Closure))
#58 /Users/recycle/work/htain-thein-be/vendor/laravel/framework/src/Illuminate/Http/Middleware/HandleCors.php(62): Illuminate\\Pipeline\\Pipeline->Illuminate\\Pipeline\\{closure}(Object(Illuminate\\Http\\Request))
#59 /Users/recycle/work/htain-thein-be/vendor/laravel/framework/src/Illuminate/Pipeline/Pipeline.php(183): Illuminate\\Http\\Middleware\\HandleCors->handle(Object(Illuminate\\Http\\Request), Object(Closure))
#60 /Users/recycle/work/htain-thein-be/vendor/laravel/framework/src/Illuminate/Http/Middleware/TrustProxies.php(39): Illuminate\\Pipeline\\Pipeline->Illuminate\\Pipeline\\{closure}(Object(Illuminate\\Http\\Request))
#61 /Users/recycle/work/htain-thein-be/vendor/laravel/framework/src/Illuminate/Pipeline/Pipeline.php(183): Illuminate\\Http\\Middleware\\TrustProxies->handle(Object(Illuminate\\Http\\Request), Object(Closure))
#62 /Users/recycle/work/htain-thein-be/vendor/laravel/framework/src/Illuminate/Pipeline/Pipeline.php(119): Illuminate\\Pipeline\\Pipeline->Illuminate\\Pipeline\\{closure}(Object(Illuminate\\Http\\Request))
#63 /Users/recycle/work/htain-thein-be/vendor/laravel/framework/src/Illuminate/Foundation/Http/Kernel.php(175): Illuminate\\Pipeline\\Pipeline->then(Object(Closure))
#64 /Users/recycle/work/htain-thein-be/vendor/laravel/framework/src/Illuminate/Foundation/Http/Kernel.php(144): Illuminate\\Foundation\\Http\\Kernel->sendRequestThroughRouter(Object(Illuminate\\Http\\Request))
#65 /Users/recycle/work/htain-thein-be/public/index.php(51): Illuminate\\Foundation\\Http\\Kernel->handle(Object(Illuminate\\Http\\Request))
#66 /Users/recycle/work/htain-thein-be/vendor/laravel/framework/src/Illuminate/Foundation/resources/server.php(16): require_once('/Users/recycle/...')
#67 {main}
"} 
[2025-01-21 13:17:07] local.ERROR: The HTTP status code "0" is not valid. {"userId":1,"exception":"[object] (InvalidArgumentException(code: 0): The HTTP status code \"0\" is not valid. at /Users/recycle/work/htain-thein-be/vendor/symfony/http-foundation/Response.php:502)
[stacktrace]
#0 /Users/recycle/work/htain-thein-be/vendor/symfony/http-foundation/Response.php(228): Symfony\\Component\\HttpFoundation\\Response->setStatusCode(0)
#1 /Users/recycle/work/htain-thein-be/vendor/symfony/http-foundation/JsonResponse.php(41): Symfony\\Component\\HttpFoundation\\Response->__construct('', 0, Array)
#2 /Users/recycle/work/htain-thein-be/vendor/laravel/framework/src/Illuminate/Http/JsonResponse.php(32): Symfony\\Component\\HttpFoundation\\JsonResponse->__construct(Array, 0, Array, false)
#3 /Users/recycle/work/htain-thein-be/vendor/laravel/framework/src/Illuminate/Routing/ResponseFactory.php(102): Illuminate\\Http\\JsonResponse->__construct(Array, 0, Array, 0)
#4 /Users/recycle/work/htain-thein-be/app/Exceptions/Handler.php(89): Illuminate\\Routing\\ResponseFactory->json(Array, 0)
#5 /Users/recycle/work/htain-thein-be/vendor/laravel/framework/src/Illuminate/Routing/Pipeline.php(51): App\\Exceptions\\Handler->render(Object(Illuminate\\Http\\Request), Object(App\\Exceptions\\CustomErrorException))
#6 /Users/recycle/work/htain-thein-be/vendor/laravel/framework/src/Illuminate/Pipeline/Pipeline.php(146): Illuminate\\Routing\\Pipeline->handleException(Object(Illuminate\\Http\\Request), Object(App\\Exceptions\\CustomErrorException))
#7 /Users/recycle/work/htain-thein-be/vendor/laravel/framework/src/Illuminate/Routing/Middleware/SubstituteBindings.php(50): Illuminate\\Pipeline\\Pipeline->Illuminate\\Pipeline\\{closure}(Object(Illuminate\\Http\\Request))
#8 /Users/recycle/work/htain-thein-be/vendor/laravel/framework/src/Illuminate/Pipeline/Pipeline.php(183): Illuminate\\Routing\\Middleware\\SubstituteBindings->handle(Object(Illuminate\\Http\\Request), Object(Closure))
#9 /Users/recycle/work/htain-thein-be/vendor/laravel/framework/src/Illuminate/Routing/Middleware/ThrottleRequests.php(159): Illuminate\\Pipeline\\Pipeline->Illuminate\\Pipeline\\{closure}(Object(Illuminate\\Http\\Request))
#10 /Users/recycle/work/htain-thein-be/vendor/laravel/framework/src/Illuminate/Routing/Middleware/ThrottleRequests.php(125): Illuminate\\Routing\\Middleware\\ThrottleRequests->handleRequest(Object(Illuminate\\Http\\Request), Object(Closure), Array)
#11 /Users/recycle/work/htain-thein-be/vendor/laravel/framework/src/Illuminate/Routing/Middleware/ThrottleRequests.php(87): Illuminate\\Routing\\Middleware\\ThrottleRequests->handleRequestUsingNamedLimiter(Object(Illuminate\\Http\\Request), Object(Closure), 'api', Object(Closure))
#12 /Users/recycle/work/htain-thein-be/vendor/laravel/framework/src/Illuminate/Pipeline/Pipeline.php(183): Illuminate\\Routing\\Middleware\\ThrottleRequests->handle(Object(Illuminate\\Http\\Request), Object(Closure), 'api')
#13 /Users/recycle/work/htain-thein-be/vendor/laravel/framework/src/Illuminate/Auth/Middleware/Authenticate.php(57): Illuminate\\Pipeline\\Pipeline->Illuminate\\Pipeline\\{closure}(Object(Illuminate\\Http\\Request))
#14 /Users/recycle/work/htain-thein-be/vendor/laravel/framework/src/Illuminate/Pipeline/Pipeline.php(183): Illuminate\\Auth\\Middleware\\Authenticate->handle(Object(Illuminate\\Http\\Request), Object(Closure), 'sanctum')
#15 /Users/recycle/work/htain-thein-be/vendor/laravel/sanctum/src/Http/Middleware/EnsureFrontendRequestsAreStateful.php(25): Illuminate\\Pipeline\\Pipeline->Illuminate\\Pipeline\\{closure}(Object(Illuminate\\Http\\Request))
#16 /Users/recycle/work/htain-thein-be/vendor/laravel/framework/src/Illuminate/Pipeline/Pipeline.php(144): Laravel\\Sanctum\\Http\\Middleware\\EnsureFrontendRequestsAreStateful->Laravel\\Sanctum\\Http\\Middleware\\{closure}(Object(Illuminate\\Http\\Request))
#17 /Users/recycle/work/htain-thein-be/vendor/laravel/framework/src/Illuminate/Pipeline/Pipeline.php(119): Illuminate\\Pipeline\\Pipeline->Illuminate\\Pipeline\\{closure}(Object(Illuminate\\Http\\Request))
#18 /Users/recycle/work/htain-thein-be/vendor/laravel/sanctum/src/Http/Middleware/EnsureFrontendRequestsAreStateful.php(24): Illuminate\\Pipeline\\Pipeline->then(Object(Closure))
#19 /Users/recycle/work/htain-thein-be/vendor/laravel/framework/src/Illuminate/Pipeline/Pipeline.php(183): Laravel\\Sanctum\\Http\\Middleware\\EnsureFrontendRequestsAreStateful->handle(Object(Illuminate\\Http\\Request), Object(Closure))
#20 /Users/recycle/work/htain-thein-be/vendor/laravel/framework/src/Illuminate/Pipeline/Pipeline.php(119): Illuminate\\Pipeline\\Pipeline->Illuminate\\Pipeline\\{closure}(Object(Illuminate\\Http\\Request))
#21 /Users/recycle/work/htain-thein-be/vendor/laravel/framework/src/Illuminate/Routing/Router.php(805): Illuminate\\Pipeline\\Pipeline->then(Object(Closure))
#22 /Users/recycle/work/htain-thein-be/vendor/laravel/framework/src/Illuminate/Routing/Router.php(784): Illuminate\\Routing\\Router->runRouteWithinStack(Object(Illuminate\\Routing\\Route), Object(Illuminate\\Http\\Request))
#23 /Users/recycle/work/htain-thein-be/vendor/laravel/framework/src/Illuminate/Routing/Router.php(748): Illuminate\\Routing\\Router->runRoute(Object(Illuminate\\Http\\Request), Object(Illuminate\\Routing\\Route))
#24 /Users/recycle/work/htain-thein-be/vendor/laravel/framework/src/Illuminate/Routing/Router.php(737): Illuminate\\Routing\\Router->dispatchToRoute(Object(Illuminate\\Http\\Request))
#25 /Users/recycle/work/htain-thein-be/vendor/laravel/framework/src/Illuminate/Foundation/Http/Kernel.php(200): Illuminate\\Routing\\Router->dispatch(Object(Illuminate\\Http\\Request))
#26 /Users/recycle/work/htain-thein-be/vendor/laravel/framework/src/Illuminate/Pipeline/Pipeline.php(144): Illuminate\\Foundation\\Http\\Kernel->Illuminate\\Foundation\\Http\\{closure}(Object(Illuminate\\Http\\Request))
#27 /Users/recycle/work/htain-thein-be/vendor/laravel/framework/src/Illuminate/View/Middleware/ShareErrorsFromSession.php(49): Illuminate\\Pipeline\\Pipeline->Illuminate\\Pipeline\\{closure}(Object(Illuminate\\Http\\Request))
#28 /Users/recycle/work/htain-thein-be/vendor/laravel/framework/src/Illuminate/Pipeline/Pipeline.php(183): Illuminate\\View\\Middleware\\ShareErrorsFromSession->handle(Object(Illuminate\\Http\\Request), Object(Closure))
#29 /Users/recycle/work/htain-thein-be/vendor/laravel/framework/src/Illuminate/Session/Middleware/StartSession.php(121): Illuminate\\Pipeline\\Pipeline->Illuminate\\Pipeline\\{closure}(Object(Illuminate\\Http\\Request))
#30 /Users/recycle/work/htain-thein-be/vendor/laravel/framework/src/Illuminate/Session/Middleware/StartSession.php(64): Illuminate\\Session\\Middleware\\StartSession->handleStatefulRequest(Object(Illuminate\\Http\\Request), Object(Illuminate\\Session\\Store), Object(Closure))
#31 /Users/recycle/work/htain-thein-be/vendor/laravel/framework/src/Illuminate/Pipeline/Pipeline.php(183): Illuminate\\Session\\Middleware\\StartSession->handle(Object(Illuminate\\Http\\Request), Object(Closure))
#32 /Users/recycle/work/htain-thein-be/vendor/laravel/framework/src/Illuminate/Foundation/Http/Middleware/TransformsRequest.php(21): Illuminate\\Pipeline\\Pipeline->Illuminate\\Pipeline\\{closure}(Object(Illuminate\\Http\\Request))
#33 /Users/recycle/work/htain-thein-be/vendor/laravel/framework/src/Illuminate/Foundation/Http/Middleware/ConvertEmptyStringsToNull.php(31): Illuminate\\Foundation\\Http\\Middleware\\TransformsRequest->handle(Object(Illuminate\\Http\\Request), Object(Closure))
#34 /Users/recycle/work/htain-thein-be/vendor/laravel/framework/src/Illuminate/Pipeline/Pipeline.php(183): Illuminate\\Foundation\\Http\\Middleware\\ConvertEmptyStringsToNull->handle(Object(Illuminate\\Http\\Request), Object(Closure))
#35 /Users/recycle/work/htain-thein-be/vendor/laravel/framework/src/Illuminate/Foundation/Http/Middleware/TransformsRequest.php(21): Illuminate\\Pipeline\\Pipeline->Illuminate\\Pipeline\\{closure}(Object(Illuminate\\Http\\Request))
#36 /Users/recycle/work/htain-thein-be/vendor/laravel/framework/src/Illuminate/Foundation/Http/Middleware/TrimStrings.php(40): Illuminate\\Foundation\\Http\\Middleware\\TransformsRequest->handle(Object(Illuminate\\Http\\Request), Object(Closure))
#37 /Users/recycle/work/htain-thein-be/vendor/laravel/framework/src/Illuminate/Pipeline/Pipeline.php(183): Illuminate\\Foundation\\Http\\Middleware\\TrimStrings->handle(Object(Illuminate\\Http\\Request), Object(Closure))
#38 /Users/recycle/work/htain-thein-be/vendor/laravel/framework/src/Illuminate/Foundation/Http/Middleware/ValidatePostSize.php(27): Illuminate\\Pipeline\\Pipeline->Illuminate\\Pipeline\\{closure}(Object(Illuminate\\Http\\Request))
#39 /Users/recycle/work/htain-thein-be/vendor/laravel/framework/src/Illuminate/Pipeline/Pipeline.php(183): Illuminate\\Foundation\\Http\\Middleware\\ValidatePostSize->handle(Object(Illuminate\\Http\\Request), Object(Closure))
#40 /Users/recycle/work/htain-thein-be/vendor/laravel/framework/src/Illuminate/Foundation/Http/Middleware/PreventRequestsDuringMaintenance.php(99): Illuminate\\Pipeline\\Pipeline->Illuminate\\Pipeline\\{closure}(Object(Illuminate\\Http\\Request))
#41 /Users/recycle/work/htain-thein-be/vendor/laravel/framework/src/Illuminate/Pipeline/Pipeline.php(183): Illuminate\\Foundation\\Http\\Middleware\\PreventRequestsDuringMaintenance->handle(Object(Illuminate\\Http\\Request), Object(Closure))
#42 /Users/recycle/work/htain-thein-be/vendor/laravel/framework/src/Illuminate/Http/Middleware/HandleCors.php(62): Illuminate\\Pipeline\\Pipeline->Illuminate\\Pipeline\\{closure}(Object(Illuminate\\Http\\Request))
#43 /Users/recycle/work/htain-thein-be/vendor/laravel/framework/src/Illuminate/Pipeline/Pipeline.php(183): Illuminate\\Http\\Middleware\\HandleCors->handle(Object(Illuminate\\Http\\Request), Object(Closure))
#44 /Users/recycle/work/htain-thein-be/vendor/laravel/framework/src/Illuminate/Http/Middleware/TrustProxies.php(39): Illuminate\\Pipeline\\Pipeline->Illuminate\\Pipeline\\{closure}(Object(Illuminate\\Http\\Request))
#45 /Users/recycle/work/htain-thein-be/vendor/laravel/framework/src/Illuminate/Pipeline/Pipeline.php(183): Illuminate\\Http\\Middleware\\TrustProxies->handle(Object(Illuminate\\Http\\Request), Object(Closure))
#46 /Users/recycle/work/htain-thein-be/vendor/laravel/framework/src/Illuminate/Pipeline/Pipeline.php(119): Illuminate\\Pipeline\\Pipeline->Illuminate\\Pipeline\\{closure}(Object(Illuminate\\Http\\Request))
#47 /Users/recycle/work/htain-thein-be/vendor/laravel/framework/src/Illuminate/Foundation/Http/Kernel.php(175): Illuminate\\Pipeline\\Pipeline->then(Object(Closure))
#48 /Users/recycle/work/htain-thein-be/vendor/laravel/framework/src/Illuminate/Foundation/Http/Kernel.php(144): Illuminate\\Foundation\\Http\\Kernel->sendRequestThroughRouter(Object(Illuminate\\Http\\Request))
#49 /Users/recycle/work/htain-thein-be/public/index.php(51): Illuminate\\Foundation\\Http\\Kernel->handle(Object(Illuminate\\Http\\Request))
#50 /Users/recycle/work/htain-thein-be/vendor/laravel/framework/src/Illuminate/Foundation/resources/server.php(16): require_once('/Users/recycle/...')
#51 {main}
"} 
[2025-01-21 13:17:11] local.ERROR: The $date parameter must be a string, a DateTimeInterface instance, or null. {"userId":1,"exception":"[object] (App\\Exceptions\\CustomErrorException(code: 0): The $date parameter must be a string, a DateTimeInterface instance, or null. at /Users/recycle/work/htain-thein-be/App/Helpers/DateChangeHelper.php:15)
[stacktrace]
#0 /Users/recycle/work/htain-thein-be/app/Http/Resources/NotificationReadResource.php(21): changeToDifferForHuman(NULL)
#1 /Users/recycle/work/htain-thein-be/vendor/laravel/framework/src/Illuminate/Collections/HigherOrderCollectionProxy.php(60): App\\Http\\Resources\\NotificationReadResource->toArray(Object(Illuminate\\Http\\Request))
#2 [internal function]: Illuminate\\Support\\HigherOrderCollectionProxy->Illuminate\\Support\\{closure}(Object(App\\Http\\Resources\\NotificationReadResource), 0)
#3 /Users/recycle/work/htain-thein-be/vendor/laravel/framework/src/Illuminate/Collections/Arr.php(600): array_map(Object(Closure), Array, Array)
#4 /Users/recycle/work/htain-thein-be/vendor/laravel/framework/src/Illuminate/Collections/Collection.php(778): Illuminate\\Support\\Arr::map(Array, Object(Closure))
#5 /Users/recycle/work/htain-thein-be/vendor/laravel/framework/src/Illuminate/Collections/HigherOrderCollectionProxy.php(59): Illuminate\\Support\\Collection->map(Object(Closure))
#6 /Users/recycle/work/htain-thein-be/vendor/laravel/framework/src/Illuminate/Http/Resources/Json/ResourceCollection.php(102): Illuminate\\Support\\HigherOrderCollectionProxy->__call('toArray', Array)
#7 /Users/recycle/work/htain-thein-be/vendor/laravel/framework/src/Illuminate/Http/Resources/Json/JsonResource.php(108): Illuminate\\Http\\Resources\\Json\\ResourceCollection->toArray(Object(Illuminate\\Http\\Request))
#8 /Users/recycle/work/htain-thein-be/vendor/laravel/framework/src/Illuminate/Http/Resources/Json/JsonResource.php(255): Illuminate\\Http\\Resources\\Json\\JsonResource->resolve(Object(Illuminate\\Http\\Request))
#9 [internal function]: Illuminate\\Http\\Resources\\Json\\JsonResource->jsonSerialize()
#10 /Users/recycle/work/htain-thein-be/vendor/laravel/framework/src/Illuminate/Http/JsonResponse.php(84): json_encode(Array, 0)
#11 /Users/recycle/work/htain-thein-be/vendor/symfony/http-foundation/JsonResponse.php(49): Illuminate\\Http\\JsonResponse->setData(Array)
#12 /Users/recycle/work/htain-thein-be/vendor/laravel/framework/src/Illuminate/Http/JsonResponse.php(32): Symfony\\Component\\HttpFoundation\\JsonResponse->__construct(Array, 200, Array, false)
#13 /Users/recycle/work/htain-thein-be/vendor/laravel/framework/src/Illuminate/Routing/ResponseFactory.php(102): Illuminate\\Http\\JsonResponse->__construct(Array, 200, Array, 0)
#14 /Users/recycle/work/htain-thein-be/app/Services/NotificationInfo/GetAllNotificationsService.php(19): Illuminate\\Routing\\ResponseFactory->json(Array)
#15 /Users/recycle/work/htain-thein-be/app/UseCases/NotiInfo/NotiInfoAction.php(70): App\\Services\\NotificationInfo\\GetAllNotificationsService->__invoke(Object(App\\Repositories\\Notification\\NotificationRepository), 1)
#16 /Users/recycle/work/htain-thein-be/app/Http/Controllers/Api/NotiInfoController.php(31): App\\UseCases\\NotiInfo\\NotiInfoAction->getAllNotifications(1)
#17 /Users/recycle/work/htain-thein-be/vendor/laravel/framework/src/Illuminate/Routing/Controller.php(54): App\\Http\\Controllers\\Api\\NotiInfoController->index()
#18 /Users/recycle/work/htain-thein-be/vendor/laravel/framework/src/Illuminate/Routing/ControllerDispatcher.php(43): Illuminate\\Routing\\Controller->callAction('index', Array)
#19 /Users/recycle/work/htain-thein-be/vendor/laravel/framework/src/Illuminate/Routing/Route.php(259): Illuminate\\Routing\\ControllerDispatcher->dispatch(Object(Illuminate\\Routing\\Route), Object(App\\Http\\Controllers\\Api\\NotiInfoController), 'index')
#20 /Users/recycle/work/htain-thein-be/vendor/laravel/framework/src/Illuminate/Routing/Route.php(205): Illuminate\\Routing\\Route->runController()
#21 /Users/recycle/work/htain-thein-be/vendor/laravel/framework/src/Illuminate/Routing/Router.php(806): Illuminate\\Routing\\Route->run()
#22 /Users/recycle/work/htain-thein-be/vendor/laravel/framework/src/Illuminate/Pipeline/Pipeline.php(144): Illuminate\\Routing\\Router->Illuminate\\Routing\\{closure}(Object(Illuminate\\Http\\Request))
#23 /Users/recycle/work/htain-thein-be/vendor/laravel/framework/src/Illuminate/Routing/Middleware/SubstituteBindings.php(50): Illuminate\\Pipeline\\Pipeline->Illuminate\\Pipeline\\{closure}(Object(Illuminate\\Http\\Request))
#24 /Users/recycle/work/htain-thein-be/vendor/laravel/framework/src/Illuminate/Pipeline/Pipeline.php(183): Illuminate\\Routing\\Middleware\\SubstituteBindings->handle(Object(Illuminate\\Http\\Request), Object(Closure))
#25 /Users/recycle/work/htain-thein-be/vendor/laravel/framework/src/Illuminate/Routing/Middleware/ThrottleRequests.php(159): Illuminate\\Pipeline\\Pipeline->Illuminate\\Pipeline\\{closure}(Object(Illuminate\\Http\\Request))
#26 /Users/recycle/work/htain-thein-be/vendor/laravel/framework/src/Illuminate/Routing/Middleware/ThrottleRequests.php(125): Illuminate\\Routing\\Middleware\\ThrottleRequests->handleRequest(Object(Illuminate\\Http\\Request), Object(Closure), Array)
#27 /Users/recycle/work/htain-thein-be/vendor/laravel/framework/src/Illuminate/Routing/Middleware/ThrottleRequests.php(87): Illuminate\\Routing\\Middleware\\ThrottleRequests->handleRequestUsingNamedLimiter(Object(Illuminate\\Http\\Request), Object(Closure), 'api', Object(Closure))
#28 /Users/recycle/work/htain-thein-be/vendor/laravel/framework/src/Illuminate/Pipeline/Pipeline.php(183): Illuminate\\Routing\\Middleware\\ThrottleRequests->handle(Object(Illuminate\\Http\\Request), Object(Closure), 'api')
#29 /Users/recycle/work/htain-thein-be/vendor/laravel/framework/src/Illuminate/Auth/Middleware/Authenticate.php(57): Illuminate\\Pipeline\\Pipeline->Illuminate\\Pipeline\\{closure}(Object(Illuminate\\Http\\Request))
#30 /Users/recycle/work/htain-thein-be/vendor/laravel/framework/src/Illuminate/Pipeline/Pipeline.php(183): Illuminate\\Auth\\Middleware\\Authenticate->handle(Object(Illuminate\\Http\\Request), Object(Closure), 'sanctum')
#31 /Users/recycle/work/htain-thein-be/vendor/laravel/sanctum/src/Http/Middleware/EnsureFrontendRequestsAreStateful.php(25): Illuminate\\Pipeline\\Pipeline->Illuminate\\Pipeline\\{closure}(Object(Illuminate\\Http\\Request))
#32 /Users/recycle/work/htain-thein-be/vendor/laravel/framework/src/Illuminate/Pipeline/Pipeline.php(144): Laravel\\Sanctum\\Http\\Middleware\\EnsureFrontendRequestsAreStateful->Laravel\\Sanctum\\Http\\Middleware\\{closure}(Object(Illuminate\\Http\\Request))
#33 /Users/recycle/work/htain-thein-be/vendor/laravel/framework/src/Illuminate/Pipeline/Pipeline.php(119): Illuminate\\Pipeline\\Pipeline->Illuminate\\Pipeline\\{closure}(Object(Illuminate\\Http\\Request))
#34 /Users/recycle/work/htain-thein-be/vendor/laravel/sanctum/src/Http/Middleware/EnsureFrontendRequestsAreStateful.php(24): Illuminate\\Pipeline\\Pipeline->then(Object(Closure))
#35 /Users/recycle/work/htain-thein-be/vendor/laravel/framework/src/Illuminate/Pipeline/Pipeline.php(183): Laravel\\Sanctum\\Http\\Middleware\\EnsureFrontendRequestsAreStateful->handle(Object(Illuminate\\Http\\Request), Object(Closure))
#36 /Users/recycle/work/htain-thein-be/vendor/laravel/framework/src/Illuminate/Pipeline/Pipeline.php(119): Illuminate\\Pipeline\\Pipeline->Illuminate\\Pipeline\\{closure}(Object(Illuminate\\Http\\Request))
#37 /Users/recycle/work/htain-thein-be/vendor/laravel/framework/src/Illuminate/Routing/Router.php(805): Illuminate\\Pipeline\\Pipeline->then(Object(Closure))
#38 /Users/recycle/work/htain-thein-be/vendor/laravel/framework/src/Illuminate/Routing/Router.php(784): Illuminate\\Routing\\Router->runRouteWithinStack(Object(Illuminate\\Routing\\Route), Object(Illuminate\\Http\\Request))
#39 /Users/recycle/work/htain-thein-be/vendor/laravel/framework/src/Illuminate/Routing/Router.php(748): Illuminate\\Routing\\Router->runRoute(Object(Illuminate\\Http\\Request), Object(Illuminate\\Routing\\Route))
#40 /Users/recycle/work/htain-thein-be/vendor/laravel/framework/src/Illuminate/Routing/Router.php(737): Illuminate\\Routing\\Router->dispatchToRoute(Object(Illuminate\\Http\\Request))
#41 /Users/recycle/work/htain-thein-be/vendor/laravel/framework/src/Illuminate/Foundation/Http/Kernel.php(200): Illuminate\\Routing\\Router->dispatch(Object(Illuminate\\Http\\Request))
#42 /Users/recycle/work/htain-thein-be/vendor/laravel/framework/src/Illuminate/Pipeline/Pipeline.php(144): Illuminate\\Foundation\\Http\\Kernel->Illuminate\\Foundation\\Http\\{closure}(Object(Illuminate\\Http\\Request))
#43 /Users/recycle/work/htain-thein-be/vendor/laravel/framework/src/Illuminate/View/Middleware/ShareErrorsFromSession.php(49): Illuminate\\Pipeline\\Pipeline->Illuminate\\Pipeline\\{closure}(Object(Illuminate\\Http\\Request))
#44 /Users/recycle/work/htain-thein-be/vendor/laravel/framework/src/Illuminate/Pipeline/Pipeline.php(183): Illuminate\\View\\Middleware\\ShareErrorsFromSession->handle(Object(Illuminate\\Http\\Request), Object(Closure))
#45 /Users/recycle/work/htain-thein-be/vendor/laravel/framework/src/Illuminate/Session/Middleware/StartSession.php(121): Illuminate\\Pipeline\\Pipeline->Illuminate\\Pipeline\\{closure}(Object(Illuminate\\Http\\Request))
#46 /Users/recycle/work/htain-thein-be/vendor/laravel/framework/src/Illuminate/Session/Middleware/StartSession.php(64): Illuminate\\Session\\Middleware\\StartSession->handleStatefulRequest(Object(Illuminate\\Http\\Request), Object(Illuminate\\Session\\Store), Object(Closure))
#47 /Users/recycle/work/htain-thein-be/vendor/laravel/framework/src/Illuminate/Pipeline/Pipeline.php(183): Illuminate\\Session\\Middleware\\StartSession->handle(Object(Illuminate\\Http\\Request), Object(Closure))
#48 /Users/recycle/work/htain-thein-be/vendor/laravel/framework/src/Illuminate/Foundation/Http/Middleware/TransformsRequest.php(21): Illuminate\\Pipeline\\Pipeline->Illuminate\\Pipeline\\{closure}(Object(Illuminate\\Http\\Request))
#49 /Users/recycle/work/htain-thein-be/vendor/laravel/framework/src/Illuminate/Foundation/Http/Middleware/ConvertEmptyStringsToNull.php(31): Illuminate\\Foundation\\Http\\Middleware\\TransformsRequest->handle(Object(Illuminate\\Http\\Request), Object(Closure))
#50 /Users/recycle/work/htain-thein-be/vendor/laravel/framework/src/Illuminate/Pipeline/Pipeline.php(183): Illuminate\\Foundation\\Http\\Middleware\\ConvertEmptyStringsToNull->handle(Object(Illuminate\\Http\\Request), Object(Closure))
#51 /Users/recycle/work/htain-thein-be/vendor/laravel/framework/src/Illuminate/Foundation/Http/Middleware/TransformsRequest.php(21): Illuminate\\Pipeline\\Pipeline->Illuminate\\Pipeline\\{closure}(Object(Illuminate\\Http\\Request))
#52 /Users/recycle/work/htain-thein-be/vendor/laravel/framework/src/Illuminate/Foundation/Http/Middleware/TrimStrings.php(40): Illuminate\\Foundation\\Http\\Middleware\\TransformsRequest->handle(Object(Illuminate\\Http\\Request), Object(Closure))
#53 /Users/recycle/work/htain-thein-be/vendor/laravel/framework/src/Illuminate/Pipeline/Pipeline.php(183): Illuminate\\Foundation\\Http\\Middleware\\TrimStrings->handle(Object(Illuminate\\Http\\Request), Object(Closure))
#54 /Users/recycle/work/htain-thein-be/vendor/laravel/framework/src/Illuminate/Foundation/Http/Middleware/ValidatePostSize.php(27): Illuminate\\Pipeline\\Pipeline->Illuminate\\Pipeline\\{closure}(Object(Illuminate\\Http\\Request))
#55 /Users/recycle/work/htain-thein-be/vendor/laravel/framework/src/Illuminate/Pipeline/Pipeline.php(183): Illuminate\\Foundation\\Http\\Middleware\\ValidatePostSize->handle(Object(Illuminate\\Http\\Request), Object(Closure))
#56 /Users/recycle/work/htain-thein-be/vendor/laravel/framework/src/Illuminate/Foundation/Http/Middleware/PreventRequestsDuringMaintenance.php(99): Illuminate\\Pipeline\\Pipeline->Illuminate\\Pipeline\\{closure}(Object(Illuminate\\Http\\Request))
#57 /Users/recycle/work/htain-thein-be/vendor/laravel/framework/src/Illuminate/Pipeline/Pipeline.php(183): Illuminate\\Foundation\\Http\\Middleware\\PreventRequestsDuringMaintenance->handle(Object(Illuminate\\Http\\Request), Object(Closure))
#58 /Users/recycle/work/htain-thein-be/vendor/laravel/framework/src/Illuminate/Http/Middleware/HandleCors.php(62): Illuminate\\Pipeline\\Pipeline->Illuminate\\Pipeline\\{closure}(Object(Illuminate\\Http\\Request))
#59 /Users/recycle/work/htain-thein-be/vendor/laravel/framework/src/Illuminate/Pipeline/Pipeline.php(183): Illuminate\\Http\\Middleware\\HandleCors->handle(Object(Illuminate\\Http\\Request), Object(Closure))
#60 /Users/recycle/work/htain-thein-be/vendor/laravel/framework/src/Illuminate/Http/Middleware/TrustProxies.php(39): Illuminate\\Pipeline\\Pipeline->Illuminate\\Pipeline\\{closure}(Object(Illuminate\\Http\\Request))
#61 /Users/recycle/work/htain-thein-be/vendor/laravel/framework/src/Illuminate/Pipeline/Pipeline.php(183): Illuminate\\Http\\Middleware\\TrustProxies->handle(Object(Illuminate\\Http\\Request), Object(Closure))
#62 /Users/recycle/work/htain-thein-be/vendor/laravel/framework/src/Illuminate/Pipeline/Pipeline.php(119): Illuminate\\Pipeline\\Pipeline->Illuminate\\Pipeline\\{closure}(Object(Illuminate\\Http\\Request))
#63 /Users/recycle/work/htain-thein-be/vendor/laravel/framework/src/Illuminate/Foundation/Http/Kernel.php(175): Illuminate\\Pipeline\\Pipeline->then(Object(Closure))
#64 /Users/recycle/work/htain-thein-be/vendor/laravel/framework/src/Illuminate/Foundation/Http/Kernel.php(144): Illuminate\\Foundation\\Http\\Kernel->sendRequestThroughRouter(Object(Illuminate\\Http\\Request))
#65 /Users/recycle/work/htain-thein-be/public/index.php(51): Illuminate\\Foundation\\Http\\Kernel->handle(Object(Illuminate\\Http\\Request))
#66 /Users/recycle/work/htain-thein-be/vendor/laravel/framework/src/Illuminate/Foundation/resources/server.php(16): require_once('/Users/recycle/...')
#67 {main}
"} 
[2025-01-21 13:17:11] local.ERROR: The HTTP status code "0" is not valid. {"userId":1,"exception":"[object] (InvalidArgumentException(code: 0): The HTTP status code \"0\" is not valid. at /Users/recycle/work/htain-thein-be/vendor/symfony/http-foundation/Response.php:502)
[stacktrace]
#0 /Users/recycle/work/htain-thein-be/vendor/symfony/http-foundation/Response.php(228): Symfony\\Component\\HttpFoundation\\Response->setStatusCode(0)
#1 /Users/recycle/work/htain-thein-be/vendor/symfony/http-foundation/JsonResponse.php(41): Symfony\\Component\\HttpFoundation\\Response->__construct('', 0, Array)
#2 /Users/recycle/work/htain-thein-be/vendor/laravel/framework/src/Illuminate/Http/JsonResponse.php(32): Symfony\\Component\\HttpFoundation\\JsonResponse->__construct(Array, 0, Array, false)
#3 /Users/recycle/work/htain-thein-be/vendor/laravel/framework/src/Illuminate/Routing/ResponseFactory.php(102): Illuminate\\Http\\JsonResponse->__construct(Array, 0, Array, 0)
#4 /Users/recycle/work/htain-thein-be/app/Exceptions/Handler.php(89): Illuminate\\Routing\\ResponseFactory->json(Array, 0)
#5 /Users/recycle/work/htain-thein-be/vendor/laravel/framework/src/Illuminate/Routing/Pipeline.php(51): App\\Exceptions\\Handler->render(Object(Illuminate\\Http\\Request), Object(App\\Exceptions\\CustomErrorException))
#6 /Users/recycle/work/htain-thein-be/vendor/laravel/framework/src/Illuminate/Pipeline/Pipeline.php(146): Illuminate\\Routing\\Pipeline->handleException(Object(Illuminate\\Http\\Request), Object(App\\Exceptions\\CustomErrorException))
#7 /Users/recycle/work/htain-thein-be/vendor/laravel/framework/src/Illuminate/Routing/Middleware/SubstituteBindings.php(50): Illuminate\\Pipeline\\Pipeline->Illuminate\\Pipeline\\{closure}(Object(Illuminate\\Http\\Request))
#8 /Users/recycle/work/htain-thein-be/vendor/laravel/framework/src/Illuminate/Pipeline/Pipeline.php(183): Illuminate\\Routing\\Middleware\\SubstituteBindings->handle(Object(Illuminate\\Http\\Request), Object(Closure))
#9 /Users/recycle/work/htain-thein-be/vendor/laravel/framework/src/Illuminate/Routing/Middleware/ThrottleRequests.php(159): Illuminate\\Pipeline\\Pipeline->Illuminate\\Pipeline\\{closure}(Object(Illuminate\\Http\\Request))
#10 /Users/recycle/work/htain-thein-be/vendor/laravel/framework/src/Illuminate/Routing/Middleware/ThrottleRequests.php(125): Illuminate\\Routing\\Middleware\\ThrottleRequests->handleRequest(Object(Illuminate\\Http\\Request), Object(Closure), Array)
#11 /Users/recycle/work/htain-thein-be/vendor/laravel/framework/src/Illuminate/Routing/Middleware/ThrottleRequests.php(87): Illuminate\\Routing\\Middleware\\ThrottleRequests->handleRequestUsingNamedLimiter(Object(Illuminate\\Http\\Request), Object(Closure), 'api', Object(Closure))
#12 /Users/recycle/work/htain-thein-be/vendor/laravel/framework/src/Illuminate/Pipeline/Pipeline.php(183): Illuminate\\Routing\\Middleware\\ThrottleRequests->handle(Object(Illuminate\\Http\\Request), Object(Closure), 'api')
#13 /Users/recycle/work/htain-thein-be/vendor/laravel/framework/src/Illuminate/Auth/Middleware/Authenticate.php(57): Illuminate\\Pipeline\\Pipeline->Illuminate\\Pipeline\\{closure}(Object(Illuminate\\Http\\Request))
#14 /Users/recycle/work/htain-thein-be/vendor/laravel/framework/src/Illuminate/Pipeline/Pipeline.php(183): Illuminate\\Auth\\Middleware\\Authenticate->handle(Object(Illuminate\\Http\\Request), Object(Closure), 'sanctum')
#15 /Users/recycle/work/htain-thein-be/vendor/laravel/sanctum/src/Http/Middleware/EnsureFrontendRequestsAreStateful.php(25): Illuminate\\Pipeline\\Pipeline->Illuminate\\Pipeline\\{closure}(Object(Illuminate\\Http\\Request))
#16 /Users/recycle/work/htain-thein-be/vendor/laravel/framework/src/Illuminate/Pipeline/Pipeline.php(144): Laravel\\Sanctum\\Http\\Middleware\\EnsureFrontendRequestsAreStateful->Laravel\\Sanctum\\Http\\Middleware\\{closure}(Object(Illuminate\\Http\\Request))
#17 /Users/recycle/work/htain-thein-be/vendor/laravel/framework/src/Illuminate/Pipeline/Pipeline.php(119): Illuminate\\Pipeline\\Pipeline->Illuminate\\Pipeline\\{closure}(Object(Illuminate\\Http\\Request))
#18 /Users/recycle/work/htain-thein-be/vendor/laravel/sanctum/src/Http/Middleware/EnsureFrontendRequestsAreStateful.php(24): Illuminate\\Pipeline\\Pipeline->then(Object(Closure))
#19 /Users/recycle/work/htain-thein-be/vendor/laravel/framework/src/Illuminate/Pipeline/Pipeline.php(183): Laravel\\Sanctum\\Http\\Middleware\\EnsureFrontendRequestsAreStateful->handle(Object(Illuminate\\Http\\Request), Object(Closure))
#20 /Users/recycle/work/htain-thein-be/vendor/laravel/framework/src/Illuminate/Pipeline/Pipeline.php(119): Illuminate\\Pipeline\\Pipeline->Illuminate\\Pipeline\\{closure}(Object(Illuminate\\Http\\Request))
#21 /Users/recycle/work/htain-thein-be/vendor/laravel/framework/src/Illuminate/Routing/Router.php(805): Illuminate\\Pipeline\\Pipeline->then(Object(Closure))
#22 /Users/recycle/work/htain-thein-be/vendor/laravel/framework/src/Illuminate/Routing/Router.php(784): Illuminate\\Routing\\Router->runRouteWithinStack(Object(Illuminate\\Routing\\Route), Object(Illuminate\\Http\\Request))
#23 /Users/recycle/work/htain-thein-be/vendor/laravel/framework/src/Illuminate/Routing/Router.php(748): Illuminate\\Routing\\Router->runRoute(Object(Illuminate\\Http\\Request), Object(Illuminate\\Routing\\Route))
#24 /Users/recycle/work/htain-thein-be/vendor/laravel/framework/src/Illuminate/Routing/Router.php(737): Illuminate\\Routing\\Router->dispatchToRoute(Object(Illuminate\\Http\\Request))
#25 /Users/recycle/work/htain-thein-be/vendor/laravel/framework/src/Illuminate/Foundation/Http/Kernel.php(200): Illuminate\\Routing\\Router->dispatch(Object(Illuminate\\Http\\Request))
#26 /Users/recycle/work/htain-thein-be/vendor/laravel/framework/src/Illuminate/Pipeline/Pipeline.php(144): Illuminate\\Foundation\\Http\\Kernel->Illuminate\\Foundation\\Http\\{closure}(Object(Illuminate\\Http\\Request))
#27 /Users/recycle/work/htain-thein-be/vendor/laravel/framework/src/Illuminate/View/Middleware/ShareErrorsFromSession.php(49): Illuminate\\Pipeline\\Pipeline->Illuminate\\Pipeline\\{closure}(Object(Illuminate\\Http\\Request))
#28 /Users/recycle/work/htain-thein-be/vendor/laravel/framework/src/Illuminate/Pipeline/Pipeline.php(183): Illuminate\\View\\Middleware\\ShareErrorsFromSession->handle(Object(Illuminate\\Http\\Request), Object(Closure))
#29 /Users/recycle/work/htain-thein-be/vendor/laravel/framework/src/Illuminate/Session/Middleware/StartSession.php(121): Illuminate\\Pipeline\\Pipeline->Illuminate\\Pipeline\\{closure}(Object(Illuminate\\Http\\Request))
#30 /Users/recycle/work/htain-thein-be/vendor/laravel/framework/src/Illuminate/Session/Middleware/StartSession.php(64): Illuminate\\Session\\Middleware\\StartSession->handleStatefulRequest(Object(Illuminate\\Http\\Request), Object(Illuminate\\Session\\Store), Object(Closure))
#31 /Users/recycle/work/htain-thein-be/vendor/laravel/framework/src/Illuminate/Pipeline/Pipeline.php(183): Illuminate\\Session\\Middleware\\StartSession->handle(Object(Illuminate\\Http\\Request), Object(Closure))
#32 /Users/recycle/work/htain-thein-be/vendor/laravel/framework/src/Illuminate/Foundation/Http/Middleware/TransformsRequest.php(21): Illuminate\\Pipeline\\Pipeline->Illuminate\\Pipeline\\{closure}(Object(Illuminate\\Http\\Request))
#33 /Users/recycle/work/htain-thein-be/vendor/laravel/framework/src/Illuminate/Foundation/Http/Middleware/ConvertEmptyStringsToNull.php(31): Illuminate\\Foundation\\Http\\Middleware\\TransformsRequest->handle(Object(Illuminate\\Http\\Request), Object(Closure))
#34 /Users/recycle/work/htain-thein-be/vendor/laravel/framework/src/Illuminate/Pipeline/Pipeline.php(183): Illuminate\\Foundation\\Http\\Middleware\\ConvertEmptyStringsToNull->handle(Object(Illuminate\\Http\\Request), Object(Closure))
#35 /Users/recycle/work/htain-thein-be/vendor/laravel/framework/src/Illuminate/Foundation/Http/Middleware/TransformsRequest.php(21): Illuminate\\Pipeline\\Pipeline->Illuminate\\Pipeline\\{closure}(Object(Illuminate\\Http\\Request))
#36 /Users/recycle/work/htain-thein-be/vendor/laravel/framework/src/Illuminate/Foundation/Http/Middleware/TrimStrings.php(40): Illuminate\\Foundation\\Http\\Middleware\\TransformsRequest->handle(Object(Illuminate\\Http\\Request), Object(Closure))
#37 /Users/recycle/work/htain-thein-be/vendor/laravel/framework/src/Illuminate/Pipeline/Pipeline.php(183): Illuminate\\Foundation\\Http\\Middleware\\TrimStrings->handle(Object(Illuminate\\Http\\Request), Object(Closure))
#38 /Users/recycle/work/htain-thein-be/vendor/laravel/framework/src/Illuminate/Foundation/Http/Middleware/ValidatePostSize.php(27): Illuminate\\Pipeline\\Pipeline->Illuminate\\Pipeline\\{closure}(Object(Illuminate\\Http\\Request))
#39 /Users/recycle/work/htain-thein-be/vendor/laravel/framework/src/Illuminate/Pipeline/Pipeline.php(183): Illuminate\\Foundation\\Http\\Middleware\\ValidatePostSize->handle(Object(Illuminate\\Http\\Request), Object(Closure))
#40 /Users/recycle/work/htain-thein-be/vendor/laravel/framework/src/Illuminate/Foundation/Http/Middleware/PreventRequestsDuringMaintenance.php(99): Illuminate\\Pipeline\\Pipeline->Illuminate\\Pipeline\\{closure}(Object(Illuminate\\Http\\Request))
#41 /Users/recycle/work/htain-thein-be/vendor/laravel/framework/src/Illuminate/Pipeline/Pipeline.php(183): Illuminate\\Foundation\\Http\\Middleware\\PreventRequestsDuringMaintenance->handle(Object(Illuminate\\Http\\Request), Object(Closure))
#42 /Users/recycle/work/htain-thein-be/vendor/laravel/framework/src/Illuminate/Http/Middleware/HandleCors.php(62): Illuminate\\Pipeline\\Pipeline->Illuminate\\Pipeline\\{closure}(Object(Illuminate\\Http\\Request))
#43 /Users/recycle/work/htain-thein-be/vendor/laravel/framework/src/Illuminate/Pipeline/Pipeline.php(183): Illuminate\\Http\\Middleware\\HandleCors->handle(Object(Illuminate\\Http\\Request), Object(Closure))
#44 /Users/recycle/work/htain-thein-be/vendor/laravel/framework/src/Illuminate/Http/Middleware/TrustProxies.php(39): Illuminate\\Pipeline\\Pipeline->Illuminate\\Pipeline\\{closure}(Object(Illuminate\\Http\\Request))
#45 /Users/recycle/work/htain-thein-be/vendor/laravel/framework/src/Illuminate/Pipeline/Pipeline.php(183): Illuminate\\Http\\Middleware\\TrustProxies->handle(Object(Illuminate\\Http\\Request), Object(Closure))
#46 /Users/recycle/work/htain-thein-be/vendor/laravel/framework/src/Illuminate/Pipeline/Pipeline.php(119): Illuminate\\Pipeline\\Pipeline->Illuminate\\Pipeline\\{closure}(Object(Illuminate\\Http\\Request))
#47 /Users/recycle/work/htain-thein-be/vendor/laravel/framework/src/Illuminate/Foundation/Http/Kernel.php(175): Illuminate\\Pipeline\\Pipeline->then(Object(Closure))
#48 /Users/recycle/work/htain-thein-be/vendor/laravel/framework/src/Illuminate/Foundation/Http/Kernel.php(144): Illuminate\\Foundation\\Http\\Kernel->sendRequestThroughRouter(Object(Illuminate\\Http\\Request))
#49 /Users/recycle/work/htain-thein-be/public/index.php(51): Illuminate\\Foundation\\Http\\Kernel->handle(Object(Illuminate\\Http\\Request))
#50 /Users/recycle/work/htain-thein-be/vendor/laravel/framework/src/Illuminate/Foundation/resources/server.php(16): require_once('/Users/recycle/...')
#51 {main}
"} 
[2025-01-21 13:19:11] local.ERROR: The $date parameter must be a string, a DateTimeInterface instance, or null. {"userId":1,"exception":"[object] (App\\Exceptions\\CustomErrorException(code: 0): The $date parameter must be a string, a DateTimeInterface instance, or null. at /Users/recycle/work/htain-thein-be/App/Helpers/DateChangeHelper.php:15)
[stacktrace]
#0 /Users/recycle/work/htain-thein-be/app/Http/Resources/NotificationReadResource.php(21): changeToDifferForHuman(NULL)
#1 /Users/recycle/work/htain-thein-be/vendor/laravel/framework/src/Illuminate/Collections/HigherOrderCollectionProxy.php(60): App\\Http\\Resources\\NotificationReadResource->toArray(Object(Illuminate\\Http\\Request))
#2 [internal function]: Illuminate\\Support\\HigherOrderCollectionProxy->Illuminate\\Support\\{closure}(Object(App\\Http\\Resources\\NotificationReadResource), 0)
#3 /Users/recycle/work/htain-thein-be/vendor/laravel/framework/src/Illuminate/Collections/Arr.php(600): array_map(Object(Closure), Array, Array)
#4 /Users/recycle/work/htain-thein-be/vendor/laravel/framework/src/Illuminate/Collections/Collection.php(778): Illuminate\\Support\\Arr::map(Array, Object(Closure))
#5 /Users/recycle/work/htain-thein-be/vendor/laravel/framework/src/Illuminate/Collections/HigherOrderCollectionProxy.php(59): Illuminate\\Support\\Collection->map(Object(Closure))
#6 /Users/recycle/work/htain-thein-be/vendor/laravel/framework/src/Illuminate/Http/Resources/Json/ResourceCollection.php(102): Illuminate\\Support\\HigherOrderCollectionProxy->__call('toArray', Array)
#7 /Users/recycle/work/htain-thein-be/vendor/laravel/framework/src/Illuminate/Http/Resources/Json/JsonResource.php(108): Illuminate\\Http\\Resources\\Json\\ResourceCollection->toArray(Object(Illuminate\\Http\\Request))
#8 /Users/recycle/work/htain-thein-be/vendor/laravel/framework/src/Illuminate/Http/Resources/Json/JsonResource.php(255): Illuminate\\Http\\Resources\\Json\\JsonResource->resolve(Object(Illuminate\\Http\\Request))
#9 [internal function]: Illuminate\\Http\\Resources\\Json\\JsonResource->jsonSerialize()
#10 /Users/recycle/work/htain-thein-be/vendor/laravel/framework/src/Illuminate/Http/JsonResponse.php(84): json_encode(Array, 0)
#11 /Users/recycle/work/htain-thein-be/vendor/symfony/http-foundation/JsonResponse.php(49): Illuminate\\Http\\JsonResponse->setData(Array)
#12 /Users/recycle/work/htain-thein-be/vendor/laravel/framework/src/Illuminate/Http/JsonResponse.php(32): Symfony\\Component\\HttpFoundation\\JsonResponse->__construct(Array, 200, Array, false)
#13 /Users/recycle/work/htain-thein-be/vendor/laravel/framework/src/Illuminate/Routing/ResponseFactory.php(102): Illuminate\\Http\\JsonResponse->__construct(Array, 200, Array, 0)
#14 /Users/recycle/work/htain-thein-be/app/Services/NotificationInfo/GetAllNotificationsService.php(19): Illuminate\\Routing\\ResponseFactory->json(Array)
#15 /Users/recycle/work/htain-thein-be/app/UseCases/NotiInfo/NotiInfoAction.php(70): App\\Services\\NotificationInfo\\GetAllNotificationsService->__invoke(Object(App\\Repositories\\Notification\\NotificationRepository), 1)
#16 /Users/recycle/work/htain-thein-be/app/Http/Controllers/Api/NotiInfoController.php(31): App\\UseCases\\NotiInfo\\NotiInfoAction->getAllNotifications(1)
#17 /Users/recycle/work/htain-thein-be/vendor/laravel/framework/src/Illuminate/Routing/Controller.php(54): App\\Http\\Controllers\\Api\\NotiInfoController->index()
#18 /Users/recycle/work/htain-thein-be/vendor/laravel/framework/src/Illuminate/Routing/ControllerDispatcher.php(43): Illuminate\\Routing\\Controller->callAction('index', Array)
#19 /Users/recycle/work/htain-thein-be/vendor/laravel/framework/src/Illuminate/Routing/Route.php(259): Illuminate\\Routing\\ControllerDispatcher->dispatch(Object(Illuminate\\Routing\\Route), Object(App\\Http\\Controllers\\Api\\NotiInfoController), 'index')
#20 /Users/recycle/work/htain-thein-be/vendor/laravel/framework/src/Illuminate/Routing/Route.php(205): Illuminate\\Routing\\Route->runController()
#21 /Users/recycle/work/htain-thein-be/vendor/laravel/framework/src/Illuminate/Routing/Router.php(806): Illuminate\\Routing\\Route->run()
#22 /Users/recycle/work/htain-thein-be/vendor/laravel/framework/src/Illuminate/Pipeline/Pipeline.php(144): Illuminate\\Routing\\Router->Illuminate\\Routing\\{closure}(Object(Illuminate\\Http\\Request))
#23 /Users/recycle/work/htain-thein-be/vendor/laravel/framework/src/Illuminate/Routing/Middleware/SubstituteBindings.php(50): Illuminate\\Pipeline\\Pipeline->Illuminate\\Pipeline\\{closure}(Object(Illuminate\\Http\\Request))
#24 /Users/recycle/work/htain-thein-be/vendor/laravel/framework/src/Illuminate/Pipeline/Pipeline.php(183): Illuminate\\Routing\\Middleware\\SubstituteBindings->handle(Object(Illuminate\\Http\\Request), Object(Closure))
#25 /Users/recycle/work/htain-thein-be/vendor/laravel/framework/src/Illuminate/Routing/Middleware/ThrottleRequests.php(159): Illuminate\\Pipeline\\Pipeline->Illuminate\\Pipeline\\{closure}(Object(Illuminate\\Http\\Request))
#26 /Users/recycle/work/htain-thein-be/vendor/laravel/framework/src/Illuminate/Routing/Middleware/ThrottleRequests.php(125): Illuminate\\Routing\\Middleware\\ThrottleRequests->handleRequest(Object(Illuminate\\Http\\Request), Object(Closure), Array)
#27 /Users/recycle/work/htain-thein-be/vendor/laravel/framework/src/Illuminate/Routing/Middleware/ThrottleRequests.php(87): Illuminate\\Routing\\Middleware\\ThrottleRequests->handleRequestUsingNamedLimiter(Object(Illuminate\\Http\\Request), Object(Closure), 'api', Object(Closure))
#28 /Users/recycle/work/htain-thein-be/vendor/laravel/framework/src/Illuminate/Pipeline/Pipeline.php(183): Illuminate\\Routing\\Middleware\\ThrottleRequests->handle(Object(Illuminate\\Http\\Request), Object(Closure), 'api')
#29 /Users/recycle/work/htain-thein-be/vendor/laravel/framework/src/Illuminate/Auth/Middleware/Authenticate.php(57): Illuminate\\Pipeline\\Pipeline->Illuminate\\Pipeline\\{closure}(Object(Illuminate\\Http\\Request))
#30 /Users/recycle/work/htain-thein-be/vendor/laravel/framework/src/Illuminate/Pipeline/Pipeline.php(183): Illuminate\\Auth\\Middleware\\Authenticate->handle(Object(Illuminate\\Http\\Request), Object(Closure), 'sanctum')
#31 /Users/recycle/work/htain-thein-be/vendor/laravel/sanctum/src/Http/Middleware/EnsureFrontendRequestsAreStateful.php(25): Illuminate\\Pipeline\\Pipeline->Illuminate\\Pipeline\\{closure}(Object(Illuminate\\Http\\Request))
#32 /Users/recycle/work/htain-thein-be/vendor/laravel/framework/src/Illuminate/Pipeline/Pipeline.php(144): Laravel\\Sanctum\\Http\\Middleware\\EnsureFrontendRequestsAreStateful->Laravel\\Sanctum\\Http\\Middleware\\{closure}(Object(Illuminate\\Http\\Request))
#33 /Users/recycle/work/htain-thein-be/vendor/laravel/framework/src/Illuminate/Pipeline/Pipeline.php(119): Illuminate\\Pipeline\\Pipeline->Illuminate\\Pipeline\\{closure}(Object(Illuminate\\Http\\Request))
#34 /Users/recycle/work/htain-thein-be/vendor/laravel/sanctum/src/Http/Middleware/EnsureFrontendRequestsAreStateful.php(24): Illuminate\\Pipeline\\Pipeline->then(Object(Closure))
#35 /Users/recycle/work/htain-thein-be/vendor/laravel/framework/src/Illuminate/Pipeline/Pipeline.php(183): Laravel\\Sanctum\\Http\\Middleware\\EnsureFrontendRequestsAreStateful->handle(Object(Illuminate\\Http\\Request), Object(Closure))
#36 /Users/recycle/work/htain-thein-be/vendor/laravel/framework/src/Illuminate/Pipeline/Pipeline.php(119): Illuminate\\Pipeline\\Pipeline->Illuminate\\Pipeline\\{closure}(Object(Illuminate\\Http\\Request))
#37 /Users/recycle/work/htain-thein-be/vendor/laravel/framework/src/Illuminate/Routing/Router.php(805): Illuminate\\Pipeline\\Pipeline->then(Object(Closure))
#38 /Users/recycle/work/htain-thein-be/vendor/laravel/framework/src/Illuminate/Routing/Router.php(784): Illuminate\\Routing\\Router->runRouteWithinStack(Object(Illuminate\\Routing\\Route), Object(Illuminate\\Http\\Request))
#39 /Users/recycle/work/htain-thein-be/vendor/laravel/framework/src/Illuminate/Routing/Router.php(748): Illuminate\\Routing\\Router->runRoute(Object(Illuminate\\Http\\Request), Object(Illuminate\\Routing\\Route))
#40 /Users/recycle/work/htain-thein-be/vendor/laravel/framework/src/Illuminate/Routing/Router.php(737): Illuminate\\Routing\\Router->dispatchToRoute(Object(Illuminate\\Http\\Request))
#41 /Users/recycle/work/htain-thein-be/vendor/laravel/framework/src/Illuminate/Foundation/Http/Kernel.php(200): Illuminate\\Routing\\Router->dispatch(Object(Illuminate\\Http\\Request))
#42 /Users/recycle/work/htain-thein-be/vendor/laravel/framework/src/Illuminate/Pipeline/Pipeline.php(144): Illuminate\\Foundation\\Http\\Kernel->Illuminate\\Foundation\\Http\\{closure}(Object(Illuminate\\Http\\Request))
#43 /Users/recycle/work/htain-thein-be/vendor/laravel/framework/src/Illuminate/View/Middleware/ShareErrorsFromSession.php(49): Illuminate\\Pipeline\\Pipeline->Illuminate\\Pipeline\\{closure}(Object(Illuminate\\Http\\Request))
#44 /Users/recycle/work/htain-thein-be/vendor/laravel/framework/src/Illuminate/Pipeline/Pipeline.php(183): Illuminate\\View\\Middleware\\ShareErrorsFromSession->handle(Object(Illuminate\\Http\\Request), Object(Closure))
#45 /Users/recycle/work/htain-thein-be/vendor/laravel/framework/src/Illuminate/Session/Middleware/StartSession.php(121): Illuminate\\Pipeline\\Pipeline->Illuminate\\Pipeline\\{closure}(Object(Illuminate\\Http\\Request))
#46 /Users/recycle/work/htain-thein-be/vendor/laravel/framework/src/Illuminate/Session/Middleware/StartSession.php(64): Illuminate\\Session\\Middleware\\StartSession->handleStatefulRequest(Object(Illuminate\\Http\\Request), Object(Illuminate\\Session\\Store), Object(Closure))
#47 /Users/recycle/work/htain-thein-be/vendor/laravel/framework/src/Illuminate/Pipeline/Pipeline.php(183): Illuminate\\Session\\Middleware\\StartSession->handle(Object(Illuminate\\Http\\Request), Object(Closure))
#48 /Users/recycle/work/htain-thein-be/vendor/laravel/framework/src/Illuminate/Foundation/Http/Middleware/TransformsRequest.php(21): Illuminate\\Pipeline\\Pipeline->Illuminate\\Pipeline\\{closure}(Object(Illuminate\\Http\\Request))
#49 /Users/recycle/work/htain-thein-be/vendor/laravel/framework/src/Illuminate/Foundation/Http/Middleware/ConvertEmptyStringsToNull.php(31): Illuminate\\Foundation\\Http\\Middleware\\TransformsRequest->handle(Object(Illuminate\\Http\\Request), Object(Closure))
#50 /Users/recycle/work/htain-thein-be/vendor/laravel/framework/src/Illuminate/Pipeline/Pipeline.php(183): Illuminate\\Foundation\\Http\\Middleware\\ConvertEmptyStringsToNull->handle(Object(Illuminate\\Http\\Request), Object(Closure))
#51 /Users/recycle/work/htain-thein-be/vendor/laravel/framework/src/Illuminate/Foundation/Http/Middleware/TransformsRequest.php(21): Illuminate\\Pipeline\\Pipeline->Illuminate\\Pipeline\\{closure}(Object(Illuminate\\Http\\Request))
#52 /Users/recycle/work/htain-thein-be/vendor/laravel/framework/src/Illuminate/Foundation/Http/Middleware/TrimStrings.php(40): Illuminate\\Foundation\\Http\\Middleware\\TransformsRequest->handle(Object(Illuminate\\Http\\Request), Object(Closure))
#53 /Users/recycle/work/htain-thein-be/vendor/laravel/framework/src/Illuminate/Pipeline/Pipeline.php(183): Illuminate\\Foundation\\Http\\Middleware\\TrimStrings->handle(Object(Illuminate\\Http\\Request), Object(Closure))
#54 /Users/recycle/work/htain-thein-be/vendor/laravel/framework/src/Illuminate/Foundation/Http/Middleware/ValidatePostSize.php(27): Illuminate\\Pipeline\\Pipeline->Illuminate\\Pipeline\\{closure}(Object(Illuminate\\Http\\Request))
#55 /Users/recycle/work/htain-thein-be/vendor/laravel/framework/src/Illuminate/Pipeline/Pipeline.php(183): Illuminate\\Foundation\\Http\\Middleware\\ValidatePostSize->handle(Object(Illuminate\\Http\\Request), Object(Closure))
#56 /Users/recycle/work/htain-thein-be/vendor/laravel/framework/src/Illuminate/Foundation/Http/Middleware/PreventRequestsDuringMaintenance.php(99): Illuminate\\Pipeline\\Pipeline->Illuminate\\Pipeline\\{closure}(Object(Illuminate\\Http\\Request))
#57 /Users/recycle/work/htain-thein-be/vendor/laravel/framework/src/Illuminate/Pipeline/Pipeline.php(183): Illuminate\\Foundation\\Http\\Middleware\\PreventRequestsDuringMaintenance->handle(Object(Illuminate\\Http\\Request), Object(Closure))
#58 /Users/recycle/work/htain-thein-be/vendor/laravel/framework/src/Illuminate/Http/Middleware/HandleCors.php(62): Illuminate\\Pipeline\\Pipeline->Illuminate\\Pipeline\\{closure}(Object(Illuminate\\Http\\Request))
#59 /Users/recycle/work/htain-thein-be/vendor/laravel/framework/src/Illuminate/Pipeline/Pipeline.php(183): Illuminate\\Http\\Middleware\\HandleCors->handle(Object(Illuminate\\Http\\Request), Object(Closure))
#60 /Users/recycle/work/htain-thein-be/vendor/laravel/framework/src/Illuminate/Http/Middleware/TrustProxies.php(39): Illuminate\\Pipeline\\Pipeline->Illuminate\\Pipeline\\{closure}(Object(Illuminate\\Http\\Request))
#61 /Users/recycle/work/htain-thein-be/vendor/laravel/framework/src/Illuminate/Pipeline/Pipeline.php(183): Illuminate\\Http\\Middleware\\TrustProxies->handle(Object(Illuminate\\Http\\Request), Object(Closure))
#62 /Users/recycle/work/htain-thein-be/vendor/laravel/framework/src/Illuminate/Pipeline/Pipeline.php(119): Illuminate\\Pipeline\\Pipeline->Illuminate\\Pipeline\\{closure}(Object(Illuminate\\Http\\Request))
#63 /Users/recycle/work/htain-thein-be/vendor/laravel/framework/src/Illuminate/Foundation/Http/Kernel.php(175): Illuminate\\Pipeline\\Pipeline->then(Object(Closure))
#64 /Users/recycle/work/htain-thein-be/vendor/laravel/framework/src/Illuminate/Foundation/Http/Kernel.php(144): Illuminate\\Foundation\\Http\\Kernel->sendRequestThroughRouter(Object(Illuminate\\Http\\Request))
#65 /Users/recycle/work/htain-thein-be/public/index.php(51): Illuminate\\Foundation\\Http\\Kernel->handle(Object(Illuminate\\Http\\Request))
#66 /Users/recycle/work/htain-thein-be/vendor/laravel/framework/src/Illuminate/Foundation/resources/server.php(16): require_once('/Users/recycle/...')
#67 {main}
"} 
[2025-01-21 13:19:11] local.ERROR: The HTTP status code "0" is not valid. {"userId":1,"exception":"[object] (InvalidArgumentException(code: 0): The HTTP status code \"0\" is not valid. at /Users/recycle/work/htain-thein-be/vendor/symfony/http-foundation/Response.php:502)
[stacktrace]
#0 /Users/recycle/work/htain-thein-be/vendor/symfony/http-foundation/Response.php(228): Symfony\\Component\\HttpFoundation\\Response->setStatusCode(0)
#1 /Users/recycle/work/htain-thein-be/vendor/symfony/http-foundation/JsonResponse.php(41): Symfony\\Component\\HttpFoundation\\Response->__construct('', 0, Array)
#2 /Users/recycle/work/htain-thein-be/vendor/laravel/framework/src/Illuminate/Http/JsonResponse.php(32): Symfony\\Component\\HttpFoundation\\JsonResponse->__construct(Array, 0, Array, false)
#3 /Users/recycle/work/htain-thein-be/vendor/laravel/framework/src/Illuminate/Routing/ResponseFactory.php(102): Illuminate\\Http\\JsonResponse->__construct(Array, 0, Array, 0)
#4 /Users/recycle/work/htain-thein-be/app/Exceptions/Handler.php(89): Illuminate\\Routing\\ResponseFactory->json(Array, 0)
#5 /Users/recycle/work/htain-thein-be/vendor/laravel/framework/src/Illuminate/Routing/Pipeline.php(51): App\\Exceptions\\Handler->render(Object(Illuminate\\Http\\Request), Object(App\\Exceptions\\CustomErrorException))
#6 /Users/recycle/work/htain-thein-be/vendor/laravel/framework/src/Illuminate/Pipeline/Pipeline.php(146): Illuminate\\Routing\\Pipeline->handleException(Object(Illuminate\\Http\\Request), Object(App\\Exceptions\\CustomErrorException))
#7 /Users/recycle/work/htain-thein-be/vendor/laravel/framework/src/Illuminate/Routing/Middleware/SubstituteBindings.php(50): Illuminate\\Pipeline\\Pipeline->Illuminate\\Pipeline\\{closure}(Object(Illuminate\\Http\\Request))
#8 /Users/recycle/work/htain-thein-be/vendor/laravel/framework/src/Illuminate/Pipeline/Pipeline.php(183): Illuminate\\Routing\\Middleware\\SubstituteBindings->handle(Object(Illuminate\\Http\\Request), Object(Closure))
#9 /Users/recycle/work/htain-thein-be/vendor/laravel/framework/src/Illuminate/Routing/Middleware/ThrottleRequests.php(159): Illuminate\\Pipeline\\Pipeline->Illuminate\\Pipeline\\{closure}(Object(Illuminate\\Http\\Request))
#10 /Users/recycle/work/htain-thein-be/vendor/laravel/framework/src/Illuminate/Routing/Middleware/ThrottleRequests.php(125): Illuminate\\Routing\\Middleware\\ThrottleRequests->handleRequest(Object(Illuminate\\Http\\Request), Object(Closure), Array)
#11 /Users/recycle/work/htain-thein-be/vendor/laravel/framework/src/Illuminate/Routing/Middleware/ThrottleRequests.php(87): Illuminate\\Routing\\Middleware\\ThrottleRequests->handleRequestUsingNamedLimiter(Object(Illuminate\\Http\\Request), Object(Closure), 'api', Object(Closure))
#12 /Users/recycle/work/htain-thein-be/vendor/laravel/framework/src/Illuminate/Pipeline/Pipeline.php(183): Illuminate\\Routing\\Middleware\\ThrottleRequests->handle(Object(Illuminate\\Http\\Request), Object(Closure), 'api')
#13 /Users/recycle/work/htain-thein-be/vendor/laravel/framework/src/Illuminate/Auth/Middleware/Authenticate.php(57): Illuminate\\Pipeline\\Pipeline->Illuminate\\Pipeline\\{closure}(Object(Illuminate\\Http\\Request))
#14 /Users/recycle/work/htain-thein-be/vendor/laravel/framework/src/Illuminate/Pipeline/Pipeline.php(183): Illuminate\\Auth\\Middleware\\Authenticate->handle(Object(Illuminate\\Http\\Request), Object(Closure), 'sanctum')
#15 /Users/recycle/work/htain-thein-be/vendor/laravel/sanctum/src/Http/Middleware/EnsureFrontendRequestsAreStateful.php(25): Illuminate\\Pipeline\\Pipeline->Illuminate\\Pipeline\\{closure}(Object(Illuminate\\Http\\Request))
#16 /Users/recycle/work/htain-thein-be/vendor/laravel/framework/src/Illuminate/Pipeline/Pipeline.php(144): Laravel\\Sanctum\\Http\\Middleware\\EnsureFrontendRequestsAreStateful->Laravel\\Sanctum\\Http\\Middleware\\{closure}(Object(Illuminate\\Http\\Request))
#17 /Users/recycle/work/htain-thein-be/vendor/laravel/framework/src/Illuminate/Pipeline/Pipeline.php(119): Illuminate\\Pipeline\\Pipeline->Illuminate\\Pipeline\\{closure}(Object(Illuminate\\Http\\Request))
#18 /Users/recycle/work/htain-thein-be/vendor/laravel/sanctum/src/Http/Middleware/EnsureFrontendRequestsAreStateful.php(24): Illuminate\\Pipeline\\Pipeline->then(Object(Closure))
#19 /Users/recycle/work/htain-thein-be/vendor/laravel/framework/src/Illuminate/Pipeline/Pipeline.php(183): Laravel\\Sanctum\\Http\\Middleware\\EnsureFrontendRequestsAreStateful->handle(Object(Illuminate\\Http\\Request), Object(Closure))
#20 /Users/recycle/work/htain-thein-be/vendor/laravel/framework/src/Illuminate/Pipeline/Pipeline.php(119): Illuminate\\Pipeline\\Pipeline->Illuminate\\Pipeline\\{closure}(Object(Illuminate\\Http\\Request))
#21 /Users/recycle/work/htain-thein-be/vendor/laravel/framework/src/Illuminate/Routing/Router.php(805): Illuminate\\Pipeline\\Pipeline->then(Object(Closure))
#22 /Users/recycle/work/htain-thein-be/vendor/laravel/framework/src/Illuminate/Routing/Router.php(784): Illuminate\\Routing\\Router->runRouteWithinStack(Object(Illuminate\\Routing\\Route), Object(Illuminate\\Http\\Request))
#23 /Users/recycle/work/htain-thein-be/vendor/laravel/framework/src/Illuminate/Routing/Router.php(748): Illuminate\\Routing\\Router->runRoute(Object(Illuminate\\Http\\Request), Object(Illuminate\\Routing\\Route))
#24 /Users/recycle/work/htain-thein-be/vendor/laravel/framework/src/Illuminate/Routing/Router.php(737): Illuminate\\Routing\\Router->dispatchToRoute(Object(Illuminate\\Http\\Request))
#25 /Users/recycle/work/htain-thein-be/vendor/laravel/framework/src/Illuminate/Foundation/Http/Kernel.php(200): Illuminate\\Routing\\Router->dispatch(Object(Illuminate\\Http\\Request))
#26 /Users/recycle/work/htain-thein-be/vendor/laravel/framework/src/Illuminate/Pipeline/Pipeline.php(144): Illuminate\\Foundation\\Http\\Kernel->Illuminate\\Foundation\\Http\\{closure}(Object(Illuminate\\Http\\Request))
#27 /Users/recycle/work/htain-thein-be/vendor/laravel/framework/src/Illuminate/View/Middleware/ShareErrorsFromSession.php(49): Illuminate\\Pipeline\\Pipeline->Illuminate\\Pipeline\\{closure}(Object(Illuminate\\Http\\Request))
#28 /Users/recycle/work/htain-thein-be/vendor/laravel/framework/src/Illuminate/Pipeline/Pipeline.php(183): Illuminate\\View\\Middleware\\ShareErrorsFromSession->handle(Object(Illuminate\\Http\\Request), Object(Closure))
#29 /Users/recycle/work/htain-thein-be/vendor/laravel/framework/src/Illuminate/Session/Middleware/StartSession.php(121): Illuminate\\Pipeline\\Pipeline->Illuminate\\Pipeline\\{closure}(Object(Illuminate\\Http\\Request))
#30 /Users/recycle/work/htain-thein-be/vendor/laravel/framework/src/Illuminate/Session/Middleware/StartSession.php(64): Illuminate\\Session\\Middleware\\StartSession->handleStatefulRequest(Object(Illuminate\\Http\\Request), Object(Illuminate\\Session\\Store), Object(Closure))
#31 /Users/recycle/work/htain-thein-be/vendor/laravel/framework/src/Illuminate/Pipeline/Pipeline.php(183): Illuminate\\Session\\Middleware\\StartSession->handle(Object(Illuminate\\Http\\Request), Object(Closure))
#32 /Users/recycle/work/htain-thein-be/vendor/laravel/framework/src/Illuminate/Foundation/Http/Middleware/TransformsRequest.php(21): Illuminate\\Pipeline\\Pipeline->Illuminate\\Pipeline\\{closure}(Object(Illuminate\\Http\\Request))
#33 /Users/recycle/work/htain-thein-be/vendor/laravel/framework/src/Illuminate/Foundation/Http/Middleware/ConvertEmptyStringsToNull.php(31): Illuminate\\Foundation\\Http\\Middleware\\TransformsRequest->handle(Object(Illuminate\\Http\\Request), Object(Closure))
#34 /Users/recycle/work/htain-thein-be/vendor/laravel/framework/src/Illuminate/Pipeline/Pipeline.php(183): Illuminate\\Foundation\\Http\\Middleware\\ConvertEmptyStringsToNull->handle(Object(Illuminate\\Http\\Request), Object(Closure))
#35 /Users/recycle/work/htain-thein-be/vendor/laravel/framework/src/Illuminate/Foundation/Http/Middleware/TransformsRequest.php(21): Illuminate\\Pipeline\\Pipeline->Illuminate\\Pipeline\\{closure}(Object(Illuminate\\Http\\Request))
#36 /Users/recycle/work/htain-thein-be/vendor/laravel/framework/src/Illuminate/Foundation/Http/Middleware/TrimStrings.php(40): Illuminate\\Foundation\\Http\\Middleware\\TransformsRequest->handle(Object(Illuminate\\Http\\Request), Object(Closure))
#37 /Users/recycle/work/htain-thein-be/vendor/laravel/framework/src/Illuminate/Pipeline/Pipeline.php(183): Illuminate\\Foundation\\Http\\Middleware\\TrimStrings->handle(Object(Illuminate\\Http\\Request), Object(Closure))
#38 /Users/recycle/work/htain-thein-be/vendor/laravel/framework/src/Illuminate/Foundation/Http/Middleware/ValidatePostSize.php(27): Illuminate\\Pipeline\\Pipeline->Illuminate\\Pipeline\\{closure}(Object(Illuminate\\Http\\Request))
#39 /Users/recycle/work/htain-thein-be/vendor/laravel/framework/src/Illuminate/Pipeline/Pipeline.php(183): Illuminate\\Foundation\\Http\\Middleware\\ValidatePostSize->handle(Object(Illuminate\\Http\\Request), Object(Closure))
#40 /Users/recycle/work/htain-thein-be/vendor/laravel/framework/src/Illuminate/Foundation/Http/Middleware/PreventRequestsDuringMaintenance.php(99): Illuminate\\Pipeline\\Pipeline->Illuminate\\Pipeline\\{closure}(Object(Illuminate\\Http\\Request))
#41 /Users/recycle/work/htain-thein-be/vendor/laravel/framework/src/Illuminate/Pipeline/Pipeline.php(183): Illuminate\\Foundation\\Http\\Middleware\\PreventRequestsDuringMaintenance->handle(Object(Illuminate\\Http\\Request), Object(Closure))
#42 /Users/recycle/work/htain-thein-be/vendor/laravel/framework/src/Illuminate/Http/Middleware/HandleCors.php(62): Illuminate\\Pipeline\\Pipeline->Illuminate\\Pipeline\\{closure}(Object(Illuminate\\Http\\Request))
#43 /Users/recycle/work/htain-thein-be/vendor/laravel/framework/src/Illuminate/Pipeline/Pipeline.php(183): Illuminate\\Http\\Middleware\\HandleCors->handle(Object(Illuminate\\Http\\Request), Object(Closure))
#44 /Users/recycle/work/htain-thein-be/vendor/laravel/framework/src/Illuminate/Http/Middleware/TrustProxies.php(39): Illuminate\\Pipeline\\Pipeline->Illuminate\\Pipeline\\{closure}(Object(Illuminate\\Http\\Request))
#45 /Users/recycle/work/htain-thein-be/vendor/laravel/framework/src/Illuminate/Pipeline/Pipeline.php(183): Illuminate\\Http\\Middleware\\TrustProxies->handle(Object(Illuminate\\Http\\Request), Object(Closure))
#46 /Users/recycle/work/htain-thein-be/vendor/laravel/framework/src/Illuminate/Pipeline/Pipeline.php(119): Illuminate\\Pipeline\\Pipeline->Illuminate\\Pipeline\\{closure}(Object(Illuminate\\Http\\Request))
#47 /Users/recycle/work/htain-thein-be/vendor/laravel/framework/src/Illuminate/Foundation/Http/Kernel.php(175): Illuminate\\Pipeline\\Pipeline->then(Object(Closure))
#48 /Users/recycle/work/htain-thein-be/vendor/laravel/framework/src/Illuminate/Foundation/Http/Kernel.php(144): Illuminate\\Foundation\\Http\\Kernel->sendRequestThroughRouter(Object(Illuminate\\Http\\Request))
#49 /Users/recycle/work/htain-thein-be/public/index.php(51): Illuminate\\Foundation\\Http\\Kernel->handle(Object(Illuminate\\Http\\Request))
#50 /Users/recycle/work/htain-thein-be/vendor/laravel/framework/src/Illuminate/Foundation/resources/server.php(16): require_once('/Users/recycle/...')
#51 {main}
"} 
[2025-01-21 13:19:12] local.ERROR: The $date parameter must be a string, a DateTimeInterface instance, or null. {"userId":1,"exception":"[object] (App\\Exceptions\\CustomErrorException(code: 0): The $date parameter must be a string, a DateTimeInterface instance, or null. at /Users/recycle/work/htain-thein-be/App/Helpers/DateChangeHelper.php:15)
[stacktrace]
#0 /Users/recycle/work/htain-thein-be/app/Http/Resources/NotificationReadResource.php(21): changeToDifferForHuman(NULL)
#1 /Users/recycle/work/htain-thein-be/vendor/laravel/framework/src/Illuminate/Collections/HigherOrderCollectionProxy.php(60): App\\Http\\Resources\\NotificationReadResource->toArray(Object(Illuminate\\Http\\Request))
#2 [internal function]: Illuminate\\Support\\HigherOrderCollectionProxy->Illuminate\\Support\\{closure}(Object(App\\Http\\Resources\\NotificationReadResource), 0)
#3 /Users/recycle/work/htain-thein-be/vendor/laravel/framework/src/Illuminate/Collections/Arr.php(600): array_map(Object(Closure), Array, Array)
#4 /Users/recycle/work/htain-thein-be/vendor/laravel/framework/src/Illuminate/Collections/Collection.php(778): Illuminate\\Support\\Arr::map(Array, Object(Closure))
#5 /Users/recycle/work/htain-thein-be/vendor/laravel/framework/src/Illuminate/Collections/HigherOrderCollectionProxy.php(59): Illuminate\\Support\\Collection->map(Object(Closure))
#6 /Users/recycle/work/htain-thein-be/vendor/laravel/framework/src/Illuminate/Http/Resources/Json/ResourceCollection.php(102): Illuminate\\Support\\HigherOrderCollectionProxy->__call('toArray', Array)
#7 /Users/recycle/work/htain-thein-be/vendor/laravel/framework/src/Illuminate/Http/Resources/Json/JsonResource.php(108): Illuminate\\Http\\Resources\\Json\\ResourceCollection->toArray(Object(Illuminate\\Http\\Request))
#8 /Users/recycle/work/htain-thein-be/vendor/laravel/framework/src/Illuminate/Http/Resources/Json/JsonResource.php(255): Illuminate\\Http\\Resources\\Json\\JsonResource->resolve(Object(Illuminate\\Http\\Request))
#9 [internal function]: Illuminate\\Http\\Resources\\Json\\JsonResource->jsonSerialize()
#10 /Users/recycle/work/htain-thein-be/vendor/laravel/framework/src/Illuminate/Http/JsonResponse.php(84): json_encode(Array, 0)
#11 /Users/recycle/work/htain-thein-be/vendor/symfony/http-foundation/JsonResponse.php(49): Illuminate\\Http\\JsonResponse->setData(Array)
#12 /Users/recycle/work/htain-thein-be/vendor/laravel/framework/src/Illuminate/Http/JsonResponse.php(32): Symfony\\Component\\HttpFoundation\\JsonResponse->__construct(Array, 200, Array, false)
#13 /Users/recycle/work/htain-thein-be/vendor/laravel/framework/src/Illuminate/Routing/ResponseFactory.php(102): Illuminate\\Http\\JsonResponse->__construct(Array, 200, Array, 0)
#14 /Users/recycle/work/htain-thein-be/app/Services/NotificationInfo/GetAllNotificationsService.php(19): Illuminate\\Routing\\ResponseFactory->json(Array)
#15 /Users/recycle/work/htain-thein-be/app/UseCases/NotiInfo/NotiInfoAction.php(70): App\\Services\\NotificationInfo\\GetAllNotificationsService->__invoke(Object(App\\Repositories\\Notification\\NotificationRepository), 1)
#16 /Users/recycle/work/htain-thein-be/app/Http/Controllers/Api/NotiInfoController.php(31): App\\UseCases\\NotiInfo\\NotiInfoAction->getAllNotifications(1)
#17 /Users/recycle/work/htain-thein-be/vendor/laravel/framework/src/Illuminate/Routing/Controller.php(54): App\\Http\\Controllers\\Api\\NotiInfoController->index()
#18 /Users/recycle/work/htain-thein-be/vendor/laravel/framework/src/Illuminate/Routing/ControllerDispatcher.php(43): Illuminate\\Routing\\Controller->callAction('index', Array)
#19 /Users/recycle/work/htain-thein-be/vendor/laravel/framework/src/Illuminate/Routing/Route.php(259): Illuminate\\Routing\\ControllerDispatcher->dispatch(Object(Illuminate\\Routing\\Route), Object(App\\Http\\Controllers\\Api\\NotiInfoController), 'index')
#20 /Users/recycle/work/htain-thein-be/vendor/laravel/framework/src/Illuminate/Routing/Route.php(205): Illuminate\\Routing\\Route->runController()
#21 /Users/recycle/work/htain-thein-be/vendor/laravel/framework/src/Illuminate/Routing/Router.php(806): Illuminate\\Routing\\Route->run()
#22 /Users/recycle/work/htain-thein-be/vendor/laravel/framework/src/Illuminate/Pipeline/Pipeline.php(144): Illuminate\\Routing\\Router->Illuminate\\Routing\\{closure}(Object(Illuminate\\Http\\Request))
#23 /Users/recycle/work/htain-thein-be/vendor/laravel/framework/src/Illuminate/Routing/Middleware/SubstituteBindings.php(50): Illuminate\\Pipeline\\Pipeline->Illuminate\\Pipeline\\{closure}(Object(Illuminate\\Http\\Request))
#24 /Users/recycle/work/htain-thein-be/vendor/laravel/framework/src/Illuminate/Pipeline/Pipeline.php(183): Illuminate\\Routing\\Middleware\\SubstituteBindings->handle(Object(Illuminate\\Http\\Request), Object(Closure))
#25 /Users/recycle/work/htain-thein-be/vendor/laravel/framework/src/Illuminate/Routing/Middleware/ThrottleRequests.php(159): Illuminate\\Pipeline\\Pipeline->Illuminate\\Pipeline\\{closure}(Object(Illuminate\\Http\\Request))
#26 /Users/recycle/work/htain-thein-be/vendor/laravel/framework/src/Illuminate/Routing/Middleware/ThrottleRequests.php(125): Illuminate\\Routing\\Middleware\\ThrottleRequests->handleRequest(Object(Illuminate\\Http\\Request), Object(Closure), Array)
#27 /Users/recycle/work/htain-thein-be/vendor/laravel/framework/src/Illuminate/Routing/Middleware/ThrottleRequests.php(87): Illuminate\\Routing\\Middleware\\ThrottleRequests->handleRequestUsingNamedLimiter(Object(Illuminate\\Http\\Request), Object(Closure), 'api', Object(Closure))
#28 /Users/recycle/work/htain-thein-be/vendor/laravel/framework/src/Illuminate/Pipeline/Pipeline.php(183): Illuminate\\Routing\\Middleware\\ThrottleRequests->handle(Object(Illuminate\\Http\\Request), Object(Closure), 'api')
#29 /Users/recycle/work/htain-thein-be/vendor/laravel/framework/src/Illuminate/Auth/Middleware/Authenticate.php(57): Illuminate\\Pipeline\\Pipeline->Illuminate\\Pipeline\\{closure}(Object(Illuminate\\Http\\Request))
#30 /Users/recycle/work/htain-thein-be/vendor/laravel/framework/src/Illuminate/Pipeline/Pipeline.php(183): Illuminate\\Auth\\Middleware\\Authenticate->handle(Object(Illuminate\\Http\\Request), Object(Closure), 'sanctum')
#31 /Users/recycle/work/htain-thein-be/vendor/laravel/sanctum/src/Http/Middleware/EnsureFrontendRequestsAreStateful.php(25): Illuminate\\Pipeline\\Pipeline->Illuminate\\Pipeline\\{closure}(Object(Illuminate\\Http\\Request))
#32 /Users/recycle/work/htain-thein-be/vendor/laravel/framework/src/Illuminate/Pipeline/Pipeline.php(144): Laravel\\Sanctum\\Http\\Middleware\\EnsureFrontendRequestsAreStateful->Laravel\\Sanctum\\Http\\Middleware\\{closure}(Object(Illuminate\\Http\\Request))
#33 /Users/recycle/work/htain-thein-be/vendor/laravel/framework/src/Illuminate/Pipeline/Pipeline.php(119): Illuminate\\Pipeline\\Pipeline->Illuminate\\Pipeline\\{closure}(Object(Illuminate\\Http\\Request))
#34 /Users/recycle/work/htain-thein-be/vendor/laravel/sanctum/src/Http/Middleware/EnsureFrontendRequestsAreStateful.php(24): Illuminate\\Pipeline\\Pipeline->then(Object(Closure))
#35 /Users/recycle/work/htain-thein-be/vendor/laravel/framework/src/Illuminate/Pipeline/Pipeline.php(183): Laravel\\Sanctum\\Http\\Middleware\\EnsureFrontendRequestsAreStateful->handle(Object(Illuminate\\Http\\Request), Object(Closure))
#36 /Users/recycle/work/htain-thein-be/vendor/laravel/framework/src/Illuminate/Pipeline/Pipeline.php(119): Illuminate\\Pipeline\\Pipeline->Illuminate\\Pipeline\\{closure}(Object(Illuminate\\Http\\Request))
#37 /Users/recycle/work/htain-thein-be/vendor/laravel/framework/src/Illuminate/Routing/Router.php(805): Illuminate\\Pipeline\\Pipeline->then(Object(Closure))
#38 /Users/recycle/work/htain-thein-be/vendor/laravel/framework/src/Illuminate/Routing/Router.php(784): Illuminate\\Routing\\Router->runRouteWithinStack(Object(Illuminate\\Routing\\Route), Object(Illuminate\\Http\\Request))
#39 /Users/recycle/work/htain-thein-be/vendor/laravel/framework/src/Illuminate/Routing/Router.php(748): Illuminate\\Routing\\Router->runRoute(Object(Illuminate\\Http\\Request), Object(Illuminate\\Routing\\Route))
#40 /Users/recycle/work/htain-thein-be/vendor/laravel/framework/src/Illuminate/Routing/Router.php(737): Illuminate\\Routing\\Router->dispatchToRoute(Object(Illuminate\\Http\\Request))
#41 /Users/recycle/work/htain-thein-be/vendor/laravel/framework/src/Illuminate/Foundation/Http/Kernel.php(200): Illuminate\\Routing\\Router->dispatch(Object(Illuminate\\Http\\Request))
#42 /Users/recycle/work/htain-thein-be/vendor/laravel/framework/src/Illuminate/Pipeline/Pipeline.php(144): Illuminate\\Foundation\\Http\\Kernel->Illuminate\\Foundation\\Http\\{closure}(Object(Illuminate\\Http\\Request))
#43 /Users/recycle/work/htain-thein-be/vendor/laravel/framework/src/Illuminate/View/Middleware/ShareErrorsFromSession.php(49): Illuminate\\Pipeline\\Pipeline->Illuminate\\Pipeline\\{closure}(Object(Illuminate\\Http\\Request))
#44 /Users/recycle/work/htain-thein-be/vendor/laravel/framework/src/Illuminate/Pipeline/Pipeline.php(183): Illuminate\\View\\Middleware\\ShareErrorsFromSession->handle(Object(Illuminate\\Http\\Request), Object(Closure))
#45 /Users/recycle/work/htain-thein-be/vendor/laravel/framework/src/Illuminate/Session/Middleware/StartSession.php(121): Illuminate\\Pipeline\\Pipeline->Illuminate\\Pipeline\\{closure}(Object(Illuminate\\Http\\Request))
#46 /Users/recycle/work/htain-thein-be/vendor/laravel/framework/src/Illuminate/Session/Middleware/StartSession.php(64): Illuminate\\Session\\Middleware\\StartSession->handleStatefulRequest(Object(Illuminate\\Http\\Request), Object(Illuminate\\Session\\Store), Object(Closure))
#47 /Users/recycle/work/htain-thein-be/vendor/laravel/framework/src/Illuminate/Pipeline/Pipeline.php(183): Illuminate\\Session\\Middleware\\StartSession->handle(Object(Illuminate\\Http\\Request), Object(Closure))
#48 /Users/recycle/work/htain-thein-be/vendor/laravel/framework/src/Illuminate/Foundation/Http/Middleware/TransformsRequest.php(21): Illuminate\\Pipeline\\Pipeline->Illuminate\\Pipeline\\{closure}(Object(Illuminate\\Http\\Request))
#49 /Users/recycle/work/htain-thein-be/vendor/laravel/framework/src/Illuminate/Foundation/Http/Middleware/ConvertEmptyStringsToNull.php(31): Illuminate\\Foundation\\Http\\Middleware\\TransformsRequest->handle(Object(Illuminate\\Http\\Request), Object(Closure))
#50 /Users/recycle/work/htain-thein-be/vendor/laravel/framework/src/Illuminate/Pipeline/Pipeline.php(183): Illuminate\\Foundation\\Http\\Middleware\\ConvertEmptyStringsToNull->handle(Object(Illuminate\\Http\\Request), Object(Closure))
#51 /Users/recycle/work/htain-thein-be/vendor/laravel/framework/src/Illuminate/Foundation/Http/Middleware/TransformsRequest.php(21): Illuminate\\Pipeline\\Pipeline->Illuminate\\Pipeline\\{closure}(Object(Illuminate\\Http\\Request))
#52 /Users/recycle/work/htain-thein-be/vendor/laravel/framework/src/Illuminate/Foundation/Http/Middleware/TrimStrings.php(40): Illuminate\\Foundation\\Http\\Middleware\\TransformsRequest->handle(Object(Illuminate\\Http\\Request), Object(Closure))
#53 /Users/recycle/work/htain-thein-be/vendor/laravel/framework/src/Illuminate/Pipeline/Pipeline.php(183): Illuminate\\Foundation\\Http\\Middleware\\TrimStrings->handle(Object(Illuminate\\Http\\Request), Object(Closure))
#54 /Users/recycle/work/htain-thein-be/vendor/laravel/framework/src/Illuminate/Foundation/Http/Middleware/ValidatePostSize.php(27): Illuminate\\Pipeline\\Pipeline->Illuminate\\Pipeline\\{closure}(Object(Illuminate\\Http\\Request))
#55 /Users/recycle/work/htain-thein-be/vendor/laravel/framework/src/Illuminate/Pipeline/Pipeline.php(183): Illuminate\\Foundation\\Http\\Middleware\\ValidatePostSize->handle(Object(Illuminate\\Http\\Request), Object(Closure))
#56 /Users/recycle/work/htain-thein-be/vendor/laravel/framework/src/Illuminate/Foundation/Http/Middleware/PreventRequestsDuringMaintenance.php(99): Illuminate\\Pipeline\\Pipeline->Illuminate\\Pipeline\\{closure}(Object(Illuminate\\Http\\Request))
#57 /Users/recycle/work/htain-thein-be/vendor/laravel/framework/src/Illuminate/Pipeline/Pipeline.php(183): Illuminate\\Foundation\\Http\\Middleware\\PreventRequestsDuringMaintenance->handle(Object(Illuminate\\Http\\Request), Object(Closure))
#58 /Users/recycle/work/htain-thein-be/vendor/laravel/framework/src/Illuminate/Http/Middleware/HandleCors.php(62): Illuminate\\Pipeline\\Pipeline->Illuminate\\Pipeline\\{closure}(Object(Illuminate\\Http\\Request))
#59 /Users/recycle/work/htain-thein-be/vendor/laravel/framework/src/Illuminate/Pipeline/Pipeline.php(183): Illuminate\\Http\\Middleware\\HandleCors->handle(Object(Illuminate\\Http\\Request), Object(Closure))
#60 /Users/recycle/work/htain-thein-be/vendor/laravel/framework/src/Illuminate/Http/Middleware/TrustProxies.php(39): Illuminate\\Pipeline\\Pipeline->Illuminate\\Pipeline\\{closure}(Object(Illuminate\\Http\\Request))
#61 /Users/recycle/work/htain-thein-be/vendor/laravel/framework/src/Illuminate/Pipeline/Pipeline.php(183): Illuminate\\Http\\Middleware\\TrustProxies->handle(Object(Illuminate\\Http\\Request), Object(Closure))
#62 /Users/recycle/work/htain-thein-be/vendor/laravel/framework/src/Illuminate/Pipeline/Pipeline.php(119): Illuminate\\Pipeline\\Pipeline->Illuminate\\Pipeline\\{closure}(Object(Illuminate\\Http\\Request))
#63 /Users/recycle/work/htain-thein-be/vendor/laravel/framework/src/Illuminate/Foundation/Http/Kernel.php(175): Illuminate\\Pipeline\\Pipeline->then(Object(Closure))
#64 /Users/recycle/work/htain-thein-be/vendor/laravel/framework/src/Illuminate/Foundation/Http/Kernel.php(144): Illuminate\\Foundation\\Http\\Kernel->sendRequestThroughRouter(Object(Illuminate\\Http\\Request))
#65 /Users/recycle/work/htain-thein-be/public/index.php(51): Illuminate\\Foundation\\Http\\Kernel->handle(Object(Illuminate\\Http\\Request))
#66 /Users/recycle/work/htain-thein-be/vendor/laravel/framework/src/Illuminate/Foundation/resources/server.php(16): require_once('/Users/recycle/...')
#67 {main}
"} 
[2025-01-21 13:19:12] local.ERROR: The HTTP status code "0" is not valid. {"userId":1,"exception":"[object] (InvalidArgumentException(code: 0): The HTTP status code \"0\" is not valid. at /Users/recycle/work/htain-thein-be/vendor/symfony/http-foundation/Response.php:502)
[stacktrace]
#0 /Users/recycle/work/htain-thein-be/vendor/symfony/http-foundation/Response.php(228): Symfony\\Component\\HttpFoundation\\Response->setStatusCode(0)
#1 /Users/recycle/work/htain-thein-be/vendor/symfony/http-foundation/JsonResponse.php(41): Symfony\\Component\\HttpFoundation\\Response->__construct('', 0, Array)
#2 /Users/recycle/work/htain-thein-be/vendor/laravel/framework/src/Illuminate/Http/JsonResponse.php(32): Symfony\\Component\\HttpFoundation\\JsonResponse->__construct(Array, 0, Array, false)
#3 /Users/recycle/work/htain-thein-be/vendor/laravel/framework/src/Illuminate/Routing/ResponseFactory.php(102): Illuminate\\Http\\JsonResponse->__construct(Array, 0, Array, 0)
#4 /Users/recycle/work/htain-thein-be/app/Exceptions/Handler.php(89): Illuminate\\Routing\\ResponseFactory->json(Array, 0)
#5 /Users/recycle/work/htain-thein-be/vendor/laravel/framework/src/Illuminate/Routing/Pipeline.php(51): App\\Exceptions\\Handler->render(Object(Illuminate\\Http\\Request), Object(App\\Exceptions\\CustomErrorException))
#6 /Users/recycle/work/htain-thein-be/vendor/laravel/framework/src/Illuminate/Pipeline/Pipeline.php(146): Illuminate\\Routing\\Pipeline->handleException(Object(Illuminate\\Http\\Request), Object(App\\Exceptions\\CustomErrorException))
#7 /Users/recycle/work/htain-thein-be/vendor/laravel/framework/src/Illuminate/Routing/Middleware/SubstituteBindings.php(50): Illuminate\\Pipeline\\Pipeline->Illuminate\\Pipeline\\{closure}(Object(Illuminate\\Http\\Request))
#8 /Users/recycle/work/htain-thein-be/vendor/laravel/framework/src/Illuminate/Pipeline/Pipeline.php(183): Illuminate\\Routing\\Middleware\\SubstituteBindings->handle(Object(Illuminate\\Http\\Request), Object(Closure))
#9 /Users/recycle/work/htain-thein-be/vendor/laravel/framework/src/Illuminate/Routing/Middleware/ThrottleRequests.php(159): Illuminate\\Pipeline\\Pipeline->Illuminate\\Pipeline\\{closure}(Object(Illuminate\\Http\\Request))
#10 /Users/recycle/work/htain-thein-be/vendor/laravel/framework/src/Illuminate/Routing/Middleware/ThrottleRequests.php(125): Illuminate\\Routing\\Middleware\\ThrottleRequests->handleRequest(Object(Illuminate\\Http\\Request), Object(Closure), Array)
#11 /Users/recycle/work/htain-thein-be/vendor/laravel/framework/src/Illuminate/Routing/Middleware/ThrottleRequests.php(87): Illuminate\\Routing\\Middleware\\ThrottleRequests->handleRequestUsingNamedLimiter(Object(Illuminate\\Http\\Request), Object(Closure), 'api', Object(Closure))
#12 /Users/recycle/work/htain-thein-be/vendor/laravel/framework/src/Illuminate/Pipeline/Pipeline.php(183): Illuminate\\Routing\\Middleware\\ThrottleRequests->handle(Object(Illuminate\\Http\\Request), Object(Closure), 'api')
#13 /Users/recycle/work/htain-thein-be/vendor/laravel/framework/src/Illuminate/Auth/Middleware/Authenticate.php(57): Illuminate\\Pipeline\\Pipeline->Illuminate\\Pipeline\\{closure}(Object(Illuminate\\Http\\Request))
#14 /Users/recycle/work/htain-thein-be/vendor/laravel/framework/src/Illuminate/Pipeline/Pipeline.php(183): Illuminate\\Auth\\Middleware\\Authenticate->handle(Object(Illuminate\\Http\\Request), Object(Closure), 'sanctum')
#15 /Users/recycle/work/htain-thein-be/vendor/laravel/sanctum/src/Http/Middleware/EnsureFrontendRequestsAreStateful.php(25): Illuminate\\Pipeline\\Pipeline->Illuminate\\Pipeline\\{closure}(Object(Illuminate\\Http\\Request))
#16 /Users/recycle/work/htain-thein-be/vendor/laravel/framework/src/Illuminate/Pipeline/Pipeline.php(144): Laravel\\Sanctum\\Http\\Middleware\\EnsureFrontendRequestsAreStateful->Laravel\\Sanctum\\Http\\Middleware\\{closure}(Object(Illuminate\\Http\\Request))
#17 /Users/recycle/work/htain-thein-be/vendor/laravel/framework/src/Illuminate/Pipeline/Pipeline.php(119): Illuminate\\Pipeline\\Pipeline->Illuminate\\Pipeline\\{closure}(Object(Illuminate\\Http\\Request))
#18 /Users/recycle/work/htain-thein-be/vendor/laravel/sanctum/src/Http/Middleware/EnsureFrontendRequestsAreStateful.php(24): Illuminate\\Pipeline\\Pipeline->then(Object(Closure))
#19 /Users/recycle/work/htain-thein-be/vendor/laravel/framework/src/Illuminate/Pipeline/Pipeline.php(183): Laravel\\Sanctum\\Http\\Middleware\\EnsureFrontendRequestsAreStateful->handle(Object(Illuminate\\Http\\Request), Object(Closure))
#20 /Users/recycle/work/htain-thein-be/vendor/laravel/framework/src/Illuminate/Pipeline/Pipeline.php(119): Illuminate\\Pipeline\\Pipeline->Illuminate\\Pipeline\\{closure}(Object(Illuminate\\Http\\Request))
#21 /Users/recycle/work/htain-thein-be/vendor/laravel/framework/src/Illuminate/Routing/Router.php(805): Illuminate\\Pipeline\\Pipeline->then(Object(Closure))
#22 /Users/recycle/work/htain-thein-be/vendor/laravel/framework/src/Illuminate/Routing/Router.php(784): Illuminate\\Routing\\Router->runRouteWithinStack(Object(Illuminate\\Routing\\Route), Object(Illuminate\\Http\\Request))
#23 /Users/recycle/work/htain-thein-be/vendor/laravel/framework/src/Illuminate/Routing/Router.php(748): Illuminate\\Routing\\Router->runRoute(Object(Illuminate\\Http\\Request), Object(Illuminate\\Routing\\Route))
#24 /Users/recycle/work/htain-thein-be/vendor/laravel/framework/src/Illuminate/Routing/Router.php(737): Illuminate\\Routing\\Router->dispatchToRoute(Object(Illuminate\\Http\\Request))
#25 /Users/recycle/work/htain-thein-be/vendor/laravel/framework/src/Illuminate/Foundation/Http/Kernel.php(200): Illuminate\\Routing\\Router->dispatch(Object(Illuminate\\Http\\Request))
#26 /Users/recycle/work/htain-thein-be/vendor/laravel/framework/src/Illuminate/Pipeline/Pipeline.php(144): Illuminate\\Foundation\\Http\\Kernel->Illuminate\\Foundation\\Http\\{closure}(Object(Illuminate\\Http\\Request))
#27 /Users/recycle/work/htain-thein-be/vendor/laravel/framework/src/Illuminate/View/Middleware/ShareErrorsFromSession.php(49): Illuminate\\Pipeline\\Pipeline->Illuminate\\Pipeline\\{closure}(Object(Illuminate\\Http\\Request))
#28 /Users/recycle/work/htain-thein-be/vendor/laravel/framework/src/Illuminate/Pipeline/Pipeline.php(183): Illuminate\\View\\Middleware\\ShareErrorsFromSession->handle(Object(Illuminate\\Http\\Request), Object(Closure))
#29 /Users/recycle/work/htain-thein-be/vendor/laravel/framework/src/Illuminate/Session/Middleware/StartSession.php(121): Illuminate\\Pipeline\\Pipeline->Illuminate\\Pipeline\\{closure}(Object(Illuminate\\Http\\Request))
#30 /Users/recycle/work/htain-thein-be/vendor/laravel/framework/src/Illuminate/Session/Middleware/StartSession.php(64): Illuminate\\Session\\Middleware\\StartSession->handleStatefulRequest(Object(Illuminate\\Http\\Request), Object(Illuminate\\Session\\Store), Object(Closure))
#31 /Users/recycle/work/htain-thein-be/vendor/laravel/framework/src/Illuminate/Pipeline/Pipeline.php(183): Illuminate\\Session\\Middleware\\StartSession->handle(Object(Illuminate\\Http\\Request), Object(Closure))
#32 /Users/recycle/work/htain-thein-be/vendor/laravel/framework/src/Illuminate/Foundation/Http/Middleware/TransformsRequest.php(21): Illuminate\\Pipeline\\Pipeline->Illuminate\\Pipeline\\{closure}(Object(Illuminate\\Http\\Request))
#33 /Users/recycle/work/htain-thein-be/vendor/laravel/framework/src/Illuminate/Foundation/Http/Middleware/ConvertEmptyStringsToNull.php(31): Illuminate\\Foundation\\Http\\Middleware\\TransformsRequest->handle(Object(Illuminate\\Http\\Request), Object(Closure))
#34 /Users/recycle/work/htain-thein-be/vendor/laravel/framework/src/Illuminate/Pipeline/Pipeline.php(183): Illuminate\\Foundation\\Http\\Middleware\\ConvertEmptyStringsToNull->handle(Object(Illuminate\\Http\\Request), Object(Closure))
#35 /Users/recycle/work/htain-thein-be/vendor/laravel/framework/src/Illuminate/Foundation/Http/Middleware/TransformsRequest.php(21): Illuminate\\Pipeline\\Pipeline->Illuminate\\Pipeline\\{closure}(Object(Illuminate\\Http\\Request))
#36 /Users/recycle/work/htain-thein-be/vendor/laravel/framework/src/Illuminate/Foundation/Http/Middleware/TrimStrings.php(40): Illuminate\\Foundation\\Http\\Middleware\\TransformsRequest->handle(Object(Illuminate\\Http\\Request), Object(Closure))
#37 /Users/recycle/work/htain-thein-be/vendor/laravel/framework/src/Illuminate/Pipeline/Pipeline.php(183): Illuminate\\Foundation\\Http\\Middleware\\TrimStrings->handle(Object(Illuminate\\Http\\Request), Object(Closure))
#38 /Users/recycle/work/htain-thein-be/vendor/laravel/framework/src/Illuminate/Foundation/Http/Middleware/ValidatePostSize.php(27): Illuminate\\Pipeline\\Pipeline->Illuminate\\Pipeline\\{closure}(Object(Illuminate\\Http\\Request))
#39 /Users/recycle/work/htain-thein-be/vendor/laravel/framework/src/Illuminate/Pipeline/Pipeline.php(183): Illuminate\\Foundation\\Http\\Middleware\\ValidatePostSize->handle(Object(Illuminate\\Http\\Request), Object(Closure))
#40 /Users/recycle/work/htain-thein-be/vendor/laravel/framework/src/Illuminate/Foundation/Http/Middleware/PreventRequestsDuringMaintenance.php(99): Illuminate\\Pipeline\\Pipeline->Illuminate\\Pipeline\\{closure}(Object(Illuminate\\Http\\Request))
#41 /Users/recycle/work/htain-thein-be/vendor/laravel/framework/src/Illuminate/Pipeline/Pipeline.php(183): Illuminate\\Foundation\\Http\\Middleware\\PreventRequestsDuringMaintenance->handle(Object(Illuminate\\Http\\Request), Object(Closure))
#42 /Users/recycle/work/htain-thein-be/vendor/laravel/framework/src/Illuminate/Http/Middleware/HandleCors.php(62): Illuminate\\Pipeline\\Pipeline->Illuminate\\Pipeline\\{closure}(Object(Illuminate\\Http\\Request))
#43 /Users/recycle/work/htain-thein-be/vendor/laravel/framework/src/Illuminate/Pipeline/Pipeline.php(183): Illuminate\\Http\\Middleware\\HandleCors->handle(Object(Illuminate\\Http\\Request), Object(Closure))
#44 /Users/recycle/work/htain-thein-be/vendor/laravel/framework/src/Illuminate/Http/Middleware/TrustProxies.php(39): Illuminate\\Pipeline\\Pipeline->Illuminate\\Pipeline\\{closure}(Object(Illuminate\\Http\\Request))
#45 /Users/recycle/work/htain-thein-be/vendor/laravel/framework/src/Illuminate/Pipeline/Pipeline.php(183): Illuminate\\Http\\Middleware\\TrustProxies->handle(Object(Illuminate\\Http\\Request), Object(Closure))
#46 /Users/recycle/work/htain-thein-be/vendor/laravel/framework/src/Illuminate/Pipeline/Pipeline.php(119): Illuminate\\Pipeline\\Pipeline->Illuminate\\Pipeline\\{closure}(Object(Illuminate\\Http\\Request))
#47 /Users/recycle/work/htain-thein-be/vendor/laravel/framework/src/Illuminate/Foundation/Http/Kernel.php(175): Illuminate\\Pipeline\\Pipeline->then(Object(Closure))
#48 /Users/recycle/work/htain-thein-be/vendor/laravel/framework/src/Illuminate/Foundation/Http/Kernel.php(144): Illuminate\\Foundation\\Http\\Kernel->sendRequestThroughRouter(Object(Illuminate\\Http\\Request))
#49 /Users/recycle/work/htain-thein-be/public/index.php(51): Illuminate\\Foundation\\Http\\Kernel->handle(Object(Illuminate\\Http\\Request))
#50 /Users/recycle/work/htain-thein-be/vendor/laravel/framework/src/Illuminate/Foundation/resources/server.php(16): require_once('/Users/recycle/...')
#51 {main}
"} 
[2025-01-21 13:19:15] local.ERROR: The $date parameter must be a string, a DateTimeInterface instance, or null. {"userId":1,"exception":"[object] (App\\Exceptions\\CustomErrorException(code: 0): The $date parameter must be a string, a DateTimeInterface instance, or null. at /Users/recycle/work/htain-thein-be/App/Helpers/DateChangeHelper.php:15)
[stacktrace]
#0 /Users/recycle/work/htain-thein-be/app/Http/Resources/NotificationReadResource.php(21): changeToDifferForHuman(NULL)
#1 /Users/recycle/work/htain-thein-be/vendor/laravel/framework/src/Illuminate/Collections/HigherOrderCollectionProxy.php(60): App\\Http\\Resources\\NotificationReadResource->toArray(Object(Illuminate\\Http\\Request))
#2 [internal function]: Illuminate\\Support\\HigherOrderCollectionProxy->Illuminate\\Support\\{closure}(Object(App\\Http\\Resources\\NotificationReadResource), 0)
#3 /Users/recycle/work/htain-thein-be/vendor/laravel/framework/src/Illuminate/Collections/Arr.php(600): array_map(Object(Closure), Array, Array)
#4 /Users/recycle/work/htain-thein-be/vendor/laravel/framework/src/Illuminate/Collections/Collection.php(778): Illuminate\\Support\\Arr::map(Array, Object(Closure))
#5 /Users/recycle/work/htain-thein-be/vendor/laravel/framework/src/Illuminate/Collections/HigherOrderCollectionProxy.php(59): Illuminate\\Support\\Collection->map(Object(Closure))
#6 /Users/recycle/work/htain-thein-be/vendor/laravel/framework/src/Illuminate/Http/Resources/Json/ResourceCollection.php(102): Illuminate\\Support\\HigherOrderCollectionProxy->__call('toArray', Array)
#7 /Users/recycle/work/htain-thein-be/vendor/laravel/framework/src/Illuminate/Http/Resources/Json/JsonResource.php(108): Illuminate\\Http\\Resources\\Json\\ResourceCollection->toArray(Object(Illuminate\\Http\\Request))
#8 /Users/recycle/work/htain-thein-be/vendor/laravel/framework/src/Illuminate/Http/Resources/Json/JsonResource.php(255): Illuminate\\Http\\Resources\\Json\\JsonResource->resolve(Object(Illuminate\\Http\\Request))
#9 [internal function]: Illuminate\\Http\\Resources\\Json\\JsonResource->jsonSerialize()
#10 /Users/recycle/work/htain-thein-be/vendor/laravel/framework/src/Illuminate/Http/JsonResponse.php(84): json_encode(Array, 0)
#11 /Users/recycle/work/htain-thein-be/vendor/symfony/http-foundation/JsonResponse.php(49): Illuminate\\Http\\JsonResponse->setData(Array)
#12 /Users/recycle/work/htain-thein-be/vendor/laravel/framework/src/Illuminate/Http/JsonResponse.php(32): Symfony\\Component\\HttpFoundation\\JsonResponse->__construct(Array, 200, Array, false)
#13 /Users/recycle/work/htain-thein-be/vendor/laravel/framework/src/Illuminate/Routing/ResponseFactory.php(102): Illuminate\\Http\\JsonResponse->__construct(Array, 200, Array, 0)
#14 /Users/recycle/work/htain-thein-be/app/Services/NotificationInfo/GetAllNotificationsService.php(19): Illuminate\\Routing\\ResponseFactory->json(Array)
#15 /Users/recycle/work/htain-thein-be/app/UseCases/NotiInfo/NotiInfoAction.php(70): App\\Services\\NotificationInfo\\GetAllNotificationsService->__invoke(Object(App\\Repositories\\Notification\\NotificationRepository), 1)
#16 /Users/recycle/work/htain-thein-be/app/Http/Controllers/Api/NotiInfoController.php(31): App\\UseCases\\NotiInfo\\NotiInfoAction->getAllNotifications(1)
#17 /Users/recycle/work/htain-thein-be/vendor/laravel/framework/src/Illuminate/Routing/Controller.php(54): App\\Http\\Controllers\\Api\\NotiInfoController->index()
#18 /Users/recycle/work/htain-thein-be/vendor/laravel/framework/src/Illuminate/Routing/ControllerDispatcher.php(43): Illuminate\\Routing\\Controller->callAction('index', Array)
#19 /Users/recycle/work/htain-thein-be/vendor/laravel/framework/src/Illuminate/Routing/Route.php(259): Illuminate\\Routing\\ControllerDispatcher->dispatch(Object(Illuminate\\Routing\\Route), Object(App\\Http\\Controllers\\Api\\NotiInfoController), 'index')
#20 /Users/recycle/work/htain-thein-be/vendor/laravel/framework/src/Illuminate/Routing/Route.php(205): Illuminate\\Routing\\Route->runController()
#21 /Users/recycle/work/htain-thein-be/vendor/laravel/framework/src/Illuminate/Routing/Router.php(806): Illuminate\\Routing\\Route->run()
#22 /Users/recycle/work/htain-thein-be/vendor/laravel/framework/src/Illuminate/Pipeline/Pipeline.php(144): Illuminate\\Routing\\Router->Illuminate\\Routing\\{closure}(Object(Illuminate\\Http\\Request))
#23 /Users/recycle/work/htain-thein-be/vendor/laravel/framework/src/Illuminate/Routing/Middleware/SubstituteBindings.php(50): Illuminate\\Pipeline\\Pipeline->Illuminate\\Pipeline\\{closure}(Object(Illuminate\\Http\\Request))
#24 /Users/recycle/work/htain-thein-be/vendor/laravel/framework/src/Illuminate/Pipeline/Pipeline.php(183): Illuminate\\Routing\\Middleware\\SubstituteBindings->handle(Object(Illuminate\\Http\\Request), Object(Closure))
#25 /Users/recycle/work/htain-thein-be/vendor/laravel/framework/src/Illuminate/Routing/Middleware/ThrottleRequests.php(159): Illuminate\\Pipeline\\Pipeline->Illuminate\\Pipeline\\{closure}(Object(Illuminate\\Http\\Request))
#26 /Users/recycle/work/htain-thein-be/vendor/laravel/framework/src/Illuminate/Routing/Middleware/ThrottleRequests.php(125): Illuminate\\Routing\\Middleware\\ThrottleRequests->handleRequest(Object(Illuminate\\Http\\Request), Object(Closure), Array)
#27 /Users/recycle/work/htain-thein-be/vendor/laravel/framework/src/Illuminate/Routing/Middleware/ThrottleRequests.php(87): Illuminate\\Routing\\Middleware\\ThrottleRequests->handleRequestUsingNamedLimiter(Object(Illuminate\\Http\\Request), Object(Closure), 'api', Object(Closure))
#28 /Users/recycle/work/htain-thein-be/vendor/laravel/framework/src/Illuminate/Pipeline/Pipeline.php(183): Illuminate\\Routing\\Middleware\\ThrottleRequests->handle(Object(Illuminate\\Http\\Request), Object(Closure), 'api')
#29 /Users/recycle/work/htain-thein-be/vendor/laravel/framework/src/Illuminate/Auth/Middleware/Authenticate.php(57): Illuminate\\Pipeline\\Pipeline->Illuminate\\Pipeline\\{closure}(Object(Illuminate\\Http\\Request))
#30 /Users/recycle/work/htain-thein-be/vendor/laravel/framework/src/Illuminate/Pipeline/Pipeline.php(183): Illuminate\\Auth\\Middleware\\Authenticate->handle(Object(Illuminate\\Http\\Request), Object(Closure), 'sanctum')
#31 /Users/recycle/work/htain-thein-be/vendor/laravel/sanctum/src/Http/Middleware/EnsureFrontendRequestsAreStateful.php(25): Illuminate\\Pipeline\\Pipeline->Illuminate\\Pipeline\\{closure}(Object(Illuminate\\Http\\Request))
#32 /Users/recycle/work/htain-thein-be/vendor/laravel/framework/src/Illuminate/Pipeline/Pipeline.php(144): Laravel\\Sanctum\\Http\\Middleware\\EnsureFrontendRequestsAreStateful->Laravel\\Sanctum\\Http\\Middleware\\{closure}(Object(Illuminate\\Http\\Request))
#33 /Users/recycle/work/htain-thein-be/vendor/laravel/framework/src/Illuminate/Pipeline/Pipeline.php(119): Illuminate\\Pipeline\\Pipeline->Illuminate\\Pipeline\\{closure}(Object(Illuminate\\Http\\Request))
#34 /Users/recycle/work/htain-thein-be/vendor/laravel/sanctum/src/Http/Middleware/EnsureFrontendRequestsAreStateful.php(24): Illuminate\\Pipeline\\Pipeline->then(Object(Closure))
#35 /Users/recycle/work/htain-thein-be/vendor/laravel/framework/src/Illuminate/Pipeline/Pipeline.php(183): Laravel\\Sanctum\\Http\\Middleware\\EnsureFrontendRequestsAreStateful->handle(Object(Illuminate\\Http\\Request), Object(Closure))
#36 /Users/recycle/work/htain-thein-be/vendor/laravel/framework/src/Illuminate/Pipeline/Pipeline.php(119): Illuminate\\Pipeline\\Pipeline->Illuminate\\Pipeline\\{closure}(Object(Illuminate\\Http\\Request))
#37 /Users/recycle/work/htain-thein-be/vendor/laravel/framework/src/Illuminate/Routing/Router.php(805): Illuminate\\Pipeline\\Pipeline->then(Object(Closure))
#38 /Users/recycle/work/htain-thein-be/vendor/laravel/framework/src/Illuminate/Routing/Router.php(784): Illuminate\\Routing\\Router->runRouteWithinStack(Object(Illuminate\\Routing\\Route), Object(Illuminate\\Http\\Request))
#39 /Users/recycle/work/htain-thein-be/vendor/laravel/framework/src/Illuminate/Routing/Router.php(748): Illuminate\\Routing\\Router->runRoute(Object(Illuminate\\Http\\Request), Object(Illuminate\\Routing\\Route))
#40 /Users/recycle/work/htain-thein-be/vendor/laravel/framework/src/Illuminate/Routing/Router.php(737): Illuminate\\Routing\\Router->dispatchToRoute(Object(Illuminate\\Http\\Request))
#41 /Users/recycle/work/htain-thein-be/vendor/laravel/framework/src/Illuminate/Foundation/Http/Kernel.php(200): Illuminate\\Routing\\Router->dispatch(Object(Illuminate\\Http\\Request))
#42 /Users/recycle/work/htain-thein-be/vendor/laravel/framework/src/Illuminate/Pipeline/Pipeline.php(144): Illuminate\\Foundation\\Http\\Kernel->Illuminate\\Foundation\\Http\\{closure}(Object(Illuminate\\Http\\Request))
#43 /Users/recycle/work/htain-thein-be/vendor/laravel/framework/src/Illuminate/View/Middleware/ShareErrorsFromSession.php(49): Illuminate\\Pipeline\\Pipeline->Illuminate\\Pipeline\\{closure}(Object(Illuminate\\Http\\Request))
#44 /Users/recycle/work/htain-thein-be/vendor/laravel/framework/src/Illuminate/Pipeline/Pipeline.php(183): Illuminate\\View\\Middleware\\ShareErrorsFromSession->handle(Object(Illuminate\\Http\\Request), Object(Closure))
#45 /Users/recycle/work/htain-thein-be/vendor/laravel/framework/src/Illuminate/Session/Middleware/StartSession.php(121): Illuminate\\Pipeline\\Pipeline->Illuminate\\Pipeline\\{closure}(Object(Illuminate\\Http\\Request))
#46 /Users/recycle/work/htain-thein-be/vendor/laravel/framework/src/Illuminate/Session/Middleware/StartSession.php(64): Illuminate\\Session\\Middleware\\StartSession->handleStatefulRequest(Object(Illuminate\\Http\\Request), Object(Illuminate\\Session\\Store), Object(Closure))
#47 /Users/recycle/work/htain-thein-be/vendor/laravel/framework/src/Illuminate/Pipeline/Pipeline.php(183): Illuminate\\Session\\Middleware\\StartSession->handle(Object(Illuminate\\Http\\Request), Object(Closure))
#48 /Users/recycle/work/htain-thein-be/vendor/laravel/framework/src/Illuminate/Foundation/Http/Middleware/TransformsRequest.php(21): Illuminate\\Pipeline\\Pipeline->Illuminate\\Pipeline\\{closure}(Object(Illuminate\\Http\\Request))
#49 /Users/recycle/work/htain-thein-be/vendor/laravel/framework/src/Illuminate/Foundation/Http/Middleware/ConvertEmptyStringsToNull.php(31): Illuminate\\Foundation\\Http\\Middleware\\TransformsRequest->handle(Object(Illuminate\\Http\\Request), Object(Closure))
#50 /Users/recycle/work/htain-thein-be/vendor/laravel/framework/src/Illuminate/Pipeline/Pipeline.php(183): Illuminate\\Foundation\\Http\\Middleware\\ConvertEmptyStringsToNull->handle(Object(Illuminate\\Http\\Request), Object(Closure))
#51 /Users/recycle/work/htain-thein-be/vendor/laravel/framework/src/Illuminate/Foundation/Http/Middleware/TransformsRequest.php(21): Illuminate\\Pipeline\\Pipeline->Illuminate\\Pipeline\\{closure}(Object(Illuminate\\Http\\Request))
#52 /Users/recycle/work/htain-thein-be/vendor/laravel/framework/src/Illuminate/Foundation/Http/Middleware/TrimStrings.php(40): Illuminate\\Foundation\\Http\\Middleware\\TransformsRequest->handle(Object(Illuminate\\Http\\Request), Object(Closure))
#53 /Users/recycle/work/htain-thein-be/vendor/laravel/framework/src/Illuminate/Pipeline/Pipeline.php(183): Illuminate\\Foundation\\Http\\Middleware\\TrimStrings->handle(Object(Illuminate\\Http\\Request), Object(Closure))
#54 /Users/recycle/work/htain-thein-be/vendor/laravel/framework/src/Illuminate/Foundation/Http/Middleware/ValidatePostSize.php(27): Illuminate\\Pipeline\\Pipeline->Illuminate\\Pipeline\\{closure}(Object(Illuminate\\Http\\Request))
#55 /Users/recycle/work/htain-thein-be/vendor/laravel/framework/src/Illuminate/Pipeline/Pipeline.php(183): Illuminate\\Foundation\\Http\\Middleware\\ValidatePostSize->handle(Object(Illuminate\\Http\\Request), Object(Closure))
#56 /Users/recycle/work/htain-thein-be/vendor/laravel/framework/src/Illuminate/Foundation/Http/Middleware/PreventRequestsDuringMaintenance.php(99): Illuminate\\Pipeline\\Pipeline->Illuminate\\Pipeline\\{closure}(Object(Illuminate\\Http\\Request))
#57 /Users/recycle/work/htain-thein-be/vendor/laravel/framework/src/Illuminate/Pipeline/Pipeline.php(183): Illuminate\\Foundation\\Http\\Middleware\\PreventRequestsDuringMaintenance->handle(Object(Illuminate\\Http\\Request), Object(Closure))
#58 /Users/recycle/work/htain-thein-be/vendor/laravel/framework/src/Illuminate/Http/Middleware/HandleCors.php(62): Illuminate\\Pipeline\\Pipeline->Illuminate\\Pipeline\\{closure}(Object(Illuminate\\Http\\Request))
#59 /Users/recycle/work/htain-thein-be/vendor/laravel/framework/src/Illuminate/Pipeline/Pipeline.php(183): Illuminate\\Http\\Middleware\\HandleCors->handle(Object(Illuminate\\Http\\Request), Object(Closure))
#60 /Users/recycle/work/htain-thein-be/vendor/laravel/framework/src/Illuminate/Http/Middleware/TrustProxies.php(39): Illuminate\\Pipeline\\Pipeline->Illuminate\\Pipeline\\{closure}(Object(Illuminate\\Http\\Request))
#61 /Users/recycle/work/htain-thein-be/vendor/laravel/framework/src/Illuminate/Pipeline/Pipeline.php(183): Illuminate\\Http\\Middleware\\TrustProxies->handle(Object(Illuminate\\Http\\Request), Object(Closure))
#62 /Users/recycle/work/htain-thein-be/vendor/laravel/framework/src/Illuminate/Pipeline/Pipeline.php(119): Illuminate\\Pipeline\\Pipeline->Illuminate\\Pipeline\\{closure}(Object(Illuminate\\Http\\Request))
#63 /Users/recycle/work/htain-thein-be/vendor/laravel/framework/src/Illuminate/Foundation/Http/Kernel.php(175): Illuminate\\Pipeline\\Pipeline->then(Object(Closure))
#64 /Users/recycle/work/htain-thein-be/vendor/laravel/framework/src/Illuminate/Foundation/Http/Kernel.php(144): Illuminate\\Foundation\\Http\\Kernel->sendRequestThroughRouter(Object(Illuminate\\Http\\Request))
#65 /Users/recycle/work/htain-thein-be/public/index.php(51): Illuminate\\Foundation\\Http\\Kernel->handle(Object(Illuminate\\Http\\Request))
#66 /Users/recycle/work/htain-thein-be/vendor/laravel/framework/src/Illuminate/Foundation/resources/server.php(16): require_once('/Users/recycle/...')
#67 {main}
"} 
[2025-01-21 13:19:15] local.ERROR: The HTTP status code "0" is not valid. {"userId":1,"exception":"[object] (InvalidArgumentException(code: 0): The HTTP status code \"0\" is not valid. at /Users/recycle/work/htain-thein-be/vendor/symfony/http-foundation/Response.php:502)
[stacktrace]
#0 /Users/recycle/work/htain-thein-be/vendor/symfony/http-foundation/Response.php(228): Symfony\\Component\\HttpFoundation\\Response->setStatusCode(0)
#1 /Users/recycle/work/htain-thein-be/vendor/symfony/http-foundation/JsonResponse.php(41): Symfony\\Component\\HttpFoundation\\Response->__construct('', 0, Array)
#2 /Users/recycle/work/htain-thein-be/vendor/laravel/framework/src/Illuminate/Http/JsonResponse.php(32): Symfony\\Component\\HttpFoundation\\JsonResponse->__construct(Array, 0, Array, false)
#3 /Users/recycle/work/htain-thein-be/vendor/laravel/framework/src/Illuminate/Routing/ResponseFactory.php(102): Illuminate\\Http\\JsonResponse->__construct(Array, 0, Array, 0)
#4 /Users/recycle/work/htain-thein-be/app/Exceptions/Handler.php(89): Illuminate\\Routing\\ResponseFactory->json(Array, 0)
#5 /Users/recycle/work/htain-thein-be/vendor/laravel/framework/src/Illuminate/Routing/Pipeline.php(51): App\\Exceptions\\Handler->render(Object(Illuminate\\Http\\Request), Object(App\\Exceptions\\CustomErrorException))
#6 /Users/recycle/work/htain-thein-be/vendor/laravel/framework/src/Illuminate/Pipeline/Pipeline.php(146): Illuminate\\Routing\\Pipeline->handleException(Object(Illuminate\\Http\\Request), Object(App\\Exceptions\\CustomErrorException))
#7 /Users/recycle/work/htain-thein-be/vendor/laravel/framework/src/Illuminate/Routing/Middleware/SubstituteBindings.php(50): Illuminate\\Pipeline\\Pipeline->Illuminate\\Pipeline\\{closure}(Object(Illuminate\\Http\\Request))
#8 /Users/recycle/work/htain-thein-be/vendor/laravel/framework/src/Illuminate/Pipeline/Pipeline.php(183): Illuminate\\Routing\\Middleware\\SubstituteBindings->handle(Object(Illuminate\\Http\\Request), Object(Closure))
#9 /Users/recycle/work/htain-thein-be/vendor/laravel/framework/src/Illuminate/Routing/Middleware/ThrottleRequests.php(159): Illuminate\\Pipeline\\Pipeline->Illuminate\\Pipeline\\{closure}(Object(Illuminate\\Http\\Request))
#10 /Users/recycle/work/htain-thein-be/vendor/laravel/framework/src/Illuminate/Routing/Middleware/ThrottleRequests.php(125): Illuminate\\Routing\\Middleware\\ThrottleRequests->handleRequest(Object(Illuminate\\Http\\Request), Object(Closure), Array)
#11 /Users/recycle/work/htain-thein-be/vendor/laravel/framework/src/Illuminate/Routing/Middleware/ThrottleRequests.php(87): Illuminate\\Routing\\Middleware\\ThrottleRequests->handleRequestUsingNamedLimiter(Object(Illuminate\\Http\\Request), Object(Closure), 'api', Object(Closure))
#12 /Users/recycle/work/htain-thein-be/vendor/laravel/framework/src/Illuminate/Pipeline/Pipeline.php(183): Illuminate\\Routing\\Middleware\\ThrottleRequests->handle(Object(Illuminate\\Http\\Request), Object(Closure), 'api')
#13 /Users/recycle/work/htain-thein-be/vendor/laravel/framework/src/Illuminate/Auth/Middleware/Authenticate.php(57): Illuminate\\Pipeline\\Pipeline->Illuminate\\Pipeline\\{closure}(Object(Illuminate\\Http\\Request))
#14 /Users/recycle/work/htain-thein-be/vendor/laravel/framework/src/Illuminate/Pipeline/Pipeline.php(183): Illuminate\\Auth\\Middleware\\Authenticate->handle(Object(Illuminate\\Http\\Request), Object(Closure), 'sanctum')
#15 /Users/recycle/work/htain-thein-be/vendor/laravel/sanctum/src/Http/Middleware/EnsureFrontendRequestsAreStateful.php(25): Illuminate\\Pipeline\\Pipeline->Illuminate\\Pipeline\\{closure}(Object(Illuminate\\Http\\Request))
#16 /Users/recycle/work/htain-thein-be/vendor/laravel/framework/src/Illuminate/Pipeline/Pipeline.php(144): Laravel\\Sanctum\\Http\\Middleware\\EnsureFrontendRequestsAreStateful->Laravel\\Sanctum\\Http\\Middleware\\{closure}(Object(Illuminate\\Http\\Request))
#17 /Users/recycle/work/htain-thein-be/vendor/laravel/framework/src/Illuminate/Pipeline/Pipeline.php(119): Illuminate\\Pipeline\\Pipeline->Illuminate\\Pipeline\\{closure}(Object(Illuminate\\Http\\Request))
#18 /Users/recycle/work/htain-thein-be/vendor/laravel/sanctum/src/Http/Middleware/EnsureFrontendRequestsAreStateful.php(24): Illuminate\\Pipeline\\Pipeline->then(Object(Closure))
#19 /Users/recycle/work/htain-thein-be/vendor/laravel/framework/src/Illuminate/Pipeline/Pipeline.php(183): Laravel\\Sanctum\\Http\\Middleware\\EnsureFrontendRequestsAreStateful->handle(Object(Illuminate\\Http\\Request), Object(Closure))
#20 /Users/recycle/work/htain-thein-be/vendor/laravel/framework/src/Illuminate/Pipeline/Pipeline.php(119): Illuminate\\Pipeline\\Pipeline->Illuminate\\Pipeline\\{closure}(Object(Illuminate\\Http\\Request))
#21 /Users/recycle/work/htain-thein-be/vendor/laravel/framework/src/Illuminate/Routing/Router.php(805): Illuminate\\Pipeline\\Pipeline->then(Object(Closure))
#22 /Users/recycle/work/htain-thein-be/vendor/laravel/framework/src/Illuminate/Routing/Router.php(784): Illuminate\\Routing\\Router->runRouteWithinStack(Object(Illuminate\\Routing\\Route), Object(Illuminate\\Http\\Request))
#23 /Users/recycle/work/htain-thein-be/vendor/laravel/framework/src/Illuminate/Routing/Router.php(748): Illuminate\\Routing\\Router->runRoute(Object(Illuminate\\Http\\Request), Object(Illuminate\\Routing\\Route))
#24 /Users/recycle/work/htain-thein-be/vendor/laravel/framework/src/Illuminate/Routing/Router.php(737): Illuminate\\Routing\\Router->dispatchToRoute(Object(Illuminate\\Http\\Request))
#25 /Users/recycle/work/htain-thein-be/vendor/laravel/framework/src/Illuminate/Foundation/Http/Kernel.php(200): Illuminate\\Routing\\Router->dispatch(Object(Illuminate\\Http\\Request))
#26 /Users/recycle/work/htain-thein-be/vendor/laravel/framework/src/Illuminate/Pipeline/Pipeline.php(144): Illuminate\\Foundation\\Http\\Kernel->Illuminate\\Foundation\\Http\\{closure}(Object(Illuminate\\Http\\Request))
#27 /Users/recycle/work/htain-thein-be/vendor/laravel/framework/src/Illuminate/View/Middleware/ShareErrorsFromSession.php(49): Illuminate\\Pipeline\\Pipeline->Illuminate\\Pipeline\\{closure}(Object(Illuminate\\Http\\Request))
#28 /Users/recycle/work/htain-thein-be/vendor/laravel/framework/src/Illuminate/Pipeline/Pipeline.php(183): Illuminate\\View\\Middleware\\ShareErrorsFromSession->handle(Object(Illuminate\\Http\\Request), Object(Closure))
#29 /Users/recycle/work/htain-thein-be/vendor/laravel/framework/src/Illuminate/Session/Middleware/StartSession.php(121): Illuminate\\Pipeline\\Pipeline->Illuminate\\Pipeline\\{closure}(Object(Illuminate\\Http\\Request))
#30 /Users/recycle/work/htain-thein-be/vendor/laravel/framework/src/Illuminate/Session/Middleware/StartSession.php(64): Illuminate\\Session\\Middleware\\StartSession->handleStatefulRequest(Object(Illuminate\\Http\\Request), Object(Illuminate\\Session\\Store), Object(Closure))
#31 /Users/recycle/work/htain-thein-be/vendor/laravel/framework/src/Illuminate/Pipeline/Pipeline.php(183): Illuminate\\Session\\Middleware\\StartSession->handle(Object(Illuminate\\Http\\Request), Object(Closure))
#32 /Users/recycle/work/htain-thein-be/vendor/laravel/framework/src/Illuminate/Foundation/Http/Middleware/TransformsRequest.php(21): Illuminate\\Pipeline\\Pipeline->Illuminate\\Pipeline\\{closure}(Object(Illuminate\\Http\\Request))
#33 /Users/recycle/work/htain-thein-be/vendor/laravel/framework/src/Illuminate/Foundation/Http/Middleware/ConvertEmptyStringsToNull.php(31): Illuminate\\Foundation\\Http\\Middleware\\TransformsRequest->handle(Object(Illuminate\\Http\\Request), Object(Closure))
#34 /Users/recycle/work/htain-thein-be/vendor/laravel/framework/src/Illuminate/Pipeline/Pipeline.php(183): Illuminate\\Foundation\\Http\\Middleware\\ConvertEmptyStringsToNull->handle(Object(Illuminate\\Http\\Request), Object(Closure))
#35 /Users/recycle/work/htain-thein-be/vendor/laravel/framework/src/Illuminate/Foundation/Http/Middleware/TransformsRequest.php(21): Illuminate\\Pipeline\\Pipeline->Illuminate\\Pipeline\\{closure}(Object(Illuminate\\Http\\Request))
#36 /Users/recycle/work/htain-thein-be/vendor/laravel/framework/src/Illuminate/Foundation/Http/Middleware/TrimStrings.php(40): Illuminate\\Foundation\\Http\\Middleware\\TransformsRequest->handle(Object(Illuminate\\Http\\Request), Object(Closure))
#37 /Users/recycle/work/htain-thein-be/vendor/laravel/framework/src/Illuminate/Pipeline/Pipeline.php(183): Illuminate\\Foundation\\Http\\Middleware\\TrimStrings->handle(Object(Illuminate\\Http\\Request), Object(Closure))
#38 /Users/recycle/work/htain-thein-be/vendor/laravel/framework/src/Illuminate/Foundation/Http/Middleware/ValidatePostSize.php(27): Illuminate\\Pipeline\\Pipeline->Illuminate\\Pipeline\\{closure}(Object(Illuminate\\Http\\Request))
#39 /Users/recycle/work/htain-thein-be/vendor/laravel/framework/src/Illuminate/Pipeline/Pipeline.php(183): Illuminate\\Foundation\\Http\\Middleware\\ValidatePostSize->handle(Object(Illuminate\\Http\\Request), Object(Closure))
#40 /Users/recycle/work/htain-thein-be/vendor/laravel/framework/src/Illuminate/Foundation/Http/Middleware/PreventRequestsDuringMaintenance.php(99): Illuminate\\Pipeline\\Pipeline->Illuminate\\Pipeline\\{closure}(Object(Illuminate\\Http\\Request))
#41 /Users/recycle/work/htain-thein-be/vendor/laravel/framework/src/Illuminate/Pipeline/Pipeline.php(183): Illuminate\\Foundation\\Http\\Middleware\\PreventRequestsDuringMaintenance->handle(Object(Illuminate\\Http\\Request), Object(Closure))
#42 /Users/recycle/work/htain-thein-be/vendor/laravel/framework/src/Illuminate/Http/Middleware/HandleCors.php(62): Illuminate\\Pipeline\\Pipeline->Illuminate\\Pipeline\\{closure}(Object(Illuminate\\Http\\Request))
#43 /Users/recycle/work/htain-thein-be/vendor/laravel/framework/src/Illuminate/Pipeline/Pipeline.php(183): Illuminate\\Http\\Middleware\\HandleCors->handle(Object(Illuminate\\Http\\Request), Object(Closure))
#44 /Users/recycle/work/htain-thein-be/vendor/laravel/framework/src/Illuminate/Http/Middleware/TrustProxies.php(39): Illuminate\\Pipeline\\Pipeline->Illuminate\\Pipeline\\{closure}(Object(Illuminate\\Http\\Request))
#45 /Users/recycle/work/htain-thein-be/vendor/laravel/framework/src/Illuminate/Pipeline/Pipeline.php(183): Illuminate\\Http\\Middleware\\TrustProxies->handle(Object(Illuminate\\Http\\Request), Object(Closure))
#46 /Users/recycle/work/htain-thein-be/vendor/laravel/framework/src/Illuminate/Pipeline/Pipeline.php(119): Illuminate\\Pipeline\\Pipeline->Illuminate\\Pipeline\\{closure}(Object(Illuminate\\Http\\Request))
#47 /Users/recycle/work/htain-thein-be/vendor/laravel/framework/src/Illuminate/Foundation/Http/Kernel.php(175): Illuminate\\Pipeline\\Pipeline->then(Object(Closure))
#48 /Users/recycle/work/htain-thein-be/vendor/laravel/framework/src/Illuminate/Foundation/Http/Kernel.php(144): Illuminate\\Foundation\\Http\\Kernel->sendRequestThroughRouter(Object(Illuminate\\Http\\Request))
#49 /Users/recycle/work/htain-thein-be/public/index.php(51): Illuminate\\Foundation\\Http\\Kernel->handle(Object(Illuminate\\Http\\Request))
#50 /Users/recycle/work/htain-thein-be/vendor/laravel/framework/src/Illuminate/Foundation/resources/server.php(16): require_once('/Users/recycle/...')
#51 {main}
"} 
[2025-01-21 13:19:19] local.ERROR: The $date parameter must be a string, a DateTimeInterface instance, or null. {"userId":1,"exception":"[object] (App\\Exceptions\\CustomErrorException(code: 0): The $date parameter must be a string, a DateTimeInterface instance, or null. at /Users/recycle/work/htain-thein-be/App/Helpers/DateChangeHelper.php:15)
[stacktrace]
#0 /Users/recycle/work/htain-thein-be/app/Http/Resources/NotificationReadResource.php(21): changeToDifferForHuman(NULL)
#1 /Users/recycle/work/htain-thein-be/vendor/laravel/framework/src/Illuminate/Collections/HigherOrderCollectionProxy.php(60): App\\Http\\Resources\\NotificationReadResource->toArray(Object(Illuminate\\Http\\Request))
#2 [internal function]: Illuminate\\Support\\HigherOrderCollectionProxy->Illuminate\\Support\\{closure}(Object(App\\Http\\Resources\\NotificationReadResource), 0)
#3 /Users/recycle/work/htain-thein-be/vendor/laravel/framework/src/Illuminate/Collections/Arr.php(600): array_map(Object(Closure), Array, Array)
#4 /Users/recycle/work/htain-thein-be/vendor/laravel/framework/src/Illuminate/Collections/Collection.php(778): Illuminate\\Support\\Arr::map(Array, Object(Closure))
#5 /Users/recycle/work/htain-thein-be/vendor/laravel/framework/src/Illuminate/Collections/HigherOrderCollectionProxy.php(59): Illuminate\\Support\\Collection->map(Object(Closure))
#6 /Users/recycle/work/htain-thein-be/vendor/laravel/framework/src/Illuminate/Http/Resources/Json/ResourceCollection.php(102): Illuminate\\Support\\HigherOrderCollectionProxy->__call('toArray', Array)
#7 /Users/recycle/work/htain-thein-be/vendor/laravel/framework/src/Illuminate/Http/Resources/Json/JsonResource.php(108): Illuminate\\Http\\Resources\\Json\\ResourceCollection->toArray(Object(Illuminate\\Http\\Request))
#8 /Users/recycle/work/htain-thein-be/vendor/laravel/framework/src/Illuminate/Http/Resources/Json/JsonResource.php(255): Illuminate\\Http\\Resources\\Json\\JsonResource->resolve(Object(Illuminate\\Http\\Request))
#9 [internal function]: Illuminate\\Http\\Resources\\Json\\JsonResource->jsonSerialize()
#10 /Users/recycle/work/htain-thein-be/vendor/laravel/framework/src/Illuminate/Http/JsonResponse.php(84): json_encode(Array, 0)
#11 /Users/recycle/work/htain-thein-be/vendor/symfony/http-foundation/JsonResponse.php(49): Illuminate\\Http\\JsonResponse->setData(Array)
#12 /Users/recycle/work/htain-thein-be/vendor/laravel/framework/src/Illuminate/Http/JsonResponse.php(32): Symfony\\Component\\HttpFoundation\\JsonResponse->__construct(Array, 200, Array, false)
#13 /Users/recycle/work/htain-thein-be/vendor/laravel/framework/src/Illuminate/Routing/ResponseFactory.php(102): Illuminate\\Http\\JsonResponse->__construct(Array, 200, Array, 0)
#14 /Users/recycle/work/htain-thein-be/app/Services/NotificationInfo/GetAllNotificationsService.php(19): Illuminate\\Routing\\ResponseFactory->json(Array)
#15 /Users/recycle/work/htain-thein-be/app/UseCases/NotiInfo/NotiInfoAction.php(70): App\\Services\\NotificationInfo\\GetAllNotificationsService->__invoke(Object(App\\Repositories\\Notification\\NotificationRepository), 1)
#16 /Users/recycle/work/htain-thein-be/app/Http/Controllers/Api/NotiInfoController.php(31): App\\UseCases\\NotiInfo\\NotiInfoAction->getAllNotifications(1)
#17 /Users/recycle/work/htain-thein-be/vendor/laravel/framework/src/Illuminate/Routing/Controller.php(54): App\\Http\\Controllers\\Api\\NotiInfoController->index()
#18 /Users/recycle/work/htain-thein-be/vendor/laravel/framework/src/Illuminate/Routing/ControllerDispatcher.php(43): Illuminate\\Routing\\Controller->callAction('index', Array)
#19 /Users/recycle/work/htain-thein-be/vendor/laravel/framework/src/Illuminate/Routing/Route.php(259): Illuminate\\Routing\\ControllerDispatcher->dispatch(Object(Illuminate\\Routing\\Route), Object(App\\Http\\Controllers\\Api\\NotiInfoController), 'index')
#20 /Users/recycle/work/htain-thein-be/vendor/laravel/framework/src/Illuminate/Routing/Route.php(205): Illuminate\\Routing\\Route->runController()
#21 /Users/recycle/work/htain-thein-be/vendor/laravel/framework/src/Illuminate/Routing/Router.php(806): Illuminate\\Routing\\Route->run()
#22 /Users/recycle/work/htain-thein-be/vendor/laravel/framework/src/Illuminate/Pipeline/Pipeline.php(144): Illuminate\\Routing\\Router->Illuminate\\Routing\\{closure}(Object(Illuminate\\Http\\Request))
#23 /Users/recycle/work/htain-thein-be/vendor/laravel/framework/src/Illuminate/Routing/Middleware/SubstituteBindings.php(50): Illuminate\\Pipeline\\Pipeline->Illuminate\\Pipeline\\{closure}(Object(Illuminate\\Http\\Request))
#24 /Users/recycle/work/htain-thein-be/vendor/laravel/framework/src/Illuminate/Pipeline/Pipeline.php(183): Illuminate\\Routing\\Middleware\\SubstituteBindings->handle(Object(Illuminate\\Http\\Request), Object(Closure))
#25 /Users/recycle/work/htain-thein-be/vendor/laravel/framework/src/Illuminate/Routing/Middleware/ThrottleRequests.php(159): Illuminate\\Pipeline\\Pipeline->Illuminate\\Pipeline\\{closure}(Object(Illuminate\\Http\\Request))
#26 /Users/recycle/work/htain-thein-be/vendor/laravel/framework/src/Illuminate/Routing/Middleware/ThrottleRequests.php(125): Illuminate\\Routing\\Middleware\\ThrottleRequests->handleRequest(Object(Illuminate\\Http\\Request), Object(Closure), Array)
#27 /Users/recycle/work/htain-thein-be/vendor/laravel/framework/src/Illuminate/Routing/Middleware/ThrottleRequests.php(87): Illuminate\\Routing\\Middleware\\ThrottleRequests->handleRequestUsingNamedLimiter(Object(Illuminate\\Http\\Request), Object(Closure), 'api', Object(Closure))
#28 /Users/recycle/work/htain-thein-be/vendor/laravel/framework/src/Illuminate/Pipeline/Pipeline.php(183): Illuminate\\Routing\\Middleware\\ThrottleRequests->handle(Object(Illuminate\\Http\\Request), Object(Closure), 'api')
#29 /Users/recycle/work/htain-thein-be/vendor/laravel/framework/src/Illuminate/Auth/Middleware/Authenticate.php(57): Illuminate\\Pipeline\\Pipeline->Illuminate\\Pipeline\\{closure}(Object(Illuminate\\Http\\Request))
#30 /Users/recycle/work/htain-thein-be/vendor/laravel/framework/src/Illuminate/Pipeline/Pipeline.php(183): Illuminate\\Auth\\Middleware\\Authenticate->handle(Object(Illuminate\\Http\\Request), Object(Closure), 'sanctum')
#31 /Users/recycle/work/htain-thein-be/vendor/laravel/sanctum/src/Http/Middleware/EnsureFrontendRequestsAreStateful.php(25): Illuminate\\Pipeline\\Pipeline->Illuminate\\Pipeline\\{closure}(Object(Illuminate\\Http\\Request))
#32 /Users/recycle/work/htain-thein-be/vendor/laravel/framework/src/Illuminate/Pipeline/Pipeline.php(144): Laravel\\Sanctum\\Http\\Middleware\\EnsureFrontendRequestsAreStateful->Laravel\\Sanctum\\Http\\Middleware\\{closure}(Object(Illuminate\\Http\\Request))
#33 /Users/recycle/work/htain-thein-be/vendor/laravel/framework/src/Illuminate/Pipeline/Pipeline.php(119): Illuminate\\Pipeline\\Pipeline->Illuminate\\Pipeline\\{closure}(Object(Illuminate\\Http\\Request))
#34 /Users/recycle/work/htain-thein-be/vendor/laravel/sanctum/src/Http/Middleware/EnsureFrontendRequestsAreStateful.php(24): Illuminate\\Pipeline\\Pipeline->then(Object(Closure))
#35 /Users/recycle/work/htain-thein-be/vendor/laravel/framework/src/Illuminate/Pipeline/Pipeline.php(183): Laravel\\Sanctum\\Http\\Middleware\\EnsureFrontendRequestsAreStateful->handle(Object(Illuminate\\Http\\Request), Object(Closure))
#36 /Users/recycle/work/htain-thein-be/vendor/laravel/framework/src/Illuminate/Pipeline/Pipeline.php(119): Illuminate\\Pipeline\\Pipeline->Illuminate\\Pipeline\\{closure}(Object(Illuminate\\Http\\Request))
#37 /Users/recycle/work/htain-thein-be/vendor/laravel/framework/src/Illuminate/Routing/Router.php(805): Illuminate\\Pipeline\\Pipeline->then(Object(Closure))
#38 /Users/recycle/work/htain-thein-be/vendor/laravel/framework/src/Illuminate/Routing/Router.php(784): Illuminate\\Routing\\Router->runRouteWithinStack(Object(Illuminate\\Routing\\Route), Object(Illuminate\\Http\\Request))
#39 /Users/recycle/work/htain-thein-be/vendor/laravel/framework/src/Illuminate/Routing/Router.php(748): Illuminate\\Routing\\Router->runRoute(Object(Illuminate\\Http\\Request), Object(Illuminate\\Routing\\Route))
#40 /Users/recycle/work/htain-thein-be/vendor/laravel/framework/src/Illuminate/Routing/Router.php(737): Illuminate\\Routing\\Router->dispatchToRoute(Object(Illuminate\\Http\\Request))
#41 /Users/recycle/work/htain-thein-be/vendor/laravel/framework/src/Illuminate/Foundation/Http/Kernel.php(200): Illuminate\\Routing\\Router->dispatch(Object(Illuminate\\Http\\Request))
#42 /Users/recycle/work/htain-thein-be/vendor/laravel/framework/src/Illuminate/Pipeline/Pipeline.php(144): Illuminate\\Foundation\\Http\\Kernel->Illuminate\\Foundation\\Http\\{closure}(Object(Illuminate\\Http\\Request))
#43 /Users/recycle/work/htain-thein-be/vendor/laravel/framework/src/Illuminate/View/Middleware/ShareErrorsFromSession.php(49): Illuminate\\Pipeline\\Pipeline->Illuminate\\Pipeline\\{closure}(Object(Illuminate\\Http\\Request))
#44 /Users/recycle/work/htain-thein-be/vendor/laravel/framework/src/Illuminate/Pipeline/Pipeline.php(183): Illuminate\\View\\Middleware\\ShareErrorsFromSession->handle(Object(Illuminate\\Http\\Request), Object(Closure))
#45 /Users/recycle/work/htain-thein-be/vendor/laravel/framework/src/Illuminate/Session/Middleware/StartSession.php(121): Illuminate\\Pipeline\\Pipeline->Illuminate\\Pipeline\\{closure}(Object(Illuminate\\Http\\Request))
#46 /Users/recycle/work/htain-thein-be/vendor/laravel/framework/src/Illuminate/Session/Middleware/StartSession.php(64): Illuminate\\Session\\Middleware\\StartSession->handleStatefulRequest(Object(Illuminate\\Http\\Request), Object(Illuminate\\Session\\Store), Object(Closure))
#47 /Users/recycle/work/htain-thein-be/vendor/laravel/framework/src/Illuminate/Pipeline/Pipeline.php(183): Illuminate\\Session\\Middleware\\StartSession->handle(Object(Illuminate\\Http\\Request), Object(Closure))
#48 /Users/recycle/work/htain-thein-be/vendor/laravel/framework/src/Illuminate/Foundation/Http/Middleware/TransformsRequest.php(21): Illuminate\\Pipeline\\Pipeline->Illuminate\\Pipeline\\{closure}(Object(Illuminate\\Http\\Request))
#49 /Users/recycle/work/htain-thein-be/vendor/laravel/framework/src/Illuminate/Foundation/Http/Middleware/ConvertEmptyStringsToNull.php(31): Illuminate\\Foundation\\Http\\Middleware\\TransformsRequest->handle(Object(Illuminate\\Http\\Request), Object(Closure))
#50 /Users/recycle/work/htain-thein-be/vendor/laravel/framework/src/Illuminate/Pipeline/Pipeline.php(183): Illuminate\\Foundation\\Http\\Middleware\\ConvertEmptyStringsToNull->handle(Object(Illuminate\\Http\\Request), Object(Closure))
#51 /Users/recycle/work/htain-thein-be/vendor/laravel/framework/src/Illuminate/Foundation/Http/Middleware/TransformsRequest.php(21): Illuminate\\Pipeline\\Pipeline->Illuminate\\Pipeline\\{closure}(Object(Illuminate\\Http\\Request))
#52 /Users/recycle/work/htain-thein-be/vendor/laravel/framework/src/Illuminate/Foundation/Http/Middleware/TrimStrings.php(40): Illuminate\\Foundation\\Http\\Middleware\\TransformsRequest->handle(Object(Illuminate\\Http\\Request), Object(Closure))
#53 /Users/recycle/work/htain-thein-be/vendor/laravel/framework/src/Illuminate/Pipeline/Pipeline.php(183): Illuminate\\Foundation\\Http\\Middleware\\TrimStrings->handle(Object(Illuminate\\Http\\Request), Object(Closure))
#54 /Users/recycle/work/htain-thein-be/vendor/laravel/framework/src/Illuminate/Foundation/Http/Middleware/ValidatePostSize.php(27): Illuminate\\Pipeline\\Pipeline->Illuminate\\Pipeline\\{closure}(Object(Illuminate\\Http\\Request))
#55 /Users/recycle/work/htain-thein-be/vendor/laravel/framework/src/Illuminate/Pipeline/Pipeline.php(183): Illuminate\\Foundation\\Http\\Middleware\\ValidatePostSize->handle(Object(Illuminate\\Http\\Request), Object(Closure))
#56 /Users/recycle/work/htain-thein-be/vendor/laravel/framework/src/Illuminate/Foundation/Http/Middleware/PreventRequestsDuringMaintenance.php(99): Illuminate\\Pipeline\\Pipeline->Illuminate\\Pipeline\\{closure}(Object(Illuminate\\Http\\Request))
#57 /Users/recycle/work/htain-thein-be/vendor/laravel/framework/src/Illuminate/Pipeline/Pipeline.php(183): Illuminate\\Foundation\\Http\\Middleware\\PreventRequestsDuringMaintenance->handle(Object(Illuminate\\Http\\Request), Object(Closure))
#58 /Users/recycle/work/htain-thein-be/vendor/laravel/framework/src/Illuminate/Http/Middleware/HandleCors.php(62): Illuminate\\Pipeline\\Pipeline->Illuminate\\Pipeline\\{closure}(Object(Illuminate\\Http\\Request))
#59 /Users/recycle/work/htain-thein-be/vendor/laravel/framework/src/Illuminate/Pipeline/Pipeline.php(183): Illuminate\\Http\\Middleware\\HandleCors->handle(Object(Illuminate\\Http\\Request), Object(Closure))
#60 /Users/recycle/work/htain-thein-be/vendor/laravel/framework/src/Illuminate/Http/Middleware/TrustProxies.php(39): Illuminate\\Pipeline\\Pipeline->Illuminate\\Pipeline\\{closure}(Object(Illuminate\\Http\\Request))
#61 /Users/recycle/work/htain-thein-be/vendor/laravel/framework/src/Illuminate/Pipeline/Pipeline.php(183): Illuminate\\Http\\Middleware\\TrustProxies->handle(Object(Illuminate\\Http\\Request), Object(Closure))
#62 /Users/recycle/work/htain-thein-be/vendor/laravel/framework/src/Illuminate/Pipeline/Pipeline.php(119): Illuminate\\Pipeline\\Pipeline->Illuminate\\Pipeline\\{closure}(Object(Illuminate\\Http\\Request))
#63 /Users/recycle/work/htain-thein-be/vendor/laravel/framework/src/Illuminate/Foundation/Http/Kernel.php(175): Illuminate\\Pipeline\\Pipeline->then(Object(Closure))
#64 /Users/recycle/work/htain-thein-be/vendor/laravel/framework/src/Illuminate/Foundation/Http/Kernel.php(144): Illuminate\\Foundation\\Http\\Kernel->sendRequestThroughRouter(Object(Illuminate\\Http\\Request))
#65 /Users/recycle/work/htain-thein-be/public/index.php(51): Illuminate\\Foundation\\Http\\Kernel->handle(Object(Illuminate\\Http\\Request))
#66 /Users/recycle/work/htain-thein-be/vendor/laravel/framework/src/Illuminate/Foundation/resources/server.php(16): require_once('/Users/recycle/...')
#67 {main}
"} 
[2025-01-21 13:19:19] local.ERROR: The HTTP status code "0" is not valid. {"userId":1,"exception":"[object] (InvalidArgumentException(code: 0): The HTTP status code \"0\" is not valid. at /Users/recycle/work/htain-thein-be/vendor/symfony/http-foundation/Response.php:502)
[stacktrace]
#0 /Users/recycle/work/htain-thein-be/vendor/symfony/http-foundation/Response.php(228): Symfony\\Component\\HttpFoundation\\Response->setStatusCode(0)
#1 /Users/recycle/work/htain-thein-be/vendor/symfony/http-foundation/JsonResponse.php(41): Symfony\\Component\\HttpFoundation\\Response->__construct('', 0, Array)
#2 /Users/recycle/work/htain-thein-be/vendor/laravel/framework/src/Illuminate/Http/JsonResponse.php(32): Symfony\\Component\\HttpFoundation\\JsonResponse->__construct(Array, 0, Array, false)
#3 /Users/recycle/work/htain-thein-be/vendor/laravel/framework/src/Illuminate/Routing/ResponseFactory.php(102): Illuminate\\Http\\JsonResponse->__construct(Array, 0, Array, 0)
#4 /Users/recycle/work/htain-thein-be/app/Exceptions/Handler.php(89): Illuminate\\Routing\\ResponseFactory->json(Array, 0)
#5 /Users/recycle/work/htain-thein-be/vendor/laravel/framework/src/Illuminate/Routing/Pipeline.php(51): App\\Exceptions\\Handler->render(Object(Illuminate\\Http\\Request), Object(App\\Exceptions\\CustomErrorException))
#6 /Users/recycle/work/htain-thein-be/vendor/laravel/framework/src/Illuminate/Pipeline/Pipeline.php(146): Illuminate\\Routing\\Pipeline->handleException(Object(Illuminate\\Http\\Request), Object(App\\Exceptions\\CustomErrorException))
#7 /Users/recycle/work/htain-thein-be/vendor/laravel/framework/src/Illuminate/Routing/Middleware/SubstituteBindings.php(50): Illuminate\\Pipeline\\Pipeline->Illuminate\\Pipeline\\{closure}(Object(Illuminate\\Http\\Request))
#8 /Users/recycle/work/htain-thein-be/vendor/laravel/framework/src/Illuminate/Pipeline/Pipeline.php(183): Illuminate\\Routing\\Middleware\\SubstituteBindings->handle(Object(Illuminate\\Http\\Request), Object(Closure))
#9 /Users/recycle/work/htain-thein-be/vendor/laravel/framework/src/Illuminate/Routing/Middleware/ThrottleRequests.php(159): Illuminate\\Pipeline\\Pipeline->Illuminate\\Pipeline\\{closure}(Object(Illuminate\\Http\\Request))
#10 /Users/recycle/work/htain-thein-be/vendor/laravel/framework/src/Illuminate/Routing/Middleware/ThrottleRequests.php(125): Illuminate\\Routing\\Middleware\\ThrottleRequests->handleRequest(Object(Illuminate\\Http\\Request), Object(Closure), Array)
#11 /Users/recycle/work/htain-thein-be/vendor/laravel/framework/src/Illuminate/Routing/Middleware/ThrottleRequests.php(87): Illuminate\\Routing\\Middleware\\ThrottleRequests->handleRequestUsingNamedLimiter(Object(Illuminate\\Http\\Request), Object(Closure), 'api', Object(Closure))
#12 /Users/recycle/work/htain-thein-be/vendor/laravel/framework/src/Illuminate/Pipeline/Pipeline.php(183): Illuminate\\Routing\\Middleware\\ThrottleRequests->handle(Object(Illuminate\\Http\\Request), Object(Closure), 'api')
#13 /Users/recycle/work/htain-thein-be/vendor/laravel/framework/src/Illuminate/Auth/Middleware/Authenticate.php(57): Illuminate\\Pipeline\\Pipeline->Illuminate\\Pipeline\\{closure}(Object(Illuminate\\Http\\Request))
#14 /Users/recycle/work/htain-thein-be/vendor/laravel/framework/src/Illuminate/Pipeline/Pipeline.php(183): Illuminate\\Auth\\Middleware\\Authenticate->handle(Object(Illuminate\\Http\\Request), Object(Closure), 'sanctum')
#15 /Users/recycle/work/htain-thein-be/vendor/laravel/sanctum/src/Http/Middleware/EnsureFrontendRequestsAreStateful.php(25): Illuminate\\Pipeline\\Pipeline->Illuminate\\Pipeline\\{closure}(Object(Illuminate\\Http\\Request))
#16 /Users/recycle/work/htain-thein-be/vendor/laravel/framework/src/Illuminate/Pipeline/Pipeline.php(144): Laravel\\Sanctum\\Http\\Middleware\\EnsureFrontendRequestsAreStateful->Laravel\\Sanctum\\Http\\Middleware\\{closure}(Object(Illuminate\\Http\\Request))
#17 /Users/recycle/work/htain-thein-be/vendor/laravel/framework/src/Illuminate/Pipeline/Pipeline.php(119): Illuminate\\Pipeline\\Pipeline->Illuminate\\Pipeline\\{closure}(Object(Illuminate\\Http\\Request))
#18 /Users/recycle/work/htain-thein-be/vendor/laravel/sanctum/src/Http/Middleware/EnsureFrontendRequestsAreStateful.php(24): Illuminate\\Pipeline\\Pipeline->then(Object(Closure))
#19 /Users/recycle/work/htain-thein-be/vendor/laravel/framework/src/Illuminate/Pipeline/Pipeline.php(183): Laravel\\Sanctum\\Http\\Middleware\\EnsureFrontendRequestsAreStateful->handle(Object(Illuminate\\Http\\Request), Object(Closure))
#20 /Users/recycle/work/htain-thein-be/vendor/laravel/framework/src/Illuminate/Pipeline/Pipeline.php(119): Illuminate\\Pipeline\\Pipeline->Illuminate\\Pipeline\\{closure}(Object(Illuminate\\Http\\Request))
#21 /Users/recycle/work/htain-thein-be/vendor/laravel/framework/src/Illuminate/Routing/Router.php(805): Illuminate\\Pipeline\\Pipeline->then(Object(Closure))
#22 /Users/recycle/work/htain-thein-be/vendor/laravel/framework/src/Illuminate/Routing/Router.php(784): Illuminate\\Routing\\Router->runRouteWithinStack(Object(Illuminate\\Routing\\Route), Object(Illuminate\\Http\\Request))
#23 /Users/recycle/work/htain-thein-be/vendor/laravel/framework/src/Illuminate/Routing/Router.php(748): Illuminate\\Routing\\Router->runRoute(Object(Illuminate\\Http\\Request), Object(Illuminate\\Routing\\Route))
#24 /Users/recycle/work/htain-thein-be/vendor/laravel/framework/src/Illuminate/Routing/Router.php(737): Illuminate\\Routing\\Router->dispatchToRoute(Object(Illuminate\\Http\\Request))
#25 /Users/recycle/work/htain-thein-be/vendor/laravel/framework/src/Illuminate/Foundation/Http/Kernel.php(200): Illuminate\\Routing\\Router->dispatch(Object(Illuminate\\Http\\Request))
#26 /Users/recycle/work/htain-thein-be/vendor/laravel/framework/src/Illuminate/Pipeline/Pipeline.php(144): Illuminate\\Foundation\\Http\\Kernel->Illuminate\\Foundation\\Http\\{closure}(Object(Illuminate\\Http\\Request))
#27 /Users/recycle/work/htain-thein-be/vendor/laravel/framework/src/Illuminate/View/Middleware/ShareErrorsFromSession.php(49): Illuminate\\Pipeline\\Pipeline->Illuminate\\Pipeline\\{closure}(Object(Illuminate\\Http\\Request))
#28 /Users/recycle/work/htain-thein-be/vendor/laravel/framework/src/Illuminate/Pipeline/Pipeline.php(183): Illuminate\\View\\Middleware\\ShareErrorsFromSession->handle(Object(Illuminate\\Http\\Request), Object(Closure))
#29 /Users/recycle/work/htain-thein-be/vendor/laravel/framework/src/Illuminate/Session/Middleware/StartSession.php(121): Illuminate\\Pipeline\\Pipeline->Illuminate\\Pipeline\\{closure}(Object(Illuminate\\Http\\Request))
#30 /Users/recycle/work/htain-thein-be/vendor/laravel/framework/src/Illuminate/Session/Middleware/StartSession.php(64): Illuminate\\Session\\Middleware\\StartSession->handleStatefulRequest(Object(Illuminate\\Http\\Request), Object(Illuminate\\Session\\Store), Object(Closure))
#31 /Users/recycle/work/htain-thein-be/vendor/laravel/framework/src/Illuminate/Pipeline/Pipeline.php(183): Illuminate\\Session\\Middleware\\StartSession->handle(Object(Illuminate\\Http\\Request), Object(Closure))
#32 /Users/recycle/work/htain-thein-be/vendor/laravel/framework/src/Illuminate/Foundation/Http/Middleware/TransformsRequest.php(21): Illuminate\\Pipeline\\Pipeline->Illuminate\\Pipeline\\{closure}(Object(Illuminate\\Http\\Request))
#33 /Users/recycle/work/htain-thein-be/vendor/laravel/framework/src/Illuminate/Foundation/Http/Middleware/ConvertEmptyStringsToNull.php(31): Illuminate\\Foundation\\Http\\Middleware\\TransformsRequest->handle(Object(Illuminate\\Http\\Request), Object(Closure))
#34 /Users/recycle/work/htain-thein-be/vendor/laravel/framework/src/Illuminate/Pipeline/Pipeline.php(183): Illuminate\\Foundation\\Http\\Middleware\\ConvertEmptyStringsToNull->handle(Object(Illuminate\\Http\\Request), Object(Closure))
#35 /Users/recycle/work/htain-thein-be/vendor/laravel/framework/src/Illuminate/Foundation/Http/Middleware/TransformsRequest.php(21): Illuminate\\Pipeline\\Pipeline->Illuminate\\Pipeline\\{closure}(Object(Illuminate\\Http\\Request))
#36 /Users/recycle/work/htain-thein-be/vendor/laravel/framework/src/Illuminate/Foundation/Http/Middleware/TrimStrings.php(40): Illuminate\\Foundation\\Http\\Middleware\\TransformsRequest->handle(Object(Illuminate\\Http\\Request), Object(Closure))
#37 /Users/recycle/work/htain-thein-be/vendor/laravel/framework/src/Illuminate/Pipeline/Pipeline.php(183): Illuminate\\Foundation\\Http\\Middleware\\TrimStrings->handle(Object(Illuminate\\Http\\Request), Object(Closure))
#38 /Users/recycle/work/htain-thein-be/vendor/laravel/framework/src/Illuminate/Foundation/Http/Middleware/ValidatePostSize.php(27): Illuminate\\Pipeline\\Pipeline->Illuminate\\Pipeline\\{closure}(Object(Illuminate\\Http\\Request))
#39 /Users/recycle/work/htain-thein-be/vendor/laravel/framework/src/Illuminate/Pipeline/Pipeline.php(183): Illuminate\\Foundation\\Http\\Middleware\\ValidatePostSize->handle(Object(Illuminate\\Http\\Request), Object(Closure))
#40 /Users/recycle/work/htain-thein-be/vendor/laravel/framework/src/Illuminate/Foundation/Http/Middleware/PreventRequestsDuringMaintenance.php(99): Illuminate\\Pipeline\\Pipeline->Illuminate\\Pipeline\\{closure}(Object(Illuminate\\Http\\Request))
#41 /Users/recycle/work/htain-thein-be/vendor/laravel/framework/src/Illuminate/Pipeline/Pipeline.php(183): Illuminate\\Foundation\\Http\\Middleware\\PreventRequestsDuringMaintenance->handle(Object(Illuminate\\Http\\Request), Object(Closure))
#42 /Users/recycle/work/htain-thein-be/vendor/laravel/framework/src/Illuminate/Http/Middleware/HandleCors.php(62): Illuminate\\Pipeline\\Pipeline->Illuminate\\Pipeline\\{closure}(Object(Illuminate\\Http\\Request))
#43 /Users/recycle/work/htain-thein-be/vendor/laravel/framework/src/Illuminate/Pipeline/Pipeline.php(183): Illuminate\\Http\\Middleware\\HandleCors->handle(Object(Illuminate\\Http\\Request), Object(Closure))
#44 /Users/recycle/work/htain-thein-be/vendor/laravel/framework/src/Illuminate/Http/Middleware/TrustProxies.php(39): Illuminate\\Pipeline\\Pipeline->Illuminate\\Pipeline\\{closure}(Object(Illuminate\\Http\\Request))
#45 /Users/recycle/work/htain-thein-be/vendor/laravel/framework/src/Illuminate/Pipeline/Pipeline.php(183): Illuminate\\Http\\Middleware\\TrustProxies->handle(Object(Illuminate\\Http\\Request), Object(Closure))
#46 /Users/recycle/work/htain-thein-be/vendor/laravel/framework/src/Illuminate/Pipeline/Pipeline.php(119): Illuminate\\Pipeline\\Pipeline->Illuminate\\Pipeline\\{closure}(Object(Illuminate\\Http\\Request))
#47 /Users/recycle/work/htain-thein-be/vendor/laravel/framework/src/Illuminate/Foundation/Http/Kernel.php(175): Illuminate\\Pipeline\\Pipeline->then(Object(Closure))
#48 /Users/recycle/work/htain-thein-be/vendor/laravel/framework/src/Illuminate/Foundation/Http/Kernel.php(144): Illuminate\\Foundation\\Http\\Kernel->sendRequestThroughRouter(Object(Illuminate\\Http\\Request))
#49 /Users/recycle/work/htain-thein-be/public/index.php(51): Illuminate\\Foundation\\Http\\Kernel->handle(Object(Illuminate\\Http\\Request))
#50 /Users/recycle/work/htain-thein-be/vendor/laravel/framework/src/Illuminate/Foundation/resources/server.php(16): require_once('/Users/recycle/...')
#51 {main}
"} 
[2025-01-21 13:21:47] local.ERROR: The $date parameter must be a string, a DateTimeInterface instance, or null. {"userId":1,"exception":"[object] (App\\Exceptions\\CustomErrorException(code: 0): The $date parameter must be a string, a DateTimeInterface instance, or null. at /Users/recycle/work/htain-thein-be/App/Helpers/DateChangeHelper.php:15)
[stacktrace]
#0 /Users/recycle/work/htain-thein-be/app/Http/Resources/NotificationReadResource.php(21): changeToDifferForHuman(NULL)
#1 /Users/recycle/work/htain-thein-be/vendor/laravel/framework/src/Illuminate/Collections/HigherOrderCollectionProxy.php(60): App\\Http\\Resources\\NotificationReadResource->toArray(Object(Illuminate\\Http\\Request))
#2 [internal function]: Illuminate\\Support\\HigherOrderCollectionProxy->Illuminate\\Support\\{closure}(Object(App\\Http\\Resources\\NotificationReadResource), 0)
#3 /Users/recycle/work/htain-thein-be/vendor/laravel/framework/src/Illuminate/Collections/Arr.php(600): array_map(Object(Closure), Array, Array)
#4 /Users/recycle/work/htain-thein-be/vendor/laravel/framework/src/Illuminate/Collections/Collection.php(778): Illuminate\\Support\\Arr::map(Array, Object(Closure))
#5 /Users/recycle/work/htain-thein-be/vendor/laravel/framework/src/Illuminate/Collections/HigherOrderCollectionProxy.php(59): Illuminate\\Support\\Collection->map(Object(Closure))
#6 /Users/recycle/work/htain-thein-be/vendor/laravel/framework/src/Illuminate/Http/Resources/Json/ResourceCollection.php(102): Illuminate\\Support\\HigherOrderCollectionProxy->__call('toArray', Array)
#7 /Users/recycle/work/htain-thein-be/vendor/laravel/framework/src/Illuminate/Http/Resources/Json/JsonResource.php(108): Illuminate\\Http\\Resources\\Json\\ResourceCollection->toArray(Object(Illuminate\\Http\\Request))
#8 /Users/recycle/work/htain-thein-be/vendor/laravel/framework/src/Illuminate/Http/Resources/Json/JsonResource.php(255): Illuminate\\Http\\Resources\\Json\\JsonResource->resolve(Object(Illuminate\\Http\\Request))
#9 [internal function]: Illuminate\\Http\\Resources\\Json\\JsonResource->jsonSerialize()
#10 /Users/recycle/work/htain-thein-be/vendor/laravel/framework/src/Illuminate/Http/JsonResponse.php(84): json_encode(Array, 0)
#11 /Users/recycle/work/htain-thein-be/vendor/symfony/http-foundation/JsonResponse.php(49): Illuminate\\Http\\JsonResponse->setData(Array)
#12 /Users/recycle/work/htain-thein-be/vendor/laravel/framework/src/Illuminate/Http/JsonResponse.php(32): Symfony\\Component\\HttpFoundation\\JsonResponse->__construct(Array, 200, Array, false)
#13 /Users/recycle/work/htain-thein-be/vendor/laravel/framework/src/Illuminate/Routing/ResponseFactory.php(102): Illuminate\\Http\\JsonResponse->__construct(Array, 200, Array, 0)
#14 /Users/recycle/work/htain-thein-be/app/Services/NotificationInfo/GetAllNotificationsService.php(19): Illuminate\\Routing\\ResponseFactory->json(Array)
#15 /Users/recycle/work/htain-thein-be/app/UseCases/NotiInfo/NotiInfoAction.php(70): App\\Services\\NotificationInfo\\GetAllNotificationsService->__invoke(Object(App\\Repositories\\Notification\\NotificationRepository), Array, 1)
#16 /Users/recycle/work/htain-thein-be/app/Http/Controllers/Api/NotiInfoController.php(33): App\\UseCases\\NotiInfo\\NotiInfoAction->getAllNotifications(Array, 1)
#17 /Users/recycle/work/htain-thein-be/vendor/laravel/framework/src/Illuminate/Routing/Controller.php(54): App\\Http\\Controllers\\Api\\NotiInfoController->index(Object(App\\Http\\Requests\\V1\\App\\NotificationInfo\\FetchAllNotificationRequest))
#18 /Users/recycle/work/htain-thein-be/vendor/laravel/framework/src/Illuminate/Routing/ControllerDispatcher.php(43): Illuminate\\Routing\\Controller->callAction('index', Array)
#19 /Users/recycle/work/htain-thein-be/vendor/laravel/framework/src/Illuminate/Routing/Route.php(259): Illuminate\\Routing\\ControllerDispatcher->dispatch(Object(Illuminate\\Routing\\Route), Object(App\\Http\\Controllers\\Api\\NotiInfoController), 'index')
#20 /Users/recycle/work/htain-thein-be/vendor/laravel/framework/src/Illuminate/Routing/Route.php(205): Illuminate\\Routing\\Route->runController()
#21 /Users/recycle/work/htain-thein-be/vendor/laravel/framework/src/Illuminate/Routing/Router.php(806): Illuminate\\Routing\\Route->run()
#22 /Users/recycle/work/htain-thein-be/vendor/laravel/framework/src/Illuminate/Pipeline/Pipeline.php(144): Illuminate\\Routing\\Router->Illuminate\\Routing\\{closure}(Object(Illuminate\\Http\\Request))
#23 /Users/recycle/work/htain-thein-be/vendor/laravel/framework/src/Illuminate/Routing/Middleware/SubstituteBindings.php(50): Illuminate\\Pipeline\\Pipeline->Illuminate\\Pipeline\\{closure}(Object(Illuminate\\Http\\Request))
#24 /Users/recycle/work/htain-thein-be/vendor/laravel/framework/src/Illuminate/Pipeline/Pipeline.php(183): Illuminate\\Routing\\Middleware\\SubstituteBindings->handle(Object(Illuminate\\Http\\Request), Object(Closure))
#25 /Users/recycle/work/htain-thein-be/vendor/laravel/framework/src/Illuminate/Routing/Middleware/ThrottleRequests.php(159): Illuminate\\Pipeline\\Pipeline->Illuminate\\Pipeline\\{closure}(Object(Illuminate\\Http\\Request))
#26 /Users/recycle/work/htain-thein-be/vendor/laravel/framework/src/Illuminate/Routing/Middleware/ThrottleRequests.php(125): Illuminate\\Routing\\Middleware\\ThrottleRequests->handleRequest(Object(Illuminate\\Http\\Request), Object(Closure), Array)
#27 /Users/recycle/work/htain-thein-be/vendor/laravel/framework/src/Illuminate/Routing/Middleware/ThrottleRequests.php(87): Illuminate\\Routing\\Middleware\\ThrottleRequests->handleRequestUsingNamedLimiter(Object(Illuminate\\Http\\Request), Object(Closure), 'api', Object(Closure))
#28 /Users/recycle/work/htain-thein-be/vendor/laravel/framework/src/Illuminate/Pipeline/Pipeline.php(183): Illuminate\\Routing\\Middleware\\ThrottleRequests->handle(Object(Illuminate\\Http\\Request), Object(Closure), 'api')
#29 /Users/recycle/work/htain-thein-be/vendor/laravel/framework/src/Illuminate/Auth/Middleware/Authenticate.php(57): Illuminate\\Pipeline\\Pipeline->Illuminate\\Pipeline\\{closure}(Object(Illuminate\\Http\\Request))
#30 /Users/recycle/work/htain-thein-be/vendor/laravel/framework/src/Illuminate/Pipeline/Pipeline.php(183): Illuminate\\Auth\\Middleware\\Authenticate->handle(Object(Illuminate\\Http\\Request), Object(Closure), 'sanctum')
#31 /Users/recycle/work/htain-thein-be/vendor/laravel/sanctum/src/Http/Middleware/EnsureFrontendRequestsAreStateful.php(25): Illuminate\\Pipeline\\Pipeline->Illuminate\\Pipeline\\{closure}(Object(Illuminate\\Http\\Request))
#32 /Users/recycle/work/htain-thein-be/vendor/laravel/framework/src/Illuminate/Pipeline/Pipeline.php(144): Laravel\\Sanctum\\Http\\Middleware\\EnsureFrontendRequestsAreStateful->Laravel\\Sanctum\\Http\\Middleware\\{closure}(Object(Illuminate\\Http\\Request))
#33 /Users/recycle/work/htain-thein-be/vendor/laravel/framework/src/Illuminate/Pipeline/Pipeline.php(119): Illuminate\\Pipeline\\Pipeline->Illuminate\\Pipeline\\{closure}(Object(Illuminate\\Http\\Request))
#34 /Users/recycle/work/htain-thein-be/vendor/laravel/sanctum/src/Http/Middleware/EnsureFrontendRequestsAreStateful.php(24): Illuminate\\Pipeline\\Pipeline->then(Object(Closure))
#35 /Users/recycle/work/htain-thein-be/vendor/laravel/framework/src/Illuminate/Pipeline/Pipeline.php(183): Laravel\\Sanctum\\Http\\Middleware\\EnsureFrontendRequestsAreStateful->handle(Object(Illuminate\\Http\\Request), Object(Closure))
#36 /Users/recycle/work/htain-thein-be/vendor/laravel/framework/src/Illuminate/Pipeline/Pipeline.php(119): Illuminate\\Pipeline\\Pipeline->Illuminate\\Pipeline\\{closure}(Object(Illuminate\\Http\\Request))
#37 /Users/recycle/work/htain-thein-be/vendor/laravel/framework/src/Illuminate/Routing/Router.php(805): Illuminate\\Pipeline\\Pipeline->then(Object(Closure))
#38 /Users/recycle/work/htain-thein-be/vendor/laravel/framework/src/Illuminate/Routing/Router.php(784): Illuminate\\Routing\\Router->runRouteWithinStack(Object(Illuminate\\Routing\\Route), Object(Illuminate\\Http\\Request))
#39 /Users/recycle/work/htain-thein-be/vendor/laravel/framework/src/Illuminate/Routing/Router.php(748): Illuminate\\Routing\\Router->runRoute(Object(Illuminate\\Http\\Request), Object(Illuminate\\Routing\\Route))
#40 /Users/recycle/work/htain-thein-be/vendor/laravel/framework/src/Illuminate/Routing/Router.php(737): Illuminate\\Routing\\Router->dispatchToRoute(Object(Illuminate\\Http\\Request))
#41 /Users/recycle/work/htain-thein-be/vendor/laravel/framework/src/Illuminate/Foundation/Http/Kernel.php(200): Illuminate\\Routing\\Router->dispatch(Object(Illuminate\\Http\\Request))
#42 /Users/recycle/work/htain-thein-be/vendor/laravel/framework/src/Illuminate/Pipeline/Pipeline.php(144): Illuminate\\Foundation\\Http\\Kernel->Illuminate\\Foundation\\Http\\{closure}(Object(Illuminate\\Http\\Request))
#43 /Users/recycle/work/htain-thein-be/vendor/laravel/framework/src/Illuminate/View/Middleware/ShareErrorsFromSession.php(49): Illuminate\\Pipeline\\Pipeline->Illuminate\\Pipeline\\{closure}(Object(Illuminate\\Http\\Request))
#44 /Users/recycle/work/htain-thein-be/vendor/laravel/framework/src/Illuminate/Pipeline/Pipeline.php(183): Illuminate\\View\\Middleware\\ShareErrorsFromSession->handle(Object(Illuminate\\Http\\Request), Object(Closure))
#45 /Users/recycle/work/htain-thein-be/vendor/laravel/framework/src/Illuminate/Session/Middleware/StartSession.php(121): Illuminate\\Pipeline\\Pipeline->Illuminate\\Pipeline\\{closure}(Object(Illuminate\\Http\\Request))
#46 /Users/recycle/work/htain-thein-be/vendor/laravel/framework/src/Illuminate/Session/Middleware/StartSession.php(64): Illuminate\\Session\\Middleware\\StartSession->handleStatefulRequest(Object(Illuminate\\Http\\Request), Object(Illuminate\\Session\\Store), Object(Closure))
#47 /Users/recycle/work/htain-thein-be/vendor/laravel/framework/src/Illuminate/Pipeline/Pipeline.php(183): Illuminate\\Session\\Middleware\\StartSession->handle(Object(Illuminate\\Http\\Request), Object(Closure))
#48 /Users/recycle/work/htain-thein-be/vendor/laravel/framework/src/Illuminate/Foundation/Http/Middleware/TransformsRequest.php(21): Illuminate\\Pipeline\\Pipeline->Illuminate\\Pipeline\\{closure}(Object(Illuminate\\Http\\Request))
#49 /Users/recycle/work/htain-thein-be/vendor/laravel/framework/src/Illuminate/Foundation/Http/Middleware/ConvertEmptyStringsToNull.php(31): Illuminate\\Foundation\\Http\\Middleware\\TransformsRequest->handle(Object(Illuminate\\Http\\Request), Object(Closure))
#50 /Users/recycle/work/htain-thein-be/vendor/laravel/framework/src/Illuminate/Pipeline/Pipeline.php(183): Illuminate\\Foundation\\Http\\Middleware\\ConvertEmptyStringsToNull->handle(Object(Illuminate\\Http\\Request), Object(Closure))
#51 /Users/recycle/work/htain-thein-be/vendor/laravel/framework/src/Illuminate/Foundation/Http/Middleware/TransformsRequest.php(21): Illuminate\\Pipeline\\Pipeline->Illuminate\\Pipeline\\{closure}(Object(Illuminate\\Http\\Request))
#52 /Users/recycle/work/htain-thein-be/vendor/laravel/framework/src/Illuminate/Foundation/Http/Middleware/TrimStrings.php(40): Illuminate\\Foundation\\Http\\Middleware\\TransformsRequest->handle(Object(Illuminate\\Http\\Request), Object(Closure))
#53 /Users/recycle/work/htain-thein-be/vendor/laravel/framework/src/Illuminate/Pipeline/Pipeline.php(183): Illuminate\\Foundation\\Http\\Middleware\\TrimStrings->handle(Object(Illuminate\\Http\\Request), Object(Closure))
#54 /Users/recycle/work/htain-thein-be/vendor/laravel/framework/src/Illuminate/Foundation/Http/Middleware/ValidatePostSize.php(27): Illuminate\\Pipeline\\Pipeline->Illuminate\\Pipeline\\{closure}(Object(Illuminate\\Http\\Request))
#55 /Users/recycle/work/htain-thein-be/vendor/laravel/framework/src/Illuminate/Pipeline/Pipeline.php(183): Illuminate\\Foundation\\Http\\Middleware\\ValidatePostSize->handle(Object(Illuminate\\Http\\Request), Object(Closure))
#56 /Users/recycle/work/htain-thein-be/vendor/laravel/framework/src/Illuminate/Foundation/Http/Middleware/PreventRequestsDuringMaintenance.php(99): Illuminate\\Pipeline\\Pipeline->Illuminate\\Pipeline\\{closure}(Object(Illuminate\\Http\\Request))
#57 /Users/recycle/work/htain-thein-be/vendor/laravel/framework/src/Illuminate/Pipeline/Pipeline.php(183): Illuminate\\Foundation\\Http\\Middleware\\PreventRequestsDuringMaintenance->handle(Object(Illuminate\\Http\\Request), Object(Closure))
#58 /Users/recycle/work/htain-thein-be/vendor/laravel/framework/src/Illuminate/Http/Middleware/HandleCors.php(62): Illuminate\\Pipeline\\Pipeline->Illuminate\\Pipeline\\{closure}(Object(Illuminate\\Http\\Request))
#59 /Users/recycle/work/htain-thein-be/vendor/laravel/framework/src/Illuminate/Pipeline/Pipeline.php(183): Illuminate\\Http\\Middleware\\HandleCors->handle(Object(Illuminate\\Http\\Request), Object(Closure))
#60 /Users/recycle/work/htain-thein-be/vendor/laravel/framework/src/Illuminate/Http/Middleware/TrustProxies.php(39): Illuminate\\Pipeline\\Pipeline->Illuminate\\Pipeline\\{closure}(Object(Illuminate\\Http\\Request))
#61 /Users/recycle/work/htain-thein-be/vendor/laravel/framework/src/Illuminate/Pipeline/Pipeline.php(183): Illuminate\\Http\\Middleware\\TrustProxies->handle(Object(Illuminate\\Http\\Request), Object(Closure))
#62 /Users/recycle/work/htain-thein-be/vendor/laravel/framework/src/Illuminate/Pipeline/Pipeline.php(119): Illuminate\\Pipeline\\Pipeline->Illuminate\\Pipeline\\{closure}(Object(Illuminate\\Http\\Request))
#63 /Users/recycle/work/htain-thein-be/vendor/laravel/framework/src/Illuminate/Foundation/Http/Kernel.php(175): Illuminate\\Pipeline\\Pipeline->then(Object(Closure))
#64 /Users/recycle/work/htain-thein-be/vendor/laravel/framework/src/Illuminate/Foundation/Http/Kernel.php(144): Illuminate\\Foundation\\Http\\Kernel->sendRequestThroughRouter(Object(Illuminate\\Http\\Request))
#65 /Users/recycle/work/htain-thein-be/public/index.php(51): Illuminate\\Foundation\\Http\\Kernel->handle(Object(Illuminate\\Http\\Request))
#66 /Users/recycle/work/htain-thein-be/vendor/laravel/framework/src/Illuminate/Foundation/resources/server.php(16): require_once('/Users/recycle/...')
#67 {main}
"} 
[2025-01-21 13:21:47] local.ERROR: The HTTP status code "0" is not valid. {"userId":1,"exception":"[object] (InvalidArgumentException(code: 0): The HTTP status code \"0\" is not valid. at /Users/recycle/work/htain-thein-be/vendor/symfony/http-foundation/Response.php:502)
[stacktrace]
#0 /Users/recycle/work/htain-thein-be/vendor/symfony/http-foundation/Response.php(228): Symfony\\Component\\HttpFoundation\\Response->setStatusCode(0)
#1 /Users/recycle/work/htain-thein-be/vendor/symfony/http-foundation/JsonResponse.php(41): Symfony\\Component\\HttpFoundation\\Response->__construct('', 0, Array)
#2 /Users/recycle/work/htain-thein-be/vendor/laravel/framework/src/Illuminate/Http/JsonResponse.php(32): Symfony\\Component\\HttpFoundation\\JsonResponse->__construct(Array, 0, Array, false)
#3 /Users/recycle/work/htain-thein-be/vendor/laravel/framework/src/Illuminate/Routing/ResponseFactory.php(102): Illuminate\\Http\\JsonResponse->__construct(Array, 0, Array, 0)
#4 /Users/recycle/work/htain-thein-be/app/Exceptions/Handler.php(89): Illuminate\\Routing\\ResponseFactory->json(Array, 0)
#5 /Users/recycle/work/htain-thein-be/vendor/laravel/framework/src/Illuminate/Routing/Pipeline.php(51): App\\Exceptions\\Handler->render(Object(Illuminate\\Http\\Request), Object(App\\Exceptions\\CustomErrorException))
#6 /Users/recycle/work/htain-thein-be/vendor/laravel/framework/src/Illuminate/Pipeline/Pipeline.php(146): Illuminate\\Routing\\Pipeline->handleException(Object(Illuminate\\Http\\Request), Object(App\\Exceptions\\CustomErrorException))
#7 /Users/recycle/work/htain-thein-be/vendor/laravel/framework/src/Illuminate/Routing/Middleware/SubstituteBindings.php(50): Illuminate\\Pipeline\\Pipeline->Illuminate\\Pipeline\\{closure}(Object(Illuminate\\Http\\Request))
#8 /Users/recycle/work/htain-thein-be/vendor/laravel/framework/src/Illuminate/Pipeline/Pipeline.php(183): Illuminate\\Routing\\Middleware\\SubstituteBindings->handle(Object(Illuminate\\Http\\Request), Object(Closure))
#9 /Users/recycle/work/htain-thein-be/vendor/laravel/framework/src/Illuminate/Routing/Middleware/ThrottleRequests.php(159): Illuminate\\Pipeline\\Pipeline->Illuminate\\Pipeline\\{closure}(Object(Illuminate\\Http\\Request))
#10 /Users/recycle/work/htain-thein-be/vendor/laravel/framework/src/Illuminate/Routing/Middleware/ThrottleRequests.php(125): Illuminate\\Routing\\Middleware\\ThrottleRequests->handleRequest(Object(Illuminate\\Http\\Request), Object(Closure), Array)
#11 /Users/recycle/work/htain-thein-be/vendor/laravel/framework/src/Illuminate/Routing/Middleware/ThrottleRequests.php(87): Illuminate\\Routing\\Middleware\\ThrottleRequests->handleRequestUsingNamedLimiter(Object(Illuminate\\Http\\Request), Object(Closure), 'api', Object(Closure))
#12 /Users/recycle/work/htain-thein-be/vendor/laravel/framework/src/Illuminate/Pipeline/Pipeline.php(183): Illuminate\\Routing\\Middleware\\ThrottleRequests->handle(Object(Illuminate\\Http\\Request), Object(Closure), 'api')
#13 /Users/recycle/work/htain-thein-be/vendor/laravel/framework/src/Illuminate/Auth/Middleware/Authenticate.php(57): Illuminate\\Pipeline\\Pipeline->Illuminate\\Pipeline\\{closure}(Object(Illuminate\\Http\\Request))
#14 /Users/recycle/work/htain-thein-be/vendor/laravel/framework/src/Illuminate/Pipeline/Pipeline.php(183): Illuminate\\Auth\\Middleware\\Authenticate->handle(Object(Illuminate\\Http\\Request), Object(Closure), 'sanctum')
#15 /Users/recycle/work/htain-thein-be/vendor/laravel/sanctum/src/Http/Middleware/EnsureFrontendRequestsAreStateful.php(25): Illuminate\\Pipeline\\Pipeline->Illuminate\\Pipeline\\{closure}(Object(Illuminate\\Http\\Request))
#16 /Users/recycle/work/htain-thein-be/vendor/laravel/framework/src/Illuminate/Pipeline/Pipeline.php(144): Laravel\\Sanctum\\Http\\Middleware\\EnsureFrontendRequestsAreStateful->Laravel\\Sanctum\\Http\\Middleware\\{closure}(Object(Illuminate\\Http\\Request))
#17 /Users/recycle/work/htain-thein-be/vendor/laravel/framework/src/Illuminate/Pipeline/Pipeline.php(119): Illuminate\\Pipeline\\Pipeline->Illuminate\\Pipeline\\{closure}(Object(Illuminate\\Http\\Request))
#18 /Users/recycle/work/htain-thein-be/vendor/laravel/sanctum/src/Http/Middleware/EnsureFrontendRequestsAreStateful.php(24): Illuminate\\Pipeline\\Pipeline->then(Object(Closure))
#19 /Users/recycle/work/htain-thein-be/vendor/laravel/framework/src/Illuminate/Pipeline/Pipeline.php(183): Laravel\\Sanctum\\Http\\Middleware\\EnsureFrontendRequestsAreStateful->handle(Object(Illuminate\\Http\\Request), Object(Closure))
#20 /Users/recycle/work/htain-thein-be/vendor/laravel/framework/src/Illuminate/Pipeline/Pipeline.php(119): Illuminate\\Pipeline\\Pipeline->Illuminate\\Pipeline\\{closure}(Object(Illuminate\\Http\\Request))
#21 /Users/recycle/work/htain-thein-be/vendor/laravel/framework/src/Illuminate/Routing/Router.php(805): Illuminate\\Pipeline\\Pipeline->then(Object(Closure))
#22 /Users/recycle/work/htain-thein-be/vendor/laravel/framework/src/Illuminate/Routing/Router.php(784): Illuminate\\Routing\\Router->runRouteWithinStack(Object(Illuminate\\Routing\\Route), Object(Illuminate\\Http\\Request))
#23 /Users/recycle/work/htain-thein-be/vendor/laravel/framework/src/Illuminate/Routing/Router.php(748): Illuminate\\Routing\\Router->runRoute(Object(Illuminate\\Http\\Request), Object(Illuminate\\Routing\\Route))
#24 /Users/recycle/work/htain-thein-be/vendor/laravel/framework/src/Illuminate/Routing/Router.php(737): Illuminate\\Routing\\Router->dispatchToRoute(Object(Illuminate\\Http\\Request))
#25 /Users/recycle/work/htain-thein-be/vendor/laravel/framework/src/Illuminate/Foundation/Http/Kernel.php(200): Illuminate\\Routing\\Router->dispatch(Object(Illuminate\\Http\\Request))
#26 /Users/recycle/work/htain-thein-be/vendor/laravel/framework/src/Illuminate/Pipeline/Pipeline.php(144): Illuminate\\Foundation\\Http\\Kernel->Illuminate\\Foundation\\Http\\{closure}(Object(Illuminate\\Http\\Request))
#27 /Users/recycle/work/htain-thein-be/vendor/laravel/framework/src/Illuminate/View/Middleware/ShareErrorsFromSession.php(49): Illuminate\\Pipeline\\Pipeline->Illuminate\\Pipeline\\{closure}(Object(Illuminate\\Http\\Request))
#28 /Users/recycle/work/htain-thein-be/vendor/laravel/framework/src/Illuminate/Pipeline/Pipeline.php(183): Illuminate\\View\\Middleware\\ShareErrorsFromSession->handle(Object(Illuminate\\Http\\Request), Object(Closure))
#29 /Users/recycle/work/htain-thein-be/vendor/laravel/framework/src/Illuminate/Session/Middleware/StartSession.php(121): Illuminate\\Pipeline\\Pipeline->Illuminate\\Pipeline\\{closure}(Object(Illuminate\\Http\\Request))
#30 /Users/recycle/work/htain-thein-be/vendor/laravel/framework/src/Illuminate/Session/Middleware/StartSession.php(64): Illuminate\\Session\\Middleware\\StartSession->handleStatefulRequest(Object(Illuminate\\Http\\Request), Object(Illuminate\\Session\\Store), Object(Closure))
#31 /Users/recycle/work/htain-thein-be/vendor/laravel/framework/src/Illuminate/Pipeline/Pipeline.php(183): Illuminate\\Session\\Middleware\\StartSession->handle(Object(Illuminate\\Http\\Request), Object(Closure))
#32 /Users/recycle/work/htain-thein-be/vendor/laravel/framework/src/Illuminate/Foundation/Http/Middleware/TransformsRequest.php(21): Illuminate\\Pipeline\\Pipeline->Illuminate\\Pipeline\\{closure}(Object(Illuminate\\Http\\Request))
#33 /Users/recycle/work/htain-thein-be/vendor/laravel/framework/src/Illuminate/Foundation/Http/Middleware/ConvertEmptyStringsToNull.php(31): Illuminate\\Foundation\\Http\\Middleware\\TransformsRequest->handle(Object(Illuminate\\Http\\Request), Object(Closure))
#34 /Users/recycle/work/htain-thein-be/vendor/laravel/framework/src/Illuminate/Pipeline/Pipeline.php(183): Illuminate\\Foundation\\Http\\Middleware\\ConvertEmptyStringsToNull->handle(Object(Illuminate\\Http\\Request), Object(Closure))
#35 /Users/recycle/work/htain-thein-be/vendor/laravel/framework/src/Illuminate/Foundation/Http/Middleware/TransformsRequest.php(21): Illuminate\\Pipeline\\Pipeline->Illuminate\\Pipeline\\{closure}(Object(Illuminate\\Http\\Request))
#36 /Users/recycle/work/htain-thein-be/vendor/laravel/framework/src/Illuminate/Foundation/Http/Middleware/TrimStrings.php(40): Illuminate\\Foundation\\Http\\Middleware\\TransformsRequest->handle(Object(Illuminate\\Http\\Request), Object(Closure))
#37 /Users/recycle/work/htain-thein-be/vendor/laravel/framework/src/Illuminate/Pipeline/Pipeline.php(183): Illuminate\\Foundation\\Http\\Middleware\\TrimStrings->handle(Object(Illuminate\\Http\\Request), Object(Closure))
#38 /Users/recycle/work/htain-thein-be/vendor/laravel/framework/src/Illuminate/Foundation/Http/Middleware/ValidatePostSize.php(27): Illuminate\\Pipeline\\Pipeline->Illuminate\\Pipeline\\{closure}(Object(Illuminate\\Http\\Request))
#39 /Users/recycle/work/htain-thein-be/vendor/laravel/framework/src/Illuminate/Pipeline/Pipeline.php(183): Illuminate\\Foundation\\Http\\Middleware\\ValidatePostSize->handle(Object(Illuminate\\Http\\Request), Object(Closure))
#40 /Users/recycle/work/htain-thein-be/vendor/laravel/framework/src/Illuminate/Foundation/Http/Middleware/PreventRequestsDuringMaintenance.php(99): Illuminate\\Pipeline\\Pipeline->Illuminate\\Pipeline\\{closure}(Object(Illuminate\\Http\\Request))
#41 /Users/recycle/work/htain-thein-be/vendor/laravel/framework/src/Illuminate/Pipeline/Pipeline.php(183): Illuminate\\Foundation\\Http\\Middleware\\PreventRequestsDuringMaintenance->handle(Object(Illuminate\\Http\\Request), Object(Closure))
#42 /Users/recycle/work/htain-thein-be/vendor/laravel/framework/src/Illuminate/Http/Middleware/HandleCors.php(62): Illuminate\\Pipeline\\Pipeline->Illuminate\\Pipeline\\{closure}(Object(Illuminate\\Http\\Request))
#43 /Users/recycle/work/htain-thein-be/vendor/laravel/framework/src/Illuminate/Pipeline/Pipeline.php(183): Illuminate\\Http\\Middleware\\HandleCors->handle(Object(Illuminate\\Http\\Request), Object(Closure))
#44 /Users/recycle/work/htain-thein-be/vendor/laravel/framework/src/Illuminate/Http/Middleware/TrustProxies.php(39): Illuminate\\Pipeline\\Pipeline->Illuminate\\Pipeline\\{closure}(Object(Illuminate\\Http\\Request))
#45 /Users/recycle/work/htain-thein-be/vendor/laravel/framework/src/Illuminate/Pipeline/Pipeline.php(183): Illuminate\\Http\\Middleware\\TrustProxies->handle(Object(Illuminate\\Http\\Request), Object(Closure))
#46 /Users/recycle/work/htain-thein-be/vendor/laravel/framework/src/Illuminate/Pipeline/Pipeline.php(119): Illuminate\\Pipeline\\Pipeline->Illuminate\\Pipeline\\{closure}(Object(Illuminate\\Http\\Request))
#47 /Users/recycle/work/htain-thein-be/vendor/laravel/framework/src/Illuminate/Foundation/Http/Kernel.php(175): Illuminate\\Pipeline\\Pipeline->then(Object(Closure))
#48 /Users/recycle/work/htain-thein-be/vendor/laravel/framework/src/Illuminate/Foundation/Http/Kernel.php(144): Illuminate\\Foundation\\Http\\Kernel->sendRequestThroughRouter(Object(Illuminate\\Http\\Request))
#49 /Users/recycle/work/htain-thein-be/public/index.php(51): Illuminate\\Foundation\\Http\\Kernel->handle(Object(Illuminate\\Http\\Request))
#50 /Users/recycle/work/htain-thein-be/vendor/laravel/framework/src/Illuminate/Foundation/resources/server.php(16): require_once('/Users/recycle/...')
#51 {main}
"} 
[2025-01-21 13:21:48] local.ERROR: The $date parameter must be a string, a DateTimeInterface instance, or null. {"userId":1,"exception":"[object] (App\\Exceptions\\CustomErrorException(code: 0): The $date parameter must be a string, a DateTimeInterface instance, or null. at /Users/recycle/work/htain-thein-be/App/Helpers/DateChangeHelper.php:15)
[stacktrace]
#0 /Users/recycle/work/htain-thein-be/app/Http/Resources/NotificationReadResource.php(21): changeToDifferForHuman(NULL)
#1 /Users/recycle/work/htain-thein-be/vendor/laravel/framework/src/Illuminate/Collections/HigherOrderCollectionProxy.php(60): App\\Http\\Resources\\NotificationReadResource->toArray(Object(Illuminate\\Http\\Request))
#2 [internal function]: Illuminate\\Support\\HigherOrderCollectionProxy->Illuminate\\Support\\{closure}(Object(App\\Http\\Resources\\NotificationReadResource), 0)
#3 /Users/recycle/work/htain-thein-be/vendor/laravel/framework/src/Illuminate/Collections/Arr.php(600): array_map(Object(Closure), Array, Array)
#4 /Users/recycle/work/htain-thein-be/vendor/laravel/framework/src/Illuminate/Collections/Collection.php(778): Illuminate\\Support\\Arr::map(Array, Object(Closure))
#5 /Users/recycle/work/htain-thein-be/vendor/laravel/framework/src/Illuminate/Collections/HigherOrderCollectionProxy.php(59): Illuminate\\Support\\Collection->map(Object(Closure))
#6 /Users/recycle/work/htain-thein-be/vendor/laravel/framework/src/Illuminate/Http/Resources/Json/ResourceCollection.php(102): Illuminate\\Support\\HigherOrderCollectionProxy->__call('toArray', Array)
#7 /Users/recycle/work/htain-thein-be/vendor/laravel/framework/src/Illuminate/Http/Resources/Json/JsonResource.php(108): Illuminate\\Http\\Resources\\Json\\ResourceCollection->toArray(Object(Illuminate\\Http\\Request))
#8 /Users/recycle/work/htain-thein-be/vendor/laravel/framework/src/Illuminate/Http/Resources/Json/JsonResource.php(255): Illuminate\\Http\\Resources\\Json\\JsonResource->resolve(Object(Illuminate\\Http\\Request))
#9 [internal function]: Illuminate\\Http\\Resources\\Json\\JsonResource->jsonSerialize()
#10 /Users/recycle/work/htain-thein-be/vendor/laravel/framework/src/Illuminate/Http/JsonResponse.php(84): json_encode(Array, 0)
#11 /Users/recycle/work/htain-thein-be/vendor/symfony/http-foundation/JsonResponse.php(49): Illuminate\\Http\\JsonResponse->setData(Array)
#12 /Users/recycle/work/htain-thein-be/vendor/laravel/framework/src/Illuminate/Http/JsonResponse.php(32): Symfony\\Component\\HttpFoundation\\JsonResponse->__construct(Array, 200, Array, false)
#13 /Users/recycle/work/htain-thein-be/vendor/laravel/framework/src/Illuminate/Routing/ResponseFactory.php(102): Illuminate\\Http\\JsonResponse->__construct(Array, 200, Array, 0)
#14 /Users/recycle/work/htain-thein-be/app/Services/NotificationInfo/GetAllNotificationsService.php(19): Illuminate\\Routing\\ResponseFactory->json(Array)
#15 /Users/recycle/work/htain-thein-be/app/UseCases/NotiInfo/NotiInfoAction.php(70): App\\Services\\NotificationInfo\\GetAllNotificationsService->__invoke(Object(App\\Repositories\\Notification\\NotificationRepository), Array, 1)
#16 /Users/recycle/work/htain-thein-be/app/Http/Controllers/Api/NotiInfoController.php(33): App\\UseCases\\NotiInfo\\NotiInfoAction->getAllNotifications(Array, 1)
#17 /Users/recycle/work/htain-thein-be/vendor/laravel/framework/src/Illuminate/Routing/Controller.php(54): App\\Http\\Controllers\\Api\\NotiInfoController->index(Object(App\\Http\\Requests\\V1\\App\\NotificationInfo\\FetchAllNotificationRequest))
#18 /Users/recycle/work/htain-thein-be/vendor/laravel/framework/src/Illuminate/Routing/ControllerDispatcher.php(43): Illuminate\\Routing\\Controller->callAction('index', Array)
#19 /Users/recycle/work/htain-thein-be/vendor/laravel/framework/src/Illuminate/Routing/Route.php(259): Illuminate\\Routing\\ControllerDispatcher->dispatch(Object(Illuminate\\Routing\\Route), Object(App\\Http\\Controllers\\Api\\NotiInfoController), 'index')
#20 /Users/recycle/work/htain-thein-be/vendor/laravel/framework/src/Illuminate/Routing/Route.php(205): Illuminate\\Routing\\Route->runController()
#21 /Users/recycle/work/htain-thein-be/vendor/laravel/framework/src/Illuminate/Routing/Router.php(806): Illuminate\\Routing\\Route->run()
#22 /Users/recycle/work/htain-thein-be/vendor/laravel/framework/src/Illuminate/Pipeline/Pipeline.php(144): Illuminate\\Routing\\Router->Illuminate\\Routing\\{closure}(Object(Illuminate\\Http\\Request))
#23 /Users/recycle/work/htain-thein-be/vendor/laravel/framework/src/Illuminate/Routing/Middleware/SubstituteBindings.php(50): Illuminate\\Pipeline\\Pipeline->Illuminate\\Pipeline\\{closure}(Object(Illuminate\\Http\\Request))
#24 /Users/recycle/work/htain-thein-be/vendor/laravel/framework/src/Illuminate/Pipeline/Pipeline.php(183): Illuminate\\Routing\\Middleware\\SubstituteBindings->handle(Object(Illuminate\\Http\\Request), Object(Closure))
#25 /Users/recycle/work/htain-thein-be/vendor/laravel/framework/src/Illuminate/Routing/Middleware/ThrottleRequests.php(159): Illuminate\\Pipeline\\Pipeline->Illuminate\\Pipeline\\{closure}(Object(Illuminate\\Http\\Request))
#26 /Users/recycle/work/htain-thein-be/vendor/laravel/framework/src/Illuminate/Routing/Middleware/ThrottleRequests.php(125): Illuminate\\Routing\\Middleware\\ThrottleRequests->handleRequest(Object(Illuminate\\Http\\Request), Object(Closure), Array)
#27 /Users/recycle/work/htain-thein-be/vendor/laravel/framework/src/Illuminate/Routing/Middleware/ThrottleRequests.php(87): Illuminate\\Routing\\Middleware\\ThrottleRequests->handleRequestUsingNamedLimiter(Object(Illuminate\\Http\\Request), Object(Closure), 'api', Object(Closure))
#28 /Users/recycle/work/htain-thein-be/vendor/laravel/framework/src/Illuminate/Pipeline/Pipeline.php(183): Illuminate\\Routing\\Middleware\\ThrottleRequests->handle(Object(Illuminate\\Http\\Request), Object(Closure), 'api')
#29 /Users/recycle/work/htain-thein-be/vendor/laravel/framework/src/Illuminate/Auth/Middleware/Authenticate.php(57): Illuminate\\Pipeline\\Pipeline->Illuminate\\Pipeline\\{closure}(Object(Illuminate\\Http\\Request))
#30 /Users/recycle/work/htain-thein-be/vendor/laravel/framework/src/Illuminate/Pipeline/Pipeline.php(183): Illuminate\\Auth\\Middleware\\Authenticate->handle(Object(Illuminate\\Http\\Request), Object(Closure), 'sanctum')
#31 /Users/recycle/work/htain-thein-be/vendor/laravel/sanctum/src/Http/Middleware/EnsureFrontendRequestsAreStateful.php(25): Illuminate\\Pipeline\\Pipeline->Illuminate\\Pipeline\\{closure}(Object(Illuminate\\Http\\Request))
#32 /Users/recycle/work/htain-thein-be/vendor/laravel/framework/src/Illuminate/Pipeline/Pipeline.php(144): Laravel\\Sanctum\\Http\\Middleware\\EnsureFrontendRequestsAreStateful->Laravel\\Sanctum\\Http\\Middleware\\{closure}(Object(Illuminate\\Http\\Request))
#33 /Users/recycle/work/htain-thein-be/vendor/laravel/framework/src/Illuminate/Pipeline/Pipeline.php(119): Illuminate\\Pipeline\\Pipeline->Illuminate\\Pipeline\\{closure}(Object(Illuminate\\Http\\Request))
#34 /Users/recycle/work/htain-thein-be/vendor/laravel/sanctum/src/Http/Middleware/EnsureFrontendRequestsAreStateful.php(24): Illuminate\\Pipeline\\Pipeline->then(Object(Closure))
#35 /Users/recycle/work/htain-thein-be/vendor/laravel/framework/src/Illuminate/Pipeline/Pipeline.php(183): Laravel\\Sanctum\\Http\\Middleware\\EnsureFrontendRequestsAreStateful->handle(Object(Illuminate\\Http\\Request), Object(Closure))
#36 /Users/recycle/work/htain-thein-be/vendor/laravel/framework/src/Illuminate/Pipeline/Pipeline.php(119): Illuminate\\Pipeline\\Pipeline->Illuminate\\Pipeline\\{closure}(Object(Illuminate\\Http\\Request))
#37 /Users/recycle/work/htain-thein-be/vendor/laravel/framework/src/Illuminate/Routing/Router.php(805): Illuminate\\Pipeline\\Pipeline->then(Object(Closure))
#38 /Users/recycle/work/htain-thein-be/vendor/laravel/framework/src/Illuminate/Routing/Router.php(784): Illuminate\\Routing\\Router->runRouteWithinStack(Object(Illuminate\\Routing\\Route), Object(Illuminate\\Http\\Request))
#39 /Users/recycle/work/htain-thein-be/vendor/laravel/framework/src/Illuminate/Routing/Router.php(748): Illuminate\\Routing\\Router->runRoute(Object(Illuminate\\Http\\Request), Object(Illuminate\\Routing\\Route))
#40 /Users/recycle/work/htain-thein-be/vendor/laravel/framework/src/Illuminate/Routing/Router.php(737): Illuminate\\Routing\\Router->dispatchToRoute(Object(Illuminate\\Http\\Request))
#41 /Users/recycle/work/htain-thein-be/vendor/laravel/framework/src/Illuminate/Foundation/Http/Kernel.php(200): Illuminate\\Routing\\Router->dispatch(Object(Illuminate\\Http\\Request))
#42 /Users/recycle/work/htain-thein-be/vendor/laravel/framework/src/Illuminate/Pipeline/Pipeline.php(144): Illuminate\\Foundation\\Http\\Kernel->Illuminate\\Foundation\\Http\\{closure}(Object(Illuminate\\Http\\Request))
#43 /Users/recycle/work/htain-thein-be/vendor/laravel/framework/src/Illuminate/View/Middleware/ShareErrorsFromSession.php(49): Illuminate\\Pipeline\\Pipeline->Illuminate\\Pipeline\\{closure}(Object(Illuminate\\Http\\Request))
#44 /Users/recycle/work/htain-thein-be/vendor/laravel/framework/src/Illuminate/Pipeline/Pipeline.php(183): Illuminate\\View\\Middleware\\ShareErrorsFromSession->handle(Object(Illuminate\\Http\\Request), Object(Closure))
#45 /Users/recycle/work/htain-thein-be/vendor/laravel/framework/src/Illuminate/Session/Middleware/StartSession.php(121): Illuminate\\Pipeline\\Pipeline->Illuminate\\Pipeline\\{closure}(Object(Illuminate\\Http\\Request))
#46 /Users/recycle/work/htain-thein-be/vendor/laravel/framework/src/Illuminate/Session/Middleware/StartSession.php(64): Illuminate\\Session\\Middleware\\StartSession->handleStatefulRequest(Object(Illuminate\\Http\\Request), Object(Illuminate\\Session\\Store), Object(Closure))
#47 /Users/recycle/work/htain-thein-be/vendor/laravel/framework/src/Illuminate/Pipeline/Pipeline.php(183): Illuminate\\Session\\Middleware\\StartSession->handle(Object(Illuminate\\Http\\Request), Object(Closure))
#48 /Users/recycle/work/htain-thein-be/vendor/laravel/framework/src/Illuminate/Foundation/Http/Middleware/TransformsRequest.php(21): Illuminate\\Pipeline\\Pipeline->Illuminate\\Pipeline\\{closure}(Object(Illuminate\\Http\\Request))
#49 /Users/recycle/work/htain-thein-be/vendor/laravel/framework/src/Illuminate/Foundation/Http/Middleware/ConvertEmptyStringsToNull.php(31): Illuminate\\Foundation\\Http\\Middleware\\TransformsRequest->handle(Object(Illuminate\\Http\\Request), Object(Closure))
#50 /Users/recycle/work/htain-thein-be/vendor/laravel/framework/src/Illuminate/Pipeline/Pipeline.php(183): Illuminate\\Foundation\\Http\\Middleware\\ConvertEmptyStringsToNull->handle(Object(Illuminate\\Http\\Request), Object(Closure))
#51 /Users/recycle/work/htain-thein-be/vendor/laravel/framework/src/Illuminate/Foundation/Http/Middleware/TransformsRequest.php(21): Illuminate\\Pipeline\\Pipeline->Illuminate\\Pipeline\\{closure}(Object(Illuminate\\Http\\Request))
#52 /Users/recycle/work/htain-thein-be/vendor/laravel/framework/src/Illuminate/Foundation/Http/Middleware/TrimStrings.php(40): Illuminate\\Foundation\\Http\\Middleware\\TransformsRequest->handle(Object(Illuminate\\Http\\Request), Object(Closure))
#53 /Users/recycle/work/htain-thein-be/vendor/laravel/framework/src/Illuminate/Pipeline/Pipeline.php(183): Illuminate\\Foundation\\Http\\Middleware\\TrimStrings->handle(Object(Illuminate\\Http\\Request), Object(Closure))
#54 /Users/recycle/work/htain-thein-be/vendor/laravel/framework/src/Illuminate/Foundation/Http/Middleware/ValidatePostSize.php(27): Illuminate\\Pipeline\\Pipeline->Illuminate\\Pipeline\\{closure}(Object(Illuminate\\Http\\Request))
#55 /Users/recycle/work/htain-thein-be/vendor/laravel/framework/src/Illuminate/Pipeline/Pipeline.php(183): Illuminate\\Foundation\\Http\\Middleware\\ValidatePostSize->handle(Object(Illuminate\\Http\\Request), Object(Closure))
#56 /Users/recycle/work/htain-thein-be/vendor/laravel/framework/src/Illuminate/Foundation/Http/Middleware/PreventRequestsDuringMaintenance.php(99): Illuminate\\Pipeline\\Pipeline->Illuminate\\Pipeline\\{closure}(Object(Illuminate\\Http\\Request))
#57 /Users/recycle/work/htain-thein-be/vendor/laravel/framework/src/Illuminate/Pipeline/Pipeline.php(183): Illuminate\\Foundation\\Http\\Middleware\\PreventRequestsDuringMaintenance->handle(Object(Illuminate\\Http\\Request), Object(Closure))
#58 /Users/recycle/work/htain-thein-be/vendor/laravel/framework/src/Illuminate/Http/Middleware/HandleCors.php(62): Illuminate\\Pipeline\\Pipeline->Illuminate\\Pipeline\\{closure}(Object(Illuminate\\Http\\Request))
#59 /Users/recycle/work/htain-thein-be/vendor/laravel/framework/src/Illuminate/Pipeline/Pipeline.php(183): Illuminate\\Http\\Middleware\\HandleCors->handle(Object(Illuminate\\Http\\Request), Object(Closure))
#60 /Users/recycle/work/htain-thein-be/vendor/laravel/framework/src/Illuminate/Http/Middleware/TrustProxies.php(39): Illuminate\\Pipeline\\Pipeline->Illuminate\\Pipeline\\{closure}(Object(Illuminate\\Http\\Request))
#61 /Users/recycle/work/htain-thein-be/vendor/laravel/framework/src/Illuminate/Pipeline/Pipeline.php(183): Illuminate\\Http\\Middleware\\TrustProxies->handle(Object(Illuminate\\Http\\Request), Object(Closure))
#62 /Users/recycle/work/htain-thein-be/vendor/laravel/framework/src/Illuminate/Pipeline/Pipeline.php(119): Illuminate\\Pipeline\\Pipeline->Illuminate\\Pipeline\\{closure}(Object(Illuminate\\Http\\Request))
#63 /Users/recycle/work/htain-thein-be/vendor/laravel/framework/src/Illuminate/Foundation/Http/Kernel.php(175): Illuminate\\Pipeline\\Pipeline->then(Object(Closure))
#64 /Users/recycle/work/htain-thein-be/vendor/laravel/framework/src/Illuminate/Foundation/Http/Kernel.php(144): Illuminate\\Foundation\\Http\\Kernel->sendRequestThroughRouter(Object(Illuminate\\Http\\Request))
#65 /Users/recycle/work/htain-thein-be/public/index.php(51): Illuminate\\Foundation\\Http\\Kernel->handle(Object(Illuminate\\Http\\Request))
#66 /Users/recycle/work/htain-thein-be/vendor/laravel/framework/src/Illuminate/Foundation/resources/server.php(16): require_once('/Users/recycle/...')
#67 {main}
"} 
[2025-01-21 13:21:48] local.ERROR: The HTTP status code "0" is not valid. {"userId":1,"exception":"[object] (InvalidArgumentException(code: 0): The HTTP status code \"0\" is not valid. at /Users/recycle/work/htain-thein-be/vendor/symfony/http-foundation/Response.php:502)
[stacktrace]
#0 /Users/recycle/work/htain-thein-be/vendor/symfony/http-foundation/Response.php(228): Symfony\\Component\\HttpFoundation\\Response->setStatusCode(0)
#1 /Users/recycle/work/htain-thein-be/vendor/symfony/http-foundation/JsonResponse.php(41): Symfony\\Component\\HttpFoundation\\Response->__construct('', 0, Array)
#2 /Users/recycle/work/htain-thein-be/vendor/laravel/framework/src/Illuminate/Http/JsonResponse.php(32): Symfony\\Component\\HttpFoundation\\JsonResponse->__construct(Array, 0, Array, false)
#3 /Users/recycle/work/htain-thein-be/vendor/laravel/framework/src/Illuminate/Routing/ResponseFactory.php(102): Illuminate\\Http\\JsonResponse->__construct(Array, 0, Array, 0)
#4 /Users/recycle/work/htain-thein-be/app/Exceptions/Handler.php(89): Illuminate\\Routing\\ResponseFactory->json(Array, 0)
#5 /Users/recycle/work/htain-thein-be/vendor/laravel/framework/src/Illuminate/Routing/Pipeline.php(51): App\\Exceptions\\Handler->render(Object(Illuminate\\Http\\Request), Object(App\\Exceptions\\CustomErrorException))
#6 /Users/recycle/work/htain-thein-be/vendor/laravel/framework/src/Illuminate/Pipeline/Pipeline.php(146): Illuminate\\Routing\\Pipeline->handleException(Object(Illuminate\\Http\\Request), Object(App\\Exceptions\\CustomErrorException))
#7 /Users/recycle/work/htain-thein-be/vendor/laravel/framework/src/Illuminate/Routing/Middleware/SubstituteBindings.php(50): Illuminate\\Pipeline\\Pipeline->Illuminate\\Pipeline\\{closure}(Object(Illuminate\\Http\\Request))
#8 /Users/recycle/work/htain-thein-be/vendor/laravel/framework/src/Illuminate/Pipeline/Pipeline.php(183): Illuminate\\Routing\\Middleware\\SubstituteBindings->handle(Object(Illuminate\\Http\\Request), Object(Closure))
#9 /Users/recycle/work/htain-thein-be/vendor/laravel/framework/src/Illuminate/Routing/Middleware/ThrottleRequests.php(159): Illuminate\\Pipeline\\Pipeline->Illuminate\\Pipeline\\{closure}(Object(Illuminate\\Http\\Request))
#10 /Users/recycle/work/htain-thein-be/vendor/laravel/framework/src/Illuminate/Routing/Middleware/ThrottleRequests.php(125): Illuminate\\Routing\\Middleware\\ThrottleRequests->handleRequest(Object(Illuminate\\Http\\Request), Object(Closure), Array)
#11 /Users/recycle/work/htain-thein-be/vendor/laravel/framework/src/Illuminate/Routing/Middleware/ThrottleRequests.php(87): Illuminate\\Routing\\Middleware\\ThrottleRequests->handleRequestUsingNamedLimiter(Object(Illuminate\\Http\\Request), Object(Closure), 'api', Object(Closure))
#12 /Users/recycle/work/htain-thein-be/vendor/laravel/framework/src/Illuminate/Pipeline/Pipeline.php(183): Illuminate\\Routing\\Middleware\\ThrottleRequests->handle(Object(Illuminate\\Http\\Request), Object(Closure), 'api')
#13 /Users/recycle/work/htain-thein-be/vendor/laravel/framework/src/Illuminate/Auth/Middleware/Authenticate.php(57): Illuminate\\Pipeline\\Pipeline->Illuminate\\Pipeline\\{closure}(Object(Illuminate\\Http\\Request))
#14 /Users/recycle/work/htain-thein-be/vendor/laravel/framework/src/Illuminate/Pipeline/Pipeline.php(183): Illuminate\\Auth\\Middleware\\Authenticate->handle(Object(Illuminate\\Http\\Request), Object(Closure), 'sanctum')
#15 /Users/recycle/work/htain-thein-be/vendor/laravel/sanctum/src/Http/Middleware/EnsureFrontendRequestsAreStateful.php(25): Illuminate\\Pipeline\\Pipeline->Illuminate\\Pipeline\\{closure}(Object(Illuminate\\Http\\Request))
#16 /Users/recycle/work/htain-thein-be/vendor/laravel/framework/src/Illuminate/Pipeline/Pipeline.php(144): Laravel\\Sanctum\\Http\\Middleware\\EnsureFrontendRequestsAreStateful->Laravel\\Sanctum\\Http\\Middleware\\{closure}(Object(Illuminate\\Http\\Request))
#17 /Users/recycle/work/htain-thein-be/vendor/laravel/framework/src/Illuminate/Pipeline/Pipeline.php(119): Illuminate\\Pipeline\\Pipeline->Illuminate\\Pipeline\\{closure}(Object(Illuminate\\Http\\Request))
#18 /Users/recycle/work/htain-thein-be/vendor/laravel/sanctum/src/Http/Middleware/EnsureFrontendRequestsAreStateful.php(24): Illuminate\\Pipeline\\Pipeline->then(Object(Closure))
#19 /Users/recycle/work/htain-thein-be/vendor/laravel/framework/src/Illuminate/Pipeline/Pipeline.php(183): Laravel\\Sanctum\\Http\\Middleware\\EnsureFrontendRequestsAreStateful->handle(Object(Illuminate\\Http\\Request), Object(Closure))
#20 /Users/recycle/work/htain-thein-be/vendor/laravel/framework/src/Illuminate/Pipeline/Pipeline.php(119): Illuminate\\Pipeline\\Pipeline->Illuminate\\Pipeline\\{closure}(Object(Illuminate\\Http\\Request))
#21 /Users/recycle/work/htain-thein-be/vendor/laravel/framework/src/Illuminate/Routing/Router.php(805): Illuminate\\Pipeline\\Pipeline->then(Object(Closure))
#22 /Users/recycle/work/htain-thein-be/vendor/laravel/framework/src/Illuminate/Routing/Router.php(784): Illuminate\\Routing\\Router->runRouteWithinStack(Object(Illuminate\\Routing\\Route), Object(Illuminate\\Http\\Request))
#23 /Users/recycle/work/htain-thein-be/vendor/laravel/framework/src/Illuminate/Routing/Router.php(748): Illuminate\\Routing\\Router->runRoute(Object(Illuminate\\Http\\Request), Object(Illuminate\\Routing\\Route))
#24 /Users/recycle/work/htain-thein-be/vendor/laravel/framework/src/Illuminate/Routing/Router.php(737): Illuminate\\Routing\\Router->dispatchToRoute(Object(Illuminate\\Http\\Request))
#25 /Users/recycle/work/htain-thein-be/vendor/laravel/framework/src/Illuminate/Foundation/Http/Kernel.php(200): Illuminate\\Routing\\Router->dispatch(Object(Illuminate\\Http\\Request))
#26 /Users/recycle/work/htain-thein-be/vendor/laravel/framework/src/Illuminate/Pipeline/Pipeline.php(144): Illuminate\\Foundation\\Http\\Kernel->Illuminate\\Foundation\\Http\\{closure}(Object(Illuminate\\Http\\Request))
#27 /Users/recycle/work/htain-thein-be/vendor/laravel/framework/src/Illuminate/View/Middleware/ShareErrorsFromSession.php(49): Illuminate\\Pipeline\\Pipeline->Illuminate\\Pipeline\\{closure}(Object(Illuminate\\Http\\Request))
#28 /Users/recycle/work/htain-thein-be/vendor/laravel/framework/src/Illuminate/Pipeline/Pipeline.php(183): Illuminate\\View\\Middleware\\ShareErrorsFromSession->handle(Object(Illuminate\\Http\\Request), Object(Closure))
#29 /Users/recycle/work/htain-thein-be/vendor/laravel/framework/src/Illuminate/Session/Middleware/StartSession.php(121): Illuminate\\Pipeline\\Pipeline->Illuminate\\Pipeline\\{closure}(Object(Illuminate\\Http\\Request))
#30 /Users/recycle/work/htain-thein-be/vendor/laravel/framework/src/Illuminate/Session/Middleware/StartSession.php(64): Illuminate\\Session\\Middleware\\StartSession->handleStatefulRequest(Object(Illuminate\\Http\\Request), Object(Illuminate\\Session\\Store), Object(Closure))
#31 /Users/recycle/work/htain-thein-be/vendor/laravel/framework/src/Illuminate/Pipeline/Pipeline.php(183): Illuminate\\Session\\Middleware\\StartSession->handle(Object(Illuminate\\Http\\Request), Object(Closure))
#32 /Users/recycle/work/htain-thein-be/vendor/laravel/framework/src/Illuminate/Foundation/Http/Middleware/TransformsRequest.php(21): Illuminate\\Pipeline\\Pipeline->Illuminate\\Pipeline\\{closure}(Object(Illuminate\\Http\\Request))
#33 /Users/recycle/work/htain-thein-be/vendor/laravel/framework/src/Illuminate/Foundation/Http/Middleware/ConvertEmptyStringsToNull.php(31): Illuminate\\Foundation\\Http\\Middleware\\TransformsRequest->handle(Object(Illuminate\\Http\\Request), Object(Closure))
#34 /Users/recycle/work/htain-thein-be/vendor/laravel/framework/src/Illuminate/Pipeline/Pipeline.php(183): Illuminate\\Foundation\\Http\\Middleware\\ConvertEmptyStringsToNull->handle(Object(Illuminate\\Http\\Request), Object(Closure))
#35 /Users/recycle/work/htain-thein-be/vendor/laravel/framework/src/Illuminate/Foundation/Http/Middleware/TransformsRequest.php(21): Illuminate\\Pipeline\\Pipeline->Illuminate\\Pipeline\\{closure}(Object(Illuminate\\Http\\Request))
#36 /Users/recycle/work/htain-thein-be/vendor/laravel/framework/src/Illuminate/Foundation/Http/Middleware/TrimStrings.php(40): Illuminate\\Foundation\\Http\\Middleware\\TransformsRequest->handle(Object(Illuminate\\Http\\Request), Object(Closure))
#37 /Users/recycle/work/htain-thein-be/vendor/laravel/framework/src/Illuminate/Pipeline/Pipeline.php(183): Illuminate\\Foundation\\Http\\Middleware\\TrimStrings->handle(Object(Illuminate\\Http\\Request), Object(Closure))
#38 /Users/recycle/work/htain-thein-be/vendor/laravel/framework/src/Illuminate/Foundation/Http/Middleware/ValidatePostSize.php(27): Illuminate\\Pipeline\\Pipeline->Illuminate\\Pipeline\\{closure}(Object(Illuminate\\Http\\Request))
#39 /Users/recycle/work/htain-thein-be/vendor/laravel/framework/src/Illuminate/Pipeline/Pipeline.php(183): Illuminate\\Foundation\\Http\\Middleware\\ValidatePostSize->handle(Object(Illuminate\\Http\\Request), Object(Closure))
#40 /Users/recycle/work/htain-thein-be/vendor/laravel/framework/src/Illuminate/Foundation/Http/Middleware/PreventRequestsDuringMaintenance.php(99): Illuminate\\Pipeline\\Pipeline->Illuminate\\Pipeline\\{closure}(Object(Illuminate\\Http\\Request))
#41 /Users/recycle/work/htain-thein-be/vendor/laravel/framework/src/Illuminate/Pipeline/Pipeline.php(183): Illuminate\\Foundation\\Http\\Middleware\\PreventRequestsDuringMaintenance->handle(Object(Illuminate\\Http\\Request), Object(Closure))
#42 /Users/recycle/work/htain-thein-be/vendor/laravel/framework/src/Illuminate/Http/Middleware/HandleCors.php(62): Illuminate\\Pipeline\\Pipeline->Illuminate\\Pipeline\\{closure}(Object(Illuminate\\Http\\Request))
#43 /Users/recycle/work/htain-thein-be/vendor/laravel/framework/src/Illuminate/Pipeline/Pipeline.php(183): Illuminate\\Http\\Middleware\\HandleCors->handle(Object(Illuminate\\Http\\Request), Object(Closure))
#44 /Users/recycle/work/htain-thein-be/vendor/laravel/framework/src/Illuminate/Http/Middleware/TrustProxies.php(39): Illuminate\\Pipeline\\Pipeline->Illuminate\\Pipeline\\{closure}(Object(Illuminate\\Http\\Request))
#45 /Users/recycle/work/htain-thein-be/vendor/laravel/framework/src/Illuminate/Pipeline/Pipeline.php(183): Illuminate\\Http\\Middleware\\TrustProxies->handle(Object(Illuminate\\Http\\Request), Object(Closure))
#46 /Users/recycle/work/htain-thein-be/vendor/laravel/framework/src/Illuminate/Pipeline/Pipeline.php(119): Illuminate\\Pipeline\\Pipeline->Illuminate\\Pipeline\\{closure}(Object(Illuminate\\Http\\Request))
#47 /Users/recycle/work/htain-thein-be/vendor/laravel/framework/src/Illuminate/Foundation/Http/Kernel.php(175): Illuminate\\Pipeline\\Pipeline->then(Object(Closure))
#48 /Users/recycle/work/htain-thein-be/vendor/laravel/framework/src/Illuminate/Foundation/Http/Kernel.php(144): Illuminate\\Foundation\\Http\\Kernel->sendRequestThroughRouter(Object(Illuminate\\Http\\Request))
#49 /Users/recycle/work/htain-thein-be/public/index.php(51): Illuminate\\Foundation\\Http\\Kernel->handle(Object(Illuminate\\Http\\Request))
#50 /Users/recycle/work/htain-thein-be/vendor/laravel/framework/src/Illuminate/Foundation/resources/server.php(16): require_once('/Users/recycle/...')
#51 {main}
"} 
[2025-01-21 13:21:50] local.ERROR: The $date parameter must be a string, a DateTimeInterface instance, or null. {"userId":1,"exception":"[object] (App\\Exceptions\\CustomErrorException(code: 0): The $date parameter must be a string, a DateTimeInterface instance, or null. at /Users/recycle/work/htain-thein-be/App/Helpers/DateChangeHelper.php:15)
[stacktrace]
#0 /Users/recycle/work/htain-thein-be/app/Http/Resources/NotificationReadResource.php(21): changeToDifferForHuman(NULL)
#1 /Users/recycle/work/htain-thein-be/vendor/laravel/framework/src/Illuminate/Collections/HigherOrderCollectionProxy.php(60): App\\Http\\Resources\\NotificationReadResource->toArray(Object(Illuminate\\Http\\Request))
#2 [internal function]: Illuminate\\Support\\HigherOrderCollectionProxy->Illuminate\\Support\\{closure}(Object(App\\Http\\Resources\\NotificationReadResource), 0)
#3 /Users/recycle/work/htain-thein-be/vendor/laravel/framework/src/Illuminate/Collections/Arr.php(600): array_map(Object(Closure), Array, Array)
#4 /Users/recycle/work/htain-thein-be/vendor/laravel/framework/src/Illuminate/Collections/Collection.php(778): Illuminate\\Support\\Arr::map(Array, Object(Closure))
#5 /Users/recycle/work/htain-thein-be/vendor/laravel/framework/src/Illuminate/Collections/HigherOrderCollectionProxy.php(59): Illuminate\\Support\\Collection->map(Object(Closure))
#6 /Users/recycle/work/htain-thein-be/vendor/laravel/framework/src/Illuminate/Http/Resources/Json/ResourceCollection.php(102): Illuminate\\Support\\HigherOrderCollectionProxy->__call('toArray', Array)
#7 /Users/recycle/work/htain-thein-be/vendor/laravel/framework/src/Illuminate/Http/Resources/Json/JsonResource.php(108): Illuminate\\Http\\Resources\\Json\\ResourceCollection->toArray(Object(Illuminate\\Http\\Request))
#8 /Users/recycle/work/htain-thein-be/vendor/laravel/framework/src/Illuminate/Http/Resources/Json/JsonResource.php(255): Illuminate\\Http\\Resources\\Json\\JsonResource->resolve(Object(Illuminate\\Http\\Request))
#9 [internal function]: Illuminate\\Http\\Resources\\Json\\JsonResource->jsonSerialize()
#10 /Users/recycle/work/htain-thein-be/vendor/laravel/framework/src/Illuminate/Http/JsonResponse.php(84): json_encode(Array, 0)
#11 /Users/recycle/work/htain-thein-be/vendor/symfony/http-foundation/JsonResponse.php(49): Illuminate\\Http\\JsonResponse->setData(Array)
#12 /Users/recycle/work/htain-thein-be/vendor/laravel/framework/src/Illuminate/Http/JsonResponse.php(32): Symfony\\Component\\HttpFoundation\\JsonResponse->__construct(Array, 200, Array, false)
#13 /Users/recycle/work/htain-thein-be/vendor/laravel/framework/src/Illuminate/Routing/ResponseFactory.php(102): Illuminate\\Http\\JsonResponse->__construct(Array, 200, Array, 0)
#14 /Users/recycle/work/htain-thein-be/app/Services/NotificationInfo/GetAllNotificationsService.php(19): Illuminate\\Routing\\ResponseFactory->json(Array)
#15 /Users/recycle/work/htain-thein-be/app/UseCases/NotiInfo/NotiInfoAction.php(70): App\\Services\\NotificationInfo\\GetAllNotificationsService->__invoke(Object(App\\Repositories\\Notification\\NotificationRepository), Array, 1)
#16 /Users/recycle/work/htain-thein-be/app/Http/Controllers/Api/NotiInfoController.php(33): App\\UseCases\\NotiInfo\\NotiInfoAction->getAllNotifications(Array, 1)
#17 /Users/recycle/work/htain-thein-be/vendor/laravel/framework/src/Illuminate/Routing/Controller.php(54): App\\Http\\Controllers\\Api\\NotiInfoController->index(Object(App\\Http\\Requests\\V1\\App\\NotificationInfo\\FetchAllNotificationRequest))
#18 /Users/recycle/work/htain-thein-be/vendor/laravel/framework/src/Illuminate/Routing/ControllerDispatcher.php(43): Illuminate\\Routing\\Controller->callAction('index', Array)
#19 /Users/recycle/work/htain-thein-be/vendor/laravel/framework/src/Illuminate/Routing/Route.php(259): Illuminate\\Routing\\ControllerDispatcher->dispatch(Object(Illuminate\\Routing\\Route), Object(App\\Http\\Controllers\\Api\\NotiInfoController), 'index')
#20 /Users/recycle/work/htain-thein-be/vendor/laravel/framework/src/Illuminate/Routing/Route.php(205): Illuminate\\Routing\\Route->runController()
#21 /Users/recycle/work/htain-thein-be/vendor/laravel/framework/src/Illuminate/Routing/Router.php(806): Illuminate\\Routing\\Route->run()
#22 /Users/recycle/work/htain-thein-be/vendor/laravel/framework/src/Illuminate/Pipeline/Pipeline.php(144): Illuminate\\Routing\\Router->Illuminate\\Routing\\{closure}(Object(Illuminate\\Http\\Request))
#23 /Users/recycle/work/htain-thein-be/vendor/laravel/framework/src/Illuminate/Routing/Middleware/SubstituteBindings.php(50): Illuminate\\Pipeline\\Pipeline->Illuminate\\Pipeline\\{closure}(Object(Illuminate\\Http\\Request))
#24 /Users/recycle/work/htain-thein-be/vendor/laravel/framework/src/Illuminate/Pipeline/Pipeline.php(183): Illuminate\\Routing\\Middleware\\SubstituteBindings->handle(Object(Illuminate\\Http\\Request), Object(Closure))
#25 /Users/recycle/work/htain-thein-be/vendor/laravel/framework/src/Illuminate/Routing/Middleware/ThrottleRequests.php(159): Illuminate\\Pipeline\\Pipeline->Illuminate\\Pipeline\\{closure}(Object(Illuminate\\Http\\Request))
#26 /Users/recycle/work/htain-thein-be/vendor/laravel/framework/src/Illuminate/Routing/Middleware/ThrottleRequests.php(125): Illuminate\\Routing\\Middleware\\ThrottleRequests->handleRequest(Object(Illuminate\\Http\\Request), Object(Closure), Array)
#27 /Users/recycle/work/htain-thein-be/vendor/laravel/framework/src/Illuminate/Routing/Middleware/ThrottleRequests.php(87): Illuminate\\Routing\\Middleware\\ThrottleRequests->handleRequestUsingNamedLimiter(Object(Illuminate\\Http\\Request), Object(Closure), 'api', Object(Closure))
#28 /Users/recycle/work/htain-thein-be/vendor/laravel/framework/src/Illuminate/Pipeline/Pipeline.php(183): Illuminate\\Routing\\Middleware\\ThrottleRequests->handle(Object(Illuminate\\Http\\Request), Object(Closure), 'api')
#29 /Users/recycle/work/htain-thein-be/vendor/laravel/framework/src/Illuminate/Auth/Middleware/Authenticate.php(57): Illuminate\\Pipeline\\Pipeline->Illuminate\\Pipeline\\{closure}(Object(Illuminate\\Http\\Request))
#30 /Users/recycle/work/htain-thein-be/vendor/laravel/framework/src/Illuminate/Pipeline/Pipeline.php(183): Illuminate\\Auth\\Middleware\\Authenticate->handle(Object(Illuminate\\Http\\Request), Object(Closure), 'sanctum')
#31 /Users/recycle/work/htain-thein-be/vendor/laravel/sanctum/src/Http/Middleware/EnsureFrontendRequestsAreStateful.php(25): Illuminate\\Pipeline\\Pipeline->Illuminate\\Pipeline\\{closure}(Object(Illuminate\\Http\\Request))
#32 /Users/recycle/work/htain-thein-be/vendor/laravel/framework/src/Illuminate/Pipeline/Pipeline.php(144): Laravel\\Sanctum\\Http\\Middleware\\EnsureFrontendRequestsAreStateful->Laravel\\Sanctum\\Http\\Middleware\\{closure}(Object(Illuminate\\Http\\Request))
#33 /Users/recycle/work/htain-thein-be/vendor/laravel/framework/src/Illuminate/Pipeline/Pipeline.php(119): Illuminate\\Pipeline\\Pipeline->Illuminate\\Pipeline\\{closure}(Object(Illuminate\\Http\\Request))
#34 /Users/recycle/work/htain-thein-be/vendor/laravel/sanctum/src/Http/Middleware/EnsureFrontendRequestsAreStateful.php(24): Illuminate\\Pipeline\\Pipeline->then(Object(Closure))
#35 /Users/recycle/work/htain-thein-be/vendor/laravel/framework/src/Illuminate/Pipeline/Pipeline.php(183): Laravel\\Sanctum\\Http\\Middleware\\EnsureFrontendRequestsAreStateful->handle(Object(Illuminate\\Http\\Request), Object(Closure))
#36 /Users/recycle/work/htain-thein-be/vendor/laravel/framework/src/Illuminate/Pipeline/Pipeline.php(119): Illuminate\\Pipeline\\Pipeline->Illuminate\\Pipeline\\{closure}(Object(Illuminate\\Http\\Request))
#37 /Users/recycle/work/htain-thein-be/vendor/laravel/framework/src/Illuminate/Routing/Router.php(805): Illuminate\\Pipeline\\Pipeline->then(Object(Closure))
#38 /Users/recycle/work/htain-thein-be/vendor/laravel/framework/src/Illuminate/Routing/Router.php(784): Illuminate\\Routing\\Router->runRouteWithinStack(Object(Illuminate\\Routing\\Route), Object(Illuminate\\Http\\Request))
#39 /Users/recycle/work/htain-thein-be/vendor/laravel/framework/src/Illuminate/Routing/Router.php(748): Illuminate\\Routing\\Router->runRoute(Object(Illuminate\\Http\\Request), Object(Illuminate\\Routing\\Route))
#40 /Users/recycle/work/htain-thein-be/vendor/laravel/framework/src/Illuminate/Routing/Router.php(737): Illuminate\\Routing\\Router->dispatchToRoute(Object(Illuminate\\Http\\Request))
#41 /Users/recycle/work/htain-thein-be/vendor/laravel/framework/src/Illuminate/Foundation/Http/Kernel.php(200): Illuminate\\Routing\\Router->dispatch(Object(Illuminate\\Http\\Request))
#42 /Users/recycle/work/htain-thein-be/vendor/laravel/framework/src/Illuminate/Pipeline/Pipeline.php(144): Illuminate\\Foundation\\Http\\Kernel->Illuminate\\Foundation\\Http\\{closure}(Object(Illuminate\\Http\\Request))
#43 /Users/recycle/work/htain-thein-be/vendor/laravel/framework/src/Illuminate/View/Middleware/ShareErrorsFromSession.php(49): Illuminate\\Pipeline\\Pipeline->Illuminate\\Pipeline\\{closure}(Object(Illuminate\\Http\\Request))
#44 /Users/recycle/work/htain-thein-be/vendor/laravel/framework/src/Illuminate/Pipeline/Pipeline.php(183): Illuminate\\View\\Middleware\\ShareErrorsFromSession->handle(Object(Illuminate\\Http\\Request), Object(Closure))
#45 /Users/recycle/work/htain-thein-be/vendor/laravel/framework/src/Illuminate/Session/Middleware/StartSession.php(121): Illuminate\\Pipeline\\Pipeline->Illuminate\\Pipeline\\{closure}(Object(Illuminate\\Http\\Request))
#46 /Users/recycle/work/htain-thein-be/vendor/laravel/framework/src/Illuminate/Session/Middleware/StartSession.php(64): Illuminate\\Session\\Middleware\\StartSession->handleStatefulRequest(Object(Illuminate\\Http\\Request), Object(Illuminate\\Session\\Store), Object(Closure))
#47 /Users/recycle/work/htain-thein-be/vendor/laravel/framework/src/Illuminate/Pipeline/Pipeline.php(183): Illuminate\\Session\\Middleware\\StartSession->handle(Object(Illuminate\\Http\\Request), Object(Closure))
#48 /Users/recycle/work/htain-thein-be/vendor/laravel/framework/src/Illuminate/Foundation/Http/Middleware/TransformsRequest.php(21): Illuminate\\Pipeline\\Pipeline->Illuminate\\Pipeline\\{closure}(Object(Illuminate\\Http\\Request))
#49 /Users/recycle/work/htain-thein-be/vendor/laravel/framework/src/Illuminate/Foundation/Http/Middleware/ConvertEmptyStringsToNull.php(31): Illuminate\\Foundation\\Http\\Middleware\\TransformsRequest->handle(Object(Illuminate\\Http\\Request), Object(Closure))
#50 /Users/recycle/work/htain-thein-be/vendor/laravel/framework/src/Illuminate/Pipeline/Pipeline.php(183): Illuminate\\Foundation\\Http\\Middleware\\ConvertEmptyStringsToNull->handle(Object(Illuminate\\Http\\Request), Object(Closure))
#51 /Users/recycle/work/htain-thein-be/vendor/laravel/framework/src/Illuminate/Foundation/Http/Middleware/TransformsRequest.php(21): Illuminate\\Pipeline\\Pipeline->Illuminate\\Pipeline\\{closure}(Object(Illuminate\\Http\\Request))
#52 /Users/recycle/work/htain-thein-be/vendor/laravel/framework/src/Illuminate/Foundation/Http/Middleware/TrimStrings.php(40): Illuminate\\Foundation\\Http\\Middleware\\TransformsRequest->handle(Object(Illuminate\\Http\\Request), Object(Closure))
#53 /Users/recycle/work/htain-thein-be/vendor/laravel/framework/src/Illuminate/Pipeline/Pipeline.php(183): Illuminate\\Foundation\\Http\\Middleware\\TrimStrings->handle(Object(Illuminate\\Http\\Request), Object(Closure))
#54 /Users/recycle/work/htain-thein-be/vendor/laravel/framework/src/Illuminate/Foundation/Http/Middleware/ValidatePostSize.php(27): Illuminate\\Pipeline\\Pipeline->Illuminate\\Pipeline\\{closure}(Object(Illuminate\\Http\\Request))
#55 /Users/recycle/work/htain-thein-be/vendor/laravel/framework/src/Illuminate/Pipeline/Pipeline.php(183): Illuminate\\Foundation\\Http\\Middleware\\ValidatePostSize->handle(Object(Illuminate\\Http\\Request), Object(Closure))
#56 /Users/recycle/work/htain-thein-be/vendor/laravel/framework/src/Illuminate/Foundation/Http/Middleware/PreventRequestsDuringMaintenance.php(99): Illuminate\\Pipeline\\Pipeline->Illuminate\\Pipeline\\{closure}(Object(Illuminate\\Http\\Request))
#57 /Users/recycle/work/htain-thein-be/vendor/laravel/framework/src/Illuminate/Pipeline/Pipeline.php(183): Illuminate\\Foundation\\Http\\Middleware\\PreventRequestsDuringMaintenance->handle(Object(Illuminate\\Http\\Request), Object(Closure))
#58 /Users/recycle/work/htain-thein-be/vendor/laravel/framework/src/Illuminate/Http/Middleware/HandleCors.php(62): Illuminate\\Pipeline\\Pipeline->Illuminate\\Pipeline\\{closure}(Object(Illuminate\\Http\\Request))
#59 /Users/recycle/work/htain-thein-be/vendor/laravel/framework/src/Illuminate/Pipeline/Pipeline.php(183): Illuminate\\Http\\Middleware\\HandleCors->handle(Object(Illuminate\\Http\\Request), Object(Closure))
#60 /Users/recycle/work/htain-thein-be/vendor/laravel/framework/src/Illuminate/Http/Middleware/TrustProxies.php(39): Illuminate\\Pipeline\\Pipeline->Illuminate\\Pipeline\\{closure}(Object(Illuminate\\Http\\Request))
#61 /Users/recycle/work/htain-thein-be/vendor/laravel/framework/src/Illuminate/Pipeline/Pipeline.php(183): Illuminate\\Http\\Middleware\\TrustProxies->handle(Object(Illuminate\\Http\\Request), Object(Closure))
#62 /Users/recycle/work/htain-thein-be/vendor/laravel/framework/src/Illuminate/Pipeline/Pipeline.php(119): Illuminate\\Pipeline\\Pipeline->Illuminate\\Pipeline\\{closure}(Object(Illuminate\\Http\\Request))
#63 /Users/recycle/work/htain-thein-be/vendor/laravel/framework/src/Illuminate/Foundation/Http/Kernel.php(175): Illuminate\\Pipeline\\Pipeline->then(Object(Closure))
#64 /Users/recycle/work/htain-thein-be/vendor/laravel/framework/src/Illuminate/Foundation/Http/Kernel.php(144): Illuminate\\Foundation\\Http\\Kernel->sendRequestThroughRouter(Object(Illuminate\\Http\\Request))
#65 /Users/recycle/work/htain-thein-be/public/index.php(51): Illuminate\\Foundation\\Http\\Kernel->handle(Object(Illuminate\\Http\\Request))
#66 /Users/recycle/work/htain-thein-be/vendor/laravel/framework/src/Illuminate/Foundation/resources/server.php(16): require_once('/Users/recycle/...')
#67 {main}
"} 
[2025-01-21 13:21:50] local.ERROR: The HTTP status code "0" is not valid. {"userId":1,"exception":"[object] (InvalidArgumentException(code: 0): The HTTP status code \"0\" is not valid. at /Users/recycle/work/htain-thein-be/vendor/symfony/http-foundation/Response.php:502)
[stacktrace]
#0 /Users/recycle/work/htain-thein-be/vendor/symfony/http-foundation/Response.php(228): Symfony\\Component\\HttpFoundation\\Response->setStatusCode(0)
#1 /Users/recycle/work/htain-thein-be/vendor/symfony/http-foundation/JsonResponse.php(41): Symfony\\Component\\HttpFoundation\\Response->__construct('', 0, Array)
#2 /Users/recycle/work/htain-thein-be/vendor/laravel/framework/src/Illuminate/Http/JsonResponse.php(32): Symfony\\Component\\HttpFoundation\\JsonResponse->__construct(Array, 0, Array, false)
#3 /Users/recycle/work/htain-thein-be/vendor/laravel/framework/src/Illuminate/Routing/ResponseFactory.php(102): Illuminate\\Http\\JsonResponse->__construct(Array, 0, Array, 0)
#4 /Users/recycle/work/htain-thein-be/app/Exceptions/Handler.php(89): Illuminate\\Routing\\ResponseFactory->json(Array, 0)
#5 /Users/recycle/work/htain-thein-be/vendor/laravel/framework/src/Illuminate/Routing/Pipeline.php(51): App\\Exceptions\\Handler->render(Object(Illuminate\\Http\\Request), Object(App\\Exceptions\\CustomErrorException))
#6 /Users/recycle/work/htain-thein-be/vendor/laravel/framework/src/Illuminate/Pipeline/Pipeline.php(146): Illuminate\\Routing\\Pipeline->handleException(Object(Illuminate\\Http\\Request), Object(App\\Exceptions\\CustomErrorException))
#7 /Users/recycle/work/htain-thein-be/vendor/laravel/framework/src/Illuminate/Routing/Middleware/SubstituteBindings.php(50): Illuminate\\Pipeline\\Pipeline->Illuminate\\Pipeline\\{closure}(Object(Illuminate\\Http\\Request))
#8 /Users/recycle/work/htain-thein-be/vendor/laravel/framework/src/Illuminate/Pipeline/Pipeline.php(183): Illuminate\\Routing\\Middleware\\SubstituteBindings->handle(Object(Illuminate\\Http\\Request), Object(Closure))
#9 /Users/recycle/work/htain-thein-be/vendor/laravel/framework/src/Illuminate/Routing/Middleware/ThrottleRequests.php(159): Illuminate\\Pipeline\\Pipeline->Illuminate\\Pipeline\\{closure}(Object(Illuminate\\Http\\Request))
#10 /Users/recycle/work/htain-thein-be/vendor/laravel/framework/src/Illuminate/Routing/Middleware/ThrottleRequests.php(125): Illuminate\\Routing\\Middleware\\ThrottleRequests->handleRequest(Object(Illuminate\\Http\\Request), Object(Closure), Array)
#11 /Users/recycle/work/htain-thein-be/vendor/laravel/framework/src/Illuminate/Routing/Middleware/ThrottleRequests.php(87): Illuminate\\Routing\\Middleware\\ThrottleRequests->handleRequestUsingNamedLimiter(Object(Illuminate\\Http\\Request), Object(Closure), 'api', Object(Closure))
#12 /Users/recycle/work/htain-thein-be/vendor/laravel/framework/src/Illuminate/Pipeline/Pipeline.php(183): Illuminate\\Routing\\Middleware\\ThrottleRequests->handle(Object(Illuminate\\Http\\Request), Object(Closure), 'api')
#13 /Users/recycle/work/htain-thein-be/vendor/laravel/framework/src/Illuminate/Auth/Middleware/Authenticate.php(57): Illuminate\\Pipeline\\Pipeline->Illuminate\\Pipeline\\{closure}(Object(Illuminate\\Http\\Request))
#14 /Users/recycle/work/htain-thein-be/vendor/laravel/framework/src/Illuminate/Pipeline/Pipeline.php(183): Illuminate\\Auth\\Middleware\\Authenticate->handle(Object(Illuminate\\Http\\Request), Object(Closure), 'sanctum')
#15 /Users/recycle/work/htain-thein-be/vendor/laravel/sanctum/src/Http/Middleware/EnsureFrontendRequestsAreStateful.php(25): Illuminate\\Pipeline\\Pipeline->Illuminate\\Pipeline\\{closure}(Object(Illuminate\\Http\\Request))
#16 /Users/recycle/work/htain-thein-be/vendor/laravel/framework/src/Illuminate/Pipeline/Pipeline.php(144): Laravel\\Sanctum\\Http\\Middleware\\EnsureFrontendRequestsAreStateful->Laravel\\Sanctum\\Http\\Middleware\\{closure}(Object(Illuminate\\Http\\Request))
#17 /Users/recycle/work/htain-thein-be/vendor/laravel/framework/src/Illuminate/Pipeline/Pipeline.php(119): Illuminate\\Pipeline\\Pipeline->Illuminate\\Pipeline\\{closure}(Object(Illuminate\\Http\\Request))
#18 /Users/recycle/work/htain-thein-be/vendor/laravel/sanctum/src/Http/Middleware/EnsureFrontendRequestsAreStateful.php(24): Illuminate\\Pipeline\\Pipeline->then(Object(Closure))
#19 /Users/recycle/work/htain-thein-be/vendor/laravel/framework/src/Illuminate/Pipeline/Pipeline.php(183): Laravel\\Sanctum\\Http\\Middleware\\EnsureFrontendRequestsAreStateful->handle(Object(Illuminate\\Http\\Request), Object(Closure))
#20 /Users/recycle/work/htain-thein-be/vendor/laravel/framework/src/Illuminate/Pipeline/Pipeline.php(119): Illuminate\\Pipeline\\Pipeline->Illuminate\\Pipeline\\{closure}(Object(Illuminate\\Http\\Request))
#21 /Users/recycle/work/htain-thein-be/vendor/laravel/framework/src/Illuminate/Routing/Router.php(805): Illuminate\\Pipeline\\Pipeline->then(Object(Closure))
#22 /Users/recycle/work/htain-thein-be/vendor/laravel/framework/src/Illuminate/Routing/Router.php(784): Illuminate\\Routing\\Router->runRouteWithinStack(Object(Illuminate\\Routing\\Route), Object(Illuminate\\Http\\Request))
#23 /Users/recycle/work/htain-thein-be/vendor/laravel/framework/src/Illuminate/Routing/Router.php(748): Illuminate\\Routing\\Router->runRoute(Object(Illuminate\\Http\\Request), Object(Illuminate\\Routing\\Route))
#24 /Users/recycle/work/htain-thein-be/vendor/laravel/framework/src/Illuminate/Routing/Router.php(737): Illuminate\\Routing\\Router->dispatchToRoute(Object(Illuminate\\Http\\Request))
#25 /Users/recycle/work/htain-thein-be/vendor/laravel/framework/src/Illuminate/Foundation/Http/Kernel.php(200): Illuminate\\Routing\\Router->dispatch(Object(Illuminate\\Http\\Request))
#26 /Users/recycle/work/htain-thein-be/vendor/laravel/framework/src/Illuminate/Pipeline/Pipeline.php(144): Illuminate\\Foundation\\Http\\Kernel->Illuminate\\Foundation\\Http\\{closure}(Object(Illuminate\\Http\\Request))
#27 /Users/recycle/work/htain-thein-be/vendor/laravel/framework/src/Illuminate/View/Middleware/ShareErrorsFromSession.php(49): Illuminate\\Pipeline\\Pipeline->Illuminate\\Pipeline\\{closure}(Object(Illuminate\\Http\\Request))
#28 /Users/recycle/work/htain-thein-be/vendor/laravel/framework/src/Illuminate/Pipeline/Pipeline.php(183): Illuminate\\View\\Middleware\\ShareErrorsFromSession->handle(Object(Illuminate\\Http\\Request), Object(Closure))
#29 /Users/recycle/work/htain-thein-be/vendor/laravel/framework/src/Illuminate/Session/Middleware/StartSession.php(121): Illuminate\\Pipeline\\Pipeline->Illuminate\\Pipeline\\{closure}(Object(Illuminate\\Http\\Request))
#30 /Users/recycle/work/htain-thein-be/vendor/laravel/framework/src/Illuminate/Session/Middleware/StartSession.php(64): Illuminate\\Session\\Middleware\\StartSession->handleStatefulRequest(Object(Illuminate\\Http\\Request), Object(Illuminate\\Session\\Store), Object(Closure))
#31 /Users/recycle/work/htain-thein-be/vendor/laravel/framework/src/Illuminate/Pipeline/Pipeline.php(183): Illuminate\\Session\\Middleware\\StartSession->handle(Object(Illuminate\\Http\\Request), Object(Closure))
#32 /Users/recycle/work/htain-thein-be/vendor/laravel/framework/src/Illuminate/Foundation/Http/Middleware/TransformsRequest.php(21): Illuminate\\Pipeline\\Pipeline->Illuminate\\Pipeline\\{closure}(Object(Illuminate\\Http\\Request))
#33 /Users/recycle/work/htain-thein-be/vendor/laravel/framework/src/Illuminate/Foundation/Http/Middleware/ConvertEmptyStringsToNull.php(31): Illuminate\\Foundation\\Http\\Middleware\\TransformsRequest->handle(Object(Illuminate\\Http\\Request), Object(Closure))
#34 /Users/recycle/work/htain-thein-be/vendor/laravel/framework/src/Illuminate/Pipeline/Pipeline.php(183): Illuminate\\Foundation\\Http\\Middleware\\ConvertEmptyStringsToNull->handle(Object(Illuminate\\Http\\Request), Object(Closure))
#35 /Users/recycle/work/htain-thein-be/vendor/laravel/framework/src/Illuminate/Foundation/Http/Middleware/TransformsRequest.php(21): Illuminate\\Pipeline\\Pipeline->Illuminate\\Pipeline\\{closure}(Object(Illuminate\\Http\\Request))
#36 /Users/recycle/work/htain-thein-be/vendor/laravel/framework/src/Illuminate/Foundation/Http/Middleware/TrimStrings.php(40): Illuminate\\Foundation\\Http\\Middleware\\TransformsRequest->handle(Object(Illuminate\\Http\\Request), Object(Closure))
#37 /Users/recycle/work/htain-thein-be/vendor/laravel/framework/src/Illuminate/Pipeline/Pipeline.php(183): Illuminate\\Foundation\\Http\\Middleware\\TrimStrings->handle(Object(Illuminate\\Http\\Request), Object(Closure))
#38 /Users/recycle/work/htain-thein-be/vendor/laravel/framework/src/Illuminate/Foundation/Http/Middleware/ValidatePostSize.php(27): Illuminate\\Pipeline\\Pipeline->Illuminate\\Pipeline\\{closure}(Object(Illuminate\\Http\\Request))
#39 /Users/recycle/work/htain-thein-be/vendor/laravel/framework/src/Illuminate/Pipeline/Pipeline.php(183): Illuminate\\Foundation\\Http\\Middleware\\ValidatePostSize->handle(Object(Illuminate\\Http\\Request), Object(Closure))
#40 /Users/recycle/work/htain-thein-be/vendor/laravel/framework/src/Illuminate/Foundation/Http/Middleware/PreventRequestsDuringMaintenance.php(99): Illuminate\\Pipeline\\Pipeline->Illuminate\\Pipeline\\{closure}(Object(Illuminate\\Http\\Request))
#41 /Users/recycle/work/htain-thein-be/vendor/laravel/framework/src/Illuminate/Pipeline/Pipeline.php(183): Illuminate\\Foundation\\Http\\Middleware\\PreventRequestsDuringMaintenance->handle(Object(Illuminate\\Http\\Request), Object(Closure))
#42 /Users/recycle/work/htain-thein-be/vendor/laravel/framework/src/Illuminate/Http/Middleware/HandleCors.php(62): Illuminate\\Pipeline\\Pipeline->Illuminate\\Pipeline\\{closure}(Object(Illuminate\\Http\\Request))
#43 /Users/recycle/work/htain-thein-be/vendor/laravel/framework/src/Illuminate/Pipeline/Pipeline.php(183): Illuminate\\Http\\Middleware\\HandleCors->handle(Object(Illuminate\\Http\\Request), Object(Closure))
#44 /Users/recycle/work/htain-thein-be/vendor/laravel/framework/src/Illuminate/Http/Middleware/TrustProxies.php(39): Illuminate\\Pipeline\\Pipeline->Illuminate\\Pipeline\\{closure}(Object(Illuminate\\Http\\Request))
#45 /Users/recycle/work/htain-thein-be/vendor/laravel/framework/src/Illuminate/Pipeline/Pipeline.php(183): Illuminate\\Http\\Middleware\\TrustProxies->handle(Object(Illuminate\\Http\\Request), Object(Closure))
#46 /Users/recycle/work/htain-thein-be/vendor/laravel/framework/src/Illuminate/Pipeline/Pipeline.php(119): Illuminate\\Pipeline\\Pipeline->Illuminate\\Pipeline\\{closure}(Object(Illuminate\\Http\\Request))
#47 /Users/recycle/work/htain-thein-be/vendor/laravel/framework/src/Illuminate/Foundation/Http/Kernel.php(175): Illuminate\\Pipeline\\Pipeline->then(Object(Closure))
#48 /Users/recycle/work/htain-thein-be/vendor/laravel/framework/src/Illuminate/Foundation/Http/Kernel.php(144): Illuminate\\Foundation\\Http\\Kernel->sendRequestThroughRouter(Object(Illuminate\\Http\\Request))
#49 /Users/recycle/work/htain-thein-be/public/index.php(51): Illuminate\\Foundation\\Http\\Kernel->handle(Object(Illuminate\\Http\\Request))
#50 /Users/recycle/work/htain-thein-be/vendor/laravel/framework/src/Illuminate/Foundation/resources/server.php(16): require_once('/Users/recycle/...')
#51 {main}
"} 
[2025-01-21 13:21:54] local.ERROR: The $date parameter must be a string, a DateTimeInterface instance, or null. {"userId":1,"exception":"[object] (App\\Exceptions\\CustomErrorException(code: 0): The $date parameter must be a string, a DateTimeInterface instance, or null. at /Users/recycle/work/htain-thein-be/App/Helpers/DateChangeHelper.php:15)
[stacktrace]
#0 /Users/recycle/work/htain-thein-be/app/Http/Resources/NotificationReadResource.php(21): changeToDifferForHuman(NULL)
#1 /Users/recycle/work/htain-thein-be/vendor/laravel/framework/src/Illuminate/Collections/HigherOrderCollectionProxy.php(60): App\\Http\\Resources\\NotificationReadResource->toArray(Object(Illuminate\\Http\\Request))
#2 [internal function]: Illuminate\\Support\\HigherOrderCollectionProxy->Illuminate\\Support\\{closure}(Object(App\\Http\\Resources\\NotificationReadResource), 0)
#3 /Users/recycle/work/htain-thein-be/vendor/laravel/framework/src/Illuminate/Collections/Arr.php(600): array_map(Object(Closure), Array, Array)
#4 /Users/recycle/work/htain-thein-be/vendor/laravel/framework/src/Illuminate/Collections/Collection.php(778): Illuminate\\Support\\Arr::map(Array, Object(Closure))
#5 /Users/recycle/work/htain-thein-be/vendor/laravel/framework/src/Illuminate/Collections/HigherOrderCollectionProxy.php(59): Illuminate\\Support\\Collection->map(Object(Closure))
#6 /Users/recycle/work/htain-thein-be/vendor/laravel/framework/src/Illuminate/Http/Resources/Json/ResourceCollection.php(102): Illuminate\\Support\\HigherOrderCollectionProxy->__call('toArray', Array)
#7 /Users/recycle/work/htain-thein-be/vendor/laravel/framework/src/Illuminate/Http/Resources/Json/JsonResource.php(108): Illuminate\\Http\\Resources\\Json\\ResourceCollection->toArray(Object(Illuminate\\Http\\Request))
#8 /Users/recycle/work/htain-thein-be/vendor/laravel/framework/src/Illuminate/Http/Resources/Json/JsonResource.php(255): Illuminate\\Http\\Resources\\Json\\JsonResource->resolve(Object(Illuminate\\Http\\Request))
#9 [internal function]: Illuminate\\Http\\Resources\\Json\\JsonResource->jsonSerialize()
#10 /Users/recycle/work/htain-thein-be/vendor/laravel/framework/src/Illuminate/Http/JsonResponse.php(84): json_encode(Array, 0)
#11 /Users/recycle/work/htain-thein-be/vendor/symfony/http-foundation/JsonResponse.php(49): Illuminate\\Http\\JsonResponse->setData(Array)
#12 /Users/recycle/work/htain-thein-be/vendor/laravel/framework/src/Illuminate/Http/JsonResponse.php(32): Symfony\\Component\\HttpFoundation\\JsonResponse->__construct(Array, 200, Array, false)
#13 /Users/recycle/work/htain-thein-be/vendor/laravel/framework/src/Illuminate/Routing/ResponseFactory.php(102): Illuminate\\Http\\JsonResponse->__construct(Array, 200, Array, 0)
#14 /Users/recycle/work/htain-thein-be/app/Services/NotificationInfo/GetAllNotificationsService.php(19): Illuminate\\Routing\\ResponseFactory->json(Array)
#15 /Users/recycle/work/htain-thein-be/app/UseCases/NotiInfo/NotiInfoAction.php(70): App\\Services\\NotificationInfo\\GetAllNotificationsService->__invoke(Object(App\\Repositories\\Notification\\NotificationRepository), Array, 1)
#16 /Users/recycle/work/htain-thein-be/app/Http/Controllers/Api/NotiInfoController.php(33): App\\UseCases\\NotiInfo\\NotiInfoAction->getAllNotifications(Array, 1)
#17 /Users/recycle/work/htain-thein-be/vendor/laravel/framework/src/Illuminate/Routing/Controller.php(54): App\\Http\\Controllers\\Api\\NotiInfoController->index(Object(App\\Http\\Requests\\V1\\App\\NotificationInfo\\FetchAllNotificationRequest))
#18 /Users/recycle/work/htain-thein-be/vendor/laravel/framework/src/Illuminate/Routing/ControllerDispatcher.php(43): Illuminate\\Routing\\Controller->callAction('index', Array)
#19 /Users/recycle/work/htain-thein-be/vendor/laravel/framework/src/Illuminate/Routing/Route.php(259): Illuminate\\Routing\\ControllerDispatcher->dispatch(Object(Illuminate\\Routing\\Route), Object(App\\Http\\Controllers\\Api\\NotiInfoController), 'index')
#20 /Users/recycle/work/htain-thein-be/vendor/laravel/framework/src/Illuminate/Routing/Route.php(205): Illuminate\\Routing\\Route->runController()
#21 /Users/recycle/work/htain-thein-be/vendor/laravel/framework/src/Illuminate/Routing/Router.php(806): Illuminate\\Routing\\Route->run()
#22 /Users/recycle/work/htain-thein-be/vendor/laravel/framework/src/Illuminate/Pipeline/Pipeline.php(144): Illuminate\\Routing\\Router->Illuminate\\Routing\\{closure}(Object(Illuminate\\Http\\Request))
#23 /Users/recycle/work/htain-thein-be/vendor/laravel/framework/src/Illuminate/Routing/Middleware/SubstituteBindings.php(50): Illuminate\\Pipeline\\Pipeline->Illuminate\\Pipeline\\{closure}(Object(Illuminate\\Http\\Request))
#24 /Users/recycle/work/htain-thein-be/vendor/laravel/framework/src/Illuminate/Pipeline/Pipeline.php(183): Illuminate\\Routing\\Middleware\\SubstituteBindings->handle(Object(Illuminate\\Http\\Request), Object(Closure))
#25 /Users/recycle/work/htain-thein-be/vendor/laravel/framework/src/Illuminate/Routing/Middleware/ThrottleRequests.php(159): Illuminate\\Pipeline\\Pipeline->Illuminate\\Pipeline\\{closure}(Object(Illuminate\\Http\\Request))
#26 /Users/recycle/work/htain-thein-be/vendor/laravel/framework/src/Illuminate/Routing/Middleware/ThrottleRequests.php(125): Illuminate\\Routing\\Middleware\\ThrottleRequests->handleRequest(Object(Illuminate\\Http\\Request), Object(Closure), Array)
#27 /Users/recycle/work/htain-thein-be/vendor/laravel/framework/src/Illuminate/Routing/Middleware/ThrottleRequests.php(87): Illuminate\\Routing\\Middleware\\ThrottleRequests->handleRequestUsingNamedLimiter(Object(Illuminate\\Http\\Request), Object(Closure), 'api', Object(Closure))
#28 /Users/recycle/work/htain-thein-be/vendor/laravel/framework/src/Illuminate/Pipeline/Pipeline.php(183): Illuminate\\Routing\\Middleware\\ThrottleRequests->handle(Object(Illuminate\\Http\\Request), Object(Closure), 'api')
#29 /Users/recycle/work/htain-thein-be/vendor/laravel/framework/src/Illuminate/Auth/Middleware/Authenticate.php(57): Illuminate\\Pipeline\\Pipeline->Illuminate\\Pipeline\\{closure}(Object(Illuminate\\Http\\Request))
#30 /Users/recycle/work/htain-thein-be/vendor/laravel/framework/src/Illuminate/Pipeline/Pipeline.php(183): Illuminate\\Auth\\Middleware\\Authenticate->handle(Object(Illuminate\\Http\\Request), Object(Closure), 'sanctum')
#31 /Users/recycle/work/htain-thein-be/vendor/laravel/sanctum/src/Http/Middleware/EnsureFrontendRequestsAreStateful.php(25): Illuminate\\Pipeline\\Pipeline->Illuminate\\Pipeline\\{closure}(Object(Illuminate\\Http\\Request))
#32 /Users/recycle/work/htain-thein-be/vendor/laravel/framework/src/Illuminate/Pipeline/Pipeline.php(144): Laravel\\Sanctum\\Http\\Middleware\\EnsureFrontendRequestsAreStateful->Laravel\\Sanctum\\Http\\Middleware\\{closure}(Object(Illuminate\\Http\\Request))
#33 /Users/recycle/work/htain-thein-be/vendor/laravel/framework/src/Illuminate/Pipeline/Pipeline.php(119): Illuminate\\Pipeline\\Pipeline->Illuminate\\Pipeline\\{closure}(Object(Illuminate\\Http\\Request))
#34 /Users/recycle/work/htain-thein-be/vendor/laravel/sanctum/src/Http/Middleware/EnsureFrontendRequestsAreStateful.php(24): Illuminate\\Pipeline\\Pipeline->then(Object(Closure))
#35 /Users/recycle/work/htain-thein-be/vendor/laravel/framework/src/Illuminate/Pipeline/Pipeline.php(183): Laravel\\Sanctum\\Http\\Middleware\\EnsureFrontendRequestsAreStateful->handle(Object(Illuminate\\Http\\Request), Object(Closure))
#36 /Users/recycle/work/htain-thein-be/vendor/laravel/framework/src/Illuminate/Pipeline/Pipeline.php(119): Illuminate\\Pipeline\\Pipeline->Illuminate\\Pipeline\\{closure}(Object(Illuminate\\Http\\Request))
#37 /Users/recycle/work/htain-thein-be/vendor/laravel/framework/src/Illuminate/Routing/Router.php(805): Illuminate\\Pipeline\\Pipeline->then(Object(Closure))
#38 /Users/recycle/work/htain-thein-be/vendor/laravel/framework/src/Illuminate/Routing/Router.php(784): Illuminate\\Routing\\Router->runRouteWithinStack(Object(Illuminate\\Routing\\Route), Object(Illuminate\\Http\\Request))
#39 /Users/recycle/work/htain-thein-be/vendor/laravel/framework/src/Illuminate/Routing/Router.php(748): Illuminate\\Routing\\Router->runRoute(Object(Illuminate\\Http\\Request), Object(Illuminate\\Routing\\Route))
#40 /Users/recycle/work/htain-thein-be/vendor/laravel/framework/src/Illuminate/Routing/Router.php(737): Illuminate\\Routing\\Router->dispatchToRoute(Object(Illuminate\\Http\\Request))
#41 /Users/recycle/work/htain-thein-be/vendor/laravel/framework/src/Illuminate/Foundation/Http/Kernel.php(200): Illuminate\\Routing\\Router->dispatch(Object(Illuminate\\Http\\Request))
#42 /Users/recycle/work/htain-thein-be/vendor/laravel/framework/src/Illuminate/Pipeline/Pipeline.php(144): Illuminate\\Foundation\\Http\\Kernel->Illuminate\\Foundation\\Http\\{closure}(Object(Illuminate\\Http\\Request))
#43 /Users/recycle/work/htain-thein-be/vendor/laravel/framework/src/Illuminate/View/Middleware/ShareErrorsFromSession.php(49): Illuminate\\Pipeline\\Pipeline->Illuminate\\Pipeline\\{closure}(Object(Illuminate\\Http\\Request))
#44 /Users/recycle/work/htain-thein-be/vendor/laravel/framework/src/Illuminate/Pipeline/Pipeline.php(183): Illuminate\\View\\Middleware\\ShareErrorsFromSession->handle(Object(Illuminate\\Http\\Request), Object(Closure))
#45 /Users/recycle/work/htain-thein-be/vendor/laravel/framework/src/Illuminate/Session/Middleware/StartSession.php(121): Illuminate\\Pipeline\\Pipeline->Illuminate\\Pipeline\\{closure}(Object(Illuminate\\Http\\Request))
#46 /Users/recycle/work/htain-thein-be/vendor/laravel/framework/src/Illuminate/Session/Middleware/StartSession.php(64): Illuminate\\Session\\Middleware\\StartSession->handleStatefulRequest(Object(Illuminate\\Http\\Request), Object(Illuminate\\Session\\Store), Object(Closure))
#47 /Users/recycle/work/htain-thein-be/vendor/laravel/framework/src/Illuminate/Pipeline/Pipeline.php(183): Illuminate\\Session\\Middleware\\StartSession->handle(Object(Illuminate\\Http\\Request), Object(Closure))
#48 /Users/recycle/work/htain-thein-be/vendor/laravel/framework/src/Illuminate/Foundation/Http/Middleware/TransformsRequest.php(21): Illuminate\\Pipeline\\Pipeline->Illuminate\\Pipeline\\{closure}(Object(Illuminate\\Http\\Request))
#49 /Users/recycle/work/htain-thein-be/vendor/laravel/framework/src/Illuminate/Foundation/Http/Middleware/ConvertEmptyStringsToNull.php(31): Illuminate\\Foundation\\Http\\Middleware\\TransformsRequest->handle(Object(Illuminate\\Http\\Request), Object(Closure))
#50 /Users/recycle/work/htain-thein-be/vendor/laravel/framework/src/Illuminate/Pipeline/Pipeline.php(183): Illuminate\\Foundation\\Http\\Middleware\\ConvertEmptyStringsToNull->handle(Object(Illuminate\\Http\\Request), Object(Closure))
#51 /Users/recycle/work/htain-thein-be/vendor/laravel/framework/src/Illuminate/Foundation/Http/Middleware/TransformsRequest.php(21): Illuminate\\Pipeline\\Pipeline->Illuminate\\Pipeline\\{closure}(Object(Illuminate\\Http\\Request))
#52 /Users/recycle/work/htain-thein-be/vendor/laravel/framework/src/Illuminate/Foundation/Http/Middleware/TrimStrings.php(40): Illuminate\\Foundation\\Http\\Middleware\\TransformsRequest->handle(Object(Illuminate\\Http\\Request), Object(Closure))
#53 /Users/recycle/work/htain-thein-be/vendor/laravel/framework/src/Illuminate/Pipeline/Pipeline.php(183): Illuminate\\Foundation\\Http\\Middleware\\TrimStrings->handle(Object(Illuminate\\Http\\Request), Object(Closure))
#54 /Users/recycle/work/htain-thein-be/vendor/laravel/framework/src/Illuminate/Foundation/Http/Middleware/ValidatePostSize.php(27): Illuminate\\Pipeline\\Pipeline->Illuminate\\Pipeline\\{closure}(Object(Illuminate\\Http\\Request))
#55 /Users/recycle/work/htain-thein-be/vendor/laravel/framework/src/Illuminate/Pipeline/Pipeline.php(183): Illuminate\\Foundation\\Http\\Middleware\\ValidatePostSize->handle(Object(Illuminate\\Http\\Request), Object(Closure))
#56 /Users/recycle/work/htain-thein-be/vendor/laravel/framework/src/Illuminate/Foundation/Http/Middleware/PreventRequestsDuringMaintenance.php(99): Illuminate\\Pipeline\\Pipeline->Illuminate\\Pipeline\\{closure}(Object(Illuminate\\Http\\Request))
#57 /Users/recycle/work/htain-thein-be/vendor/laravel/framework/src/Illuminate/Pipeline/Pipeline.php(183): Illuminate\\Foundation\\Http\\Middleware\\PreventRequestsDuringMaintenance->handle(Object(Illuminate\\Http\\Request), Object(Closure))
#58 /Users/recycle/work/htain-thein-be/vendor/laravel/framework/src/Illuminate/Http/Middleware/HandleCors.php(62): Illuminate\\Pipeline\\Pipeline->Illuminate\\Pipeline\\{closure}(Object(Illuminate\\Http\\Request))
#59 /Users/recycle/work/htain-thein-be/vendor/laravel/framework/src/Illuminate/Pipeline/Pipeline.php(183): Illuminate\\Http\\Middleware\\HandleCors->handle(Object(Illuminate\\Http\\Request), Object(Closure))
#60 /Users/recycle/work/htain-thein-be/vendor/laravel/framework/src/Illuminate/Http/Middleware/TrustProxies.php(39): Illuminate\\Pipeline\\Pipeline->Illuminate\\Pipeline\\{closure}(Object(Illuminate\\Http\\Request))
#61 /Users/recycle/work/htain-thein-be/vendor/laravel/framework/src/Illuminate/Pipeline/Pipeline.php(183): Illuminate\\Http\\Middleware\\TrustProxies->handle(Object(Illuminate\\Http\\Request), Object(Closure))
#62 /Users/recycle/work/htain-thein-be/vendor/laravel/framework/src/Illuminate/Pipeline/Pipeline.php(119): Illuminate\\Pipeline\\Pipeline->Illuminate\\Pipeline\\{closure}(Object(Illuminate\\Http\\Request))
#63 /Users/recycle/work/htain-thein-be/vendor/laravel/framework/src/Illuminate/Foundation/Http/Kernel.php(175): Illuminate\\Pipeline\\Pipeline->then(Object(Closure))
#64 /Users/recycle/work/htain-thein-be/vendor/laravel/framework/src/Illuminate/Foundation/Http/Kernel.php(144): Illuminate\\Foundation\\Http\\Kernel->sendRequestThroughRouter(Object(Illuminate\\Http\\Request))
#65 /Users/recycle/work/htain-thein-be/public/index.php(51): Illuminate\\Foundation\\Http\\Kernel->handle(Object(Illuminate\\Http\\Request))
#66 /Users/recycle/work/htain-thein-be/vendor/laravel/framework/src/Illuminate/Foundation/resources/server.php(16): require_once('/Users/recycle/...')
#67 {main}
"} 
[2025-01-21 13:21:54] local.ERROR: The HTTP status code "0" is not valid. {"userId":1,"exception":"[object] (InvalidArgumentException(code: 0): The HTTP status code \"0\" is not valid. at /Users/recycle/work/htain-thein-be/vendor/symfony/http-foundation/Response.php:502)
[stacktrace]
#0 /Users/recycle/work/htain-thein-be/vendor/symfony/http-foundation/Response.php(228): Symfony\\Component\\HttpFoundation\\Response->setStatusCode(0)
#1 /Users/recycle/work/htain-thein-be/vendor/symfony/http-foundation/JsonResponse.php(41): Symfony\\Component\\HttpFoundation\\Response->__construct('', 0, Array)
#2 /Users/recycle/work/htain-thein-be/vendor/laravel/framework/src/Illuminate/Http/JsonResponse.php(32): Symfony\\Component\\HttpFoundation\\JsonResponse->__construct(Array, 0, Array, false)
#3 /Users/recycle/work/htain-thein-be/vendor/laravel/framework/src/Illuminate/Routing/ResponseFactory.php(102): Illuminate\\Http\\JsonResponse->__construct(Array, 0, Array, 0)
#4 /Users/recycle/work/htain-thein-be/app/Exceptions/Handler.php(89): Illuminate\\Routing\\ResponseFactory->json(Array, 0)
#5 /Users/recycle/work/htain-thein-be/vendor/laravel/framework/src/Illuminate/Routing/Pipeline.php(51): App\\Exceptions\\Handler->render(Object(Illuminate\\Http\\Request), Object(App\\Exceptions\\CustomErrorException))
#6 /Users/recycle/work/htain-thein-be/vendor/laravel/framework/src/Illuminate/Pipeline/Pipeline.php(146): Illuminate\\Routing\\Pipeline->handleException(Object(Illuminate\\Http\\Request), Object(App\\Exceptions\\CustomErrorException))
#7 /Users/recycle/work/htain-thein-be/vendor/laravel/framework/src/Illuminate/Routing/Middleware/SubstituteBindings.php(50): Illuminate\\Pipeline\\Pipeline->Illuminate\\Pipeline\\{closure}(Object(Illuminate\\Http\\Request))
#8 /Users/recycle/work/htain-thein-be/vendor/laravel/framework/src/Illuminate/Pipeline/Pipeline.php(183): Illuminate\\Routing\\Middleware\\SubstituteBindings->handle(Object(Illuminate\\Http\\Request), Object(Closure))
#9 /Users/recycle/work/htain-thein-be/vendor/laravel/framework/src/Illuminate/Routing/Middleware/ThrottleRequests.php(159): Illuminate\\Pipeline\\Pipeline->Illuminate\\Pipeline\\{closure}(Object(Illuminate\\Http\\Request))
#10 /Users/recycle/work/htain-thein-be/vendor/laravel/framework/src/Illuminate/Routing/Middleware/ThrottleRequests.php(125): Illuminate\\Routing\\Middleware\\ThrottleRequests->handleRequest(Object(Illuminate\\Http\\Request), Object(Closure), Array)
#11 /Users/recycle/work/htain-thein-be/vendor/laravel/framework/src/Illuminate/Routing/Middleware/ThrottleRequests.php(87): Illuminate\\Routing\\Middleware\\ThrottleRequests->handleRequestUsingNamedLimiter(Object(Illuminate\\Http\\Request), Object(Closure), 'api', Object(Closure))
#12 /Users/recycle/work/htain-thein-be/vendor/laravel/framework/src/Illuminate/Pipeline/Pipeline.php(183): Illuminate\\Routing\\Middleware\\ThrottleRequests->handle(Object(Illuminate\\Http\\Request), Object(Closure), 'api')
#13 /Users/recycle/work/htain-thein-be/vendor/laravel/framework/src/Illuminate/Auth/Middleware/Authenticate.php(57): Illuminate\\Pipeline\\Pipeline->Illuminate\\Pipeline\\{closure}(Object(Illuminate\\Http\\Request))
#14 /Users/recycle/work/htain-thein-be/vendor/laravel/framework/src/Illuminate/Pipeline/Pipeline.php(183): Illuminate\\Auth\\Middleware\\Authenticate->handle(Object(Illuminate\\Http\\Request), Object(Closure), 'sanctum')
#15 /Users/recycle/work/htain-thein-be/vendor/laravel/sanctum/src/Http/Middleware/EnsureFrontendRequestsAreStateful.php(25): Illuminate\\Pipeline\\Pipeline->Illuminate\\Pipeline\\{closure}(Object(Illuminate\\Http\\Request))
#16 /Users/recycle/work/htain-thein-be/vendor/laravel/framework/src/Illuminate/Pipeline/Pipeline.php(144): Laravel\\Sanctum\\Http\\Middleware\\EnsureFrontendRequestsAreStateful->Laravel\\Sanctum\\Http\\Middleware\\{closure}(Object(Illuminate\\Http\\Request))
#17 /Users/recycle/work/htain-thein-be/vendor/laravel/framework/src/Illuminate/Pipeline/Pipeline.php(119): Illuminate\\Pipeline\\Pipeline->Illuminate\\Pipeline\\{closure}(Object(Illuminate\\Http\\Request))
#18 /Users/recycle/work/htain-thein-be/vendor/laravel/sanctum/src/Http/Middleware/EnsureFrontendRequestsAreStateful.php(24): Illuminate\\Pipeline\\Pipeline->then(Object(Closure))
#19 /Users/recycle/work/htain-thein-be/vendor/laravel/framework/src/Illuminate/Pipeline/Pipeline.php(183): Laravel\\Sanctum\\Http\\Middleware\\EnsureFrontendRequestsAreStateful->handle(Object(Illuminate\\Http\\Request), Object(Closure))
#20 /Users/recycle/work/htain-thein-be/vendor/laravel/framework/src/Illuminate/Pipeline/Pipeline.php(119): Illuminate\\Pipeline\\Pipeline->Illuminate\\Pipeline\\{closure}(Object(Illuminate\\Http\\Request))
#21 /Users/recycle/work/htain-thein-be/vendor/laravel/framework/src/Illuminate/Routing/Router.php(805): Illuminate\\Pipeline\\Pipeline->then(Object(Closure))
#22 /Users/recycle/work/htain-thein-be/vendor/laravel/framework/src/Illuminate/Routing/Router.php(784): Illuminate\\Routing\\Router->runRouteWithinStack(Object(Illuminate\\Routing\\Route), Object(Illuminate\\Http\\Request))
#23 /Users/recycle/work/htain-thein-be/vendor/laravel/framework/src/Illuminate/Routing/Router.php(748): Illuminate\\Routing\\Router->runRoute(Object(Illuminate\\Http\\Request), Object(Illuminate\\Routing\\Route))
#24 /Users/recycle/work/htain-thein-be/vendor/laravel/framework/src/Illuminate/Routing/Router.php(737): Illuminate\\Routing\\Router->dispatchToRoute(Object(Illuminate\\Http\\Request))
#25 /Users/recycle/work/htain-thein-be/vendor/laravel/framework/src/Illuminate/Foundation/Http/Kernel.php(200): Illuminate\\Routing\\Router->dispatch(Object(Illuminate\\Http\\Request))
#26 /Users/recycle/work/htain-thein-be/vendor/laravel/framework/src/Illuminate/Pipeline/Pipeline.php(144): Illuminate\\Foundation\\Http\\Kernel->Illuminate\\Foundation\\Http\\{closure}(Object(Illuminate\\Http\\Request))
#27 /Users/recycle/work/htain-thein-be/vendor/laravel/framework/src/Illuminate/View/Middleware/ShareErrorsFromSession.php(49): Illuminate\\Pipeline\\Pipeline->Illuminate\\Pipeline\\{closure}(Object(Illuminate\\Http\\Request))
#28 /Users/recycle/work/htain-thein-be/vendor/laravel/framework/src/Illuminate/Pipeline/Pipeline.php(183): Illuminate\\View\\Middleware\\ShareErrorsFromSession->handle(Object(Illuminate\\Http\\Request), Object(Closure))
#29 /Users/recycle/work/htain-thein-be/vendor/laravel/framework/src/Illuminate/Session/Middleware/StartSession.php(121): Illuminate\\Pipeline\\Pipeline->Illuminate\\Pipeline\\{closure}(Object(Illuminate\\Http\\Request))
#30 /Users/recycle/work/htain-thein-be/vendor/laravel/framework/src/Illuminate/Session/Middleware/StartSession.php(64): Illuminate\\Session\\Middleware\\StartSession->handleStatefulRequest(Object(Illuminate\\Http\\Request), Object(Illuminate\\Session\\Store), Object(Closure))
#31 /Users/recycle/work/htain-thein-be/vendor/laravel/framework/src/Illuminate/Pipeline/Pipeline.php(183): Illuminate\\Session\\Middleware\\StartSession->handle(Object(Illuminate\\Http\\Request), Object(Closure))
#32 /Users/recycle/work/htain-thein-be/vendor/laravel/framework/src/Illuminate/Foundation/Http/Middleware/TransformsRequest.php(21): Illuminate\\Pipeline\\Pipeline->Illuminate\\Pipeline\\{closure}(Object(Illuminate\\Http\\Request))
#33 /Users/recycle/work/htain-thein-be/vendor/laravel/framework/src/Illuminate/Foundation/Http/Middleware/ConvertEmptyStringsToNull.php(31): Illuminate\\Foundation\\Http\\Middleware\\TransformsRequest->handle(Object(Illuminate\\Http\\Request), Object(Closure))
#34 /Users/recycle/work/htain-thein-be/vendor/laravel/framework/src/Illuminate/Pipeline/Pipeline.php(183): Illuminate\\Foundation\\Http\\Middleware\\ConvertEmptyStringsToNull->handle(Object(Illuminate\\Http\\Request), Object(Closure))
#35 /Users/recycle/work/htain-thein-be/vendor/laravel/framework/src/Illuminate/Foundation/Http/Middleware/TransformsRequest.php(21): Illuminate\\Pipeline\\Pipeline->Illuminate\\Pipeline\\{closure}(Object(Illuminate\\Http\\Request))
#36 /Users/recycle/work/htain-thein-be/vendor/laravel/framework/src/Illuminate/Foundation/Http/Middleware/TrimStrings.php(40): Illuminate\\Foundation\\Http\\Middleware\\TransformsRequest->handle(Object(Illuminate\\Http\\Request), Object(Closure))
#37 /Users/recycle/work/htain-thein-be/vendor/laravel/framework/src/Illuminate/Pipeline/Pipeline.php(183): Illuminate\\Foundation\\Http\\Middleware\\TrimStrings->handle(Object(Illuminate\\Http\\Request), Object(Closure))
#38 /Users/recycle/work/htain-thein-be/vendor/laravel/framework/src/Illuminate/Foundation/Http/Middleware/ValidatePostSize.php(27): Illuminate\\Pipeline\\Pipeline->Illuminate\\Pipeline\\{closure}(Object(Illuminate\\Http\\Request))
#39 /Users/recycle/work/htain-thein-be/vendor/laravel/framework/src/Illuminate/Pipeline/Pipeline.php(183): Illuminate\\Foundation\\Http\\Middleware\\ValidatePostSize->handle(Object(Illuminate\\Http\\Request), Object(Closure))
#40 /Users/recycle/work/htain-thein-be/vendor/laravel/framework/src/Illuminate/Foundation/Http/Middleware/PreventRequestsDuringMaintenance.php(99): Illuminate\\Pipeline\\Pipeline->Illuminate\\Pipeline\\{closure}(Object(Illuminate\\Http\\Request))
#41 /Users/recycle/work/htain-thein-be/vendor/laravel/framework/src/Illuminate/Pipeline/Pipeline.php(183): Illuminate\\Foundation\\Http\\Middleware\\PreventRequestsDuringMaintenance->handle(Object(Illuminate\\Http\\Request), Object(Closure))
#42 /Users/recycle/work/htain-thein-be/vendor/laravel/framework/src/Illuminate/Http/Middleware/HandleCors.php(62): Illuminate\\Pipeline\\Pipeline->Illuminate\\Pipeline\\{closure}(Object(Illuminate\\Http\\Request))
#43 /Users/recycle/work/htain-thein-be/vendor/laravel/framework/src/Illuminate/Pipeline/Pipeline.php(183): Illuminate\\Http\\Middleware\\HandleCors->handle(Object(Illuminate\\Http\\Request), Object(Closure))
#44 /Users/recycle/work/htain-thein-be/vendor/laravel/framework/src/Illuminate/Http/Middleware/TrustProxies.php(39): Illuminate\\Pipeline\\Pipeline->Illuminate\\Pipeline\\{closure}(Object(Illuminate\\Http\\Request))
#45 /Users/recycle/work/htain-thein-be/vendor/laravel/framework/src/Illuminate/Pipeline/Pipeline.php(183): Illuminate\\Http\\Middleware\\TrustProxies->handle(Object(Illuminate\\Http\\Request), Object(Closure))
#46 /Users/recycle/work/htain-thein-be/vendor/laravel/framework/src/Illuminate/Pipeline/Pipeline.php(119): Illuminate\\Pipeline\\Pipeline->Illuminate\\Pipeline\\{closure}(Object(Illuminate\\Http\\Request))
#47 /Users/recycle/work/htain-thein-be/vendor/laravel/framework/src/Illuminate/Foundation/Http/Kernel.php(175): Illuminate\\Pipeline\\Pipeline->then(Object(Closure))
#48 /Users/recycle/work/htain-thein-be/vendor/laravel/framework/src/Illuminate/Foundation/Http/Kernel.php(144): Illuminate\\Foundation\\Http\\Kernel->sendRequestThroughRouter(Object(Illuminate\\Http\\Request))
#49 /Users/recycle/work/htain-thein-be/public/index.php(51): Illuminate\\Foundation\\Http\\Kernel->handle(Object(Illuminate\\Http\\Request))
#50 /Users/recycle/work/htain-thein-be/vendor/laravel/framework/src/Illuminate/Foundation/resources/server.php(16): require_once('/Users/recycle/...')
#51 {main}
"} 
[2025-01-21 13:22:57] local.ERROR: The $date parameter must be a string, a DateTimeInterface instance, or null. {"userId":1,"exception":"[object] (App\\Exceptions\\CustomErrorException(code: 0): The $date parameter must be a string, a DateTimeInterface instance, or null. at /Users/recycle/work/htain-thein-be/App/Helpers/DateChangeHelper.php:15)
[stacktrace]
#0 /Users/recycle/work/htain-thein-be/app/Http/Resources/NotificationReadResource.php(21): changeToDifferForHuman(NULL)
#1 /Users/recycle/work/htain-thein-be/vendor/laravel/framework/src/Illuminate/Collections/HigherOrderCollectionProxy.php(60): App\\Http\\Resources\\NotificationReadResource->toArray(Object(Illuminate\\Http\\Request))
#2 [internal function]: Illuminate\\Support\\HigherOrderCollectionProxy->Illuminate\\Support\\{closure}(Object(App\\Http\\Resources\\NotificationReadResource), 0)
#3 /Users/recycle/work/htain-thein-be/vendor/laravel/framework/src/Illuminate/Collections/Arr.php(600): array_map(Object(Closure), Array, Array)
#4 /Users/recycle/work/htain-thein-be/vendor/laravel/framework/src/Illuminate/Collections/Collection.php(778): Illuminate\\Support\\Arr::map(Array, Object(Closure))
#5 /Users/recycle/work/htain-thein-be/vendor/laravel/framework/src/Illuminate/Collections/HigherOrderCollectionProxy.php(59): Illuminate\\Support\\Collection->map(Object(Closure))
#6 /Users/recycle/work/htain-thein-be/vendor/laravel/framework/src/Illuminate/Http/Resources/Json/ResourceCollection.php(102): Illuminate\\Support\\HigherOrderCollectionProxy->__call('toArray', Array)
#7 /Users/recycle/work/htain-thein-be/vendor/laravel/framework/src/Illuminate/Http/Resources/Json/JsonResource.php(108): Illuminate\\Http\\Resources\\Json\\ResourceCollection->toArray(Object(Illuminate\\Http\\Request))
#8 /Users/recycle/work/htain-thein-be/vendor/laravel/framework/src/Illuminate/Http/Resources/Json/JsonResource.php(255): Illuminate\\Http\\Resources\\Json\\JsonResource->resolve(Object(Illuminate\\Http\\Request))
#9 [internal function]: Illuminate\\Http\\Resources\\Json\\JsonResource->jsonSerialize()
#10 /Users/recycle/work/htain-thein-be/vendor/laravel/framework/src/Illuminate/Http/JsonResponse.php(84): json_encode(Array, 0)
#11 /Users/recycle/work/htain-thein-be/vendor/symfony/http-foundation/JsonResponse.php(49): Illuminate\\Http\\JsonResponse->setData(Array)
#12 /Users/recycle/work/htain-thein-be/vendor/laravel/framework/src/Illuminate/Http/JsonResponse.php(32): Symfony\\Component\\HttpFoundation\\JsonResponse->__construct(Array, 200, Array, false)
#13 /Users/recycle/work/htain-thein-be/vendor/laravel/framework/src/Illuminate/Routing/ResponseFactory.php(102): Illuminate\\Http\\JsonResponse->__construct(Array, 200, Array, 0)
#14 /Users/recycle/work/htain-thein-be/app/Services/NotificationInfo/GetAllNotificationsService.php(19): Illuminate\\Routing\\ResponseFactory->json(Array)
#15 /Users/recycle/work/htain-thein-be/app/UseCases/NotiInfo/NotiInfoAction.php(70): App\\Services\\NotificationInfo\\GetAllNotificationsService->__invoke(Object(App\\Repositories\\Notification\\NotificationRepository), Array, 1)
#16 /Users/recycle/work/htain-thein-be/app/Http/Controllers/Api/NotiInfoController.php(33): App\\UseCases\\NotiInfo\\NotiInfoAction->getAllNotifications(Array, 1)
#17 /Users/recycle/work/htain-thein-be/vendor/laravel/framework/src/Illuminate/Routing/Controller.php(54): App\\Http\\Controllers\\Api\\NotiInfoController->index(Object(App\\Http\\Requests\\V1\\App\\NotificationInfo\\FetchAllNotificationRequest))
#18 /Users/recycle/work/htain-thein-be/vendor/laravel/framework/src/Illuminate/Routing/ControllerDispatcher.php(43): Illuminate\\Routing\\Controller->callAction('index', Array)
#19 /Users/recycle/work/htain-thein-be/vendor/laravel/framework/src/Illuminate/Routing/Route.php(259): Illuminate\\Routing\\ControllerDispatcher->dispatch(Object(Illuminate\\Routing\\Route), Object(App\\Http\\Controllers\\Api\\NotiInfoController), 'index')
#20 /Users/recycle/work/htain-thein-be/vendor/laravel/framework/src/Illuminate/Routing/Route.php(205): Illuminate\\Routing\\Route->runController()
#21 /Users/recycle/work/htain-thein-be/vendor/laravel/framework/src/Illuminate/Routing/Router.php(806): Illuminate\\Routing\\Route->run()
#22 /Users/recycle/work/htain-thein-be/vendor/laravel/framework/src/Illuminate/Pipeline/Pipeline.php(144): Illuminate\\Routing\\Router->Illuminate\\Routing\\{closure}(Object(Illuminate\\Http\\Request))
#23 /Users/recycle/work/htain-thein-be/vendor/laravel/framework/src/Illuminate/Routing/Middleware/SubstituteBindings.php(50): Illuminate\\Pipeline\\Pipeline->Illuminate\\Pipeline\\{closure}(Object(Illuminate\\Http\\Request))
#24 /Users/recycle/work/htain-thein-be/vendor/laravel/framework/src/Illuminate/Pipeline/Pipeline.php(183): Illuminate\\Routing\\Middleware\\SubstituteBindings->handle(Object(Illuminate\\Http\\Request), Object(Closure))
#25 /Users/recycle/work/htain-thein-be/vendor/laravel/framework/src/Illuminate/Routing/Middleware/ThrottleRequests.php(159): Illuminate\\Pipeline\\Pipeline->Illuminate\\Pipeline\\{closure}(Object(Illuminate\\Http\\Request))
#26 /Users/recycle/work/htain-thein-be/vendor/laravel/framework/src/Illuminate/Routing/Middleware/ThrottleRequests.php(125): Illuminate\\Routing\\Middleware\\ThrottleRequests->handleRequest(Object(Illuminate\\Http\\Request), Object(Closure), Array)
#27 /Users/recycle/work/htain-thein-be/vendor/laravel/framework/src/Illuminate/Routing/Middleware/ThrottleRequests.php(87): Illuminate\\Routing\\Middleware\\ThrottleRequests->handleRequestUsingNamedLimiter(Object(Illuminate\\Http\\Request), Object(Closure), 'api', Object(Closure))
#28 /Users/recycle/work/htain-thein-be/vendor/laravel/framework/src/Illuminate/Pipeline/Pipeline.php(183): Illuminate\\Routing\\Middleware\\ThrottleRequests->handle(Object(Illuminate\\Http\\Request), Object(Closure), 'api')
#29 /Users/recycle/work/htain-thein-be/vendor/laravel/framework/src/Illuminate/Auth/Middleware/Authenticate.php(57): Illuminate\\Pipeline\\Pipeline->Illuminate\\Pipeline\\{closure}(Object(Illuminate\\Http\\Request))
#30 /Users/recycle/work/htain-thein-be/vendor/laravel/framework/src/Illuminate/Pipeline/Pipeline.php(183): Illuminate\\Auth\\Middleware\\Authenticate->handle(Object(Illuminate\\Http\\Request), Object(Closure), 'sanctum')
#31 /Users/recycle/work/htain-thein-be/vendor/laravel/sanctum/src/Http/Middleware/EnsureFrontendRequestsAreStateful.php(25): Illuminate\\Pipeline\\Pipeline->Illuminate\\Pipeline\\{closure}(Object(Illuminate\\Http\\Request))
#32 /Users/recycle/work/htain-thein-be/vendor/laravel/framework/src/Illuminate/Pipeline/Pipeline.php(144): Laravel\\Sanctum\\Http\\Middleware\\EnsureFrontendRequestsAreStateful->Laravel\\Sanctum\\Http\\Middleware\\{closure}(Object(Illuminate\\Http\\Request))
#33 /Users/recycle/work/htain-thein-be/vendor/laravel/framework/src/Illuminate/Pipeline/Pipeline.php(119): Illuminate\\Pipeline\\Pipeline->Illuminate\\Pipeline\\{closure}(Object(Illuminate\\Http\\Request))
#34 /Users/recycle/work/htain-thein-be/vendor/laravel/sanctum/src/Http/Middleware/EnsureFrontendRequestsAreStateful.php(24): Illuminate\\Pipeline\\Pipeline->then(Object(Closure))
#35 /Users/recycle/work/htain-thein-be/vendor/laravel/framework/src/Illuminate/Pipeline/Pipeline.php(183): Laravel\\Sanctum\\Http\\Middleware\\EnsureFrontendRequestsAreStateful->handle(Object(Illuminate\\Http\\Request), Object(Closure))
#36 /Users/recycle/work/htain-thein-be/vendor/laravel/framework/src/Illuminate/Pipeline/Pipeline.php(119): Illuminate\\Pipeline\\Pipeline->Illuminate\\Pipeline\\{closure}(Object(Illuminate\\Http\\Request))
#37 /Users/recycle/work/htain-thein-be/vendor/laravel/framework/src/Illuminate/Routing/Router.php(805): Illuminate\\Pipeline\\Pipeline->then(Object(Closure))
#38 /Users/recycle/work/htain-thein-be/vendor/laravel/framework/src/Illuminate/Routing/Router.php(784): Illuminate\\Routing\\Router->runRouteWithinStack(Object(Illuminate\\Routing\\Route), Object(Illuminate\\Http\\Request))
#39 /Users/recycle/work/htain-thein-be/vendor/laravel/framework/src/Illuminate/Routing/Router.php(748): Illuminate\\Routing\\Router->runRoute(Object(Illuminate\\Http\\Request), Object(Illuminate\\Routing\\Route))
#40 /Users/recycle/work/htain-thein-be/vendor/laravel/framework/src/Illuminate/Routing/Router.php(737): Illuminate\\Routing\\Router->dispatchToRoute(Object(Illuminate\\Http\\Request))
#41 /Users/recycle/work/htain-thein-be/vendor/laravel/framework/src/Illuminate/Foundation/Http/Kernel.php(200): Illuminate\\Routing\\Router->dispatch(Object(Illuminate\\Http\\Request))
#42 /Users/recycle/work/htain-thein-be/vendor/laravel/framework/src/Illuminate/Pipeline/Pipeline.php(144): Illuminate\\Foundation\\Http\\Kernel->Illuminate\\Foundation\\Http\\{closure}(Object(Illuminate\\Http\\Request))
#43 /Users/recycle/work/htain-thein-be/vendor/laravel/framework/src/Illuminate/View/Middleware/ShareErrorsFromSession.php(49): Illuminate\\Pipeline\\Pipeline->Illuminate\\Pipeline\\{closure}(Object(Illuminate\\Http\\Request))
#44 /Users/recycle/work/htain-thein-be/vendor/laravel/framework/src/Illuminate/Pipeline/Pipeline.php(183): Illuminate\\View\\Middleware\\ShareErrorsFromSession->handle(Object(Illuminate\\Http\\Request), Object(Closure))
#45 /Users/recycle/work/htain-thein-be/vendor/laravel/framework/src/Illuminate/Session/Middleware/StartSession.php(121): Illuminate\\Pipeline\\Pipeline->Illuminate\\Pipeline\\{closure}(Object(Illuminate\\Http\\Request))
#46 /Users/recycle/work/htain-thein-be/vendor/laravel/framework/src/Illuminate/Session/Middleware/StartSession.php(64): Illuminate\\Session\\Middleware\\StartSession->handleStatefulRequest(Object(Illuminate\\Http\\Request), Object(Illuminate\\Session\\Store), Object(Closure))
#47 /Users/recycle/work/htain-thein-be/vendor/laravel/framework/src/Illuminate/Pipeline/Pipeline.php(183): Illuminate\\Session\\Middleware\\StartSession->handle(Object(Illuminate\\Http\\Request), Object(Closure))
#48 /Users/recycle/work/htain-thein-be/vendor/laravel/framework/src/Illuminate/Foundation/Http/Middleware/TransformsRequest.php(21): Illuminate\\Pipeline\\Pipeline->Illuminate\\Pipeline\\{closure}(Object(Illuminate\\Http\\Request))
#49 /Users/recycle/work/htain-thein-be/vendor/laravel/framework/src/Illuminate/Foundation/Http/Middleware/ConvertEmptyStringsToNull.php(31): Illuminate\\Foundation\\Http\\Middleware\\TransformsRequest->handle(Object(Illuminate\\Http\\Request), Object(Closure))
#50 /Users/recycle/work/htain-thein-be/vendor/laravel/framework/src/Illuminate/Pipeline/Pipeline.php(183): Illuminate\\Foundation\\Http\\Middleware\\ConvertEmptyStringsToNull->handle(Object(Illuminate\\Http\\Request), Object(Closure))
#51 /Users/recycle/work/htain-thein-be/vendor/laravel/framework/src/Illuminate/Foundation/Http/Middleware/TransformsRequest.php(21): Illuminate\\Pipeline\\Pipeline->Illuminate\\Pipeline\\{closure}(Object(Illuminate\\Http\\Request))
#52 /Users/recycle/work/htain-thein-be/vendor/laravel/framework/src/Illuminate/Foundation/Http/Middleware/TrimStrings.php(40): Illuminate\\Foundation\\Http\\Middleware\\TransformsRequest->handle(Object(Illuminate\\Http\\Request), Object(Closure))
#53 /Users/recycle/work/htain-thein-be/vendor/laravel/framework/src/Illuminate/Pipeline/Pipeline.php(183): Illuminate\\Foundation\\Http\\Middleware\\TrimStrings->handle(Object(Illuminate\\Http\\Request), Object(Closure))
#54 /Users/recycle/work/htain-thein-be/vendor/laravel/framework/src/Illuminate/Foundation/Http/Middleware/ValidatePostSize.php(27): Illuminate\\Pipeline\\Pipeline->Illuminate\\Pipeline\\{closure}(Object(Illuminate\\Http\\Request))
#55 /Users/recycle/work/htain-thein-be/vendor/laravel/framework/src/Illuminate/Pipeline/Pipeline.php(183): Illuminate\\Foundation\\Http\\Middleware\\ValidatePostSize->handle(Object(Illuminate\\Http\\Request), Object(Closure))
#56 /Users/recycle/work/htain-thein-be/vendor/laravel/framework/src/Illuminate/Foundation/Http/Middleware/PreventRequestsDuringMaintenance.php(99): Illuminate\\Pipeline\\Pipeline->Illuminate\\Pipeline\\{closure}(Object(Illuminate\\Http\\Request))
#57 /Users/recycle/work/htain-thein-be/vendor/laravel/framework/src/Illuminate/Pipeline/Pipeline.php(183): Illuminate\\Foundation\\Http\\Middleware\\PreventRequestsDuringMaintenance->handle(Object(Illuminate\\Http\\Request), Object(Closure))
#58 /Users/recycle/work/htain-thein-be/vendor/laravel/framework/src/Illuminate/Http/Middleware/HandleCors.php(62): Illuminate\\Pipeline\\Pipeline->Illuminate\\Pipeline\\{closure}(Object(Illuminate\\Http\\Request))
#59 /Users/recycle/work/htain-thein-be/vendor/laravel/framework/src/Illuminate/Pipeline/Pipeline.php(183): Illuminate\\Http\\Middleware\\HandleCors->handle(Object(Illuminate\\Http\\Request), Object(Closure))
#60 /Users/recycle/work/htain-thein-be/vendor/laravel/framework/src/Illuminate/Http/Middleware/TrustProxies.php(39): Illuminate\\Pipeline\\Pipeline->Illuminate\\Pipeline\\{closure}(Object(Illuminate\\Http\\Request))
#61 /Users/recycle/work/htain-thein-be/vendor/laravel/framework/src/Illuminate/Pipeline/Pipeline.php(183): Illuminate\\Http\\Middleware\\TrustProxies->handle(Object(Illuminate\\Http\\Request), Object(Closure))
#62 /Users/recycle/work/htain-thein-be/vendor/laravel/framework/src/Illuminate/Pipeline/Pipeline.php(119): Illuminate\\Pipeline\\Pipeline->Illuminate\\Pipeline\\{closure}(Object(Illuminate\\Http\\Request))
#63 /Users/recycle/work/htain-thein-be/vendor/laravel/framework/src/Illuminate/Foundation/Http/Kernel.php(175): Illuminate\\Pipeline\\Pipeline->then(Object(Closure))
#64 /Users/recycle/work/htain-thein-be/vendor/laravel/framework/src/Illuminate/Foundation/Http/Kernel.php(144): Illuminate\\Foundation\\Http\\Kernel->sendRequestThroughRouter(Object(Illuminate\\Http\\Request))
#65 /Users/recycle/work/htain-thein-be/public/index.php(51): Illuminate\\Foundation\\Http\\Kernel->handle(Object(Illuminate\\Http\\Request))
#66 /Users/recycle/work/htain-thein-be/vendor/laravel/framework/src/Illuminate/Foundation/resources/server.php(16): require_once('/Users/recycle/...')
#67 {main}
"} 
[2025-01-21 13:22:57] local.ERROR: The HTTP status code "0" is not valid. {"userId":1,"exception":"[object] (InvalidArgumentException(code: 0): The HTTP status code \"0\" is not valid. at /Users/recycle/work/htain-thein-be/vendor/symfony/http-foundation/Response.php:502)
[stacktrace]
#0 /Users/recycle/work/htain-thein-be/vendor/symfony/http-foundation/Response.php(228): Symfony\\Component\\HttpFoundation\\Response->setStatusCode(0)
#1 /Users/recycle/work/htain-thein-be/vendor/symfony/http-foundation/JsonResponse.php(41): Symfony\\Component\\HttpFoundation\\Response->__construct('', 0, Array)
#2 /Users/recycle/work/htain-thein-be/vendor/laravel/framework/src/Illuminate/Http/JsonResponse.php(32): Symfony\\Component\\HttpFoundation\\JsonResponse->__construct(Array, 0, Array, false)
#3 /Users/recycle/work/htain-thein-be/vendor/laravel/framework/src/Illuminate/Routing/ResponseFactory.php(102): Illuminate\\Http\\JsonResponse->__construct(Array, 0, Array, 0)
#4 /Users/recycle/work/htain-thein-be/app/Exceptions/Handler.php(89): Illuminate\\Routing\\ResponseFactory->json(Array, 0)
#5 /Users/recycle/work/htain-thein-be/vendor/laravel/framework/src/Illuminate/Routing/Pipeline.php(51): App\\Exceptions\\Handler->render(Object(Illuminate\\Http\\Request), Object(App\\Exceptions\\CustomErrorException))
#6 /Users/recycle/work/htain-thein-be/vendor/laravel/framework/src/Illuminate/Pipeline/Pipeline.php(146): Illuminate\\Routing\\Pipeline->handleException(Object(Illuminate\\Http\\Request), Object(App\\Exceptions\\CustomErrorException))
#7 /Users/recycle/work/htain-thein-be/vendor/laravel/framework/src/Illuminate/Routing/Middleware/SubstituteBindings.php(50): Illuminate\\Pipeline\\Pipeline->Illuminate\\Pipeline\\{closure}(Object(Illuminate\\Http\\Request))
#8 /Users/recycle/work/htain-thein-be/vendor/laravel/framework/src/Illuminate/Pipeline/Pipeline.php(183): Illuminate\\Routing\\Middleware\\SubstituteBindings->handle(Object(Illuminate\\Http\\Request), Object(Closure))
#9 /Users/recycle/work/htain-thein-be/vendor/laravel/framework/src/Illuminate/Routing/Middleware/ThrottleRequests.php(159): Illuminate\\Pipeline\\Pipeline->Illuminate\\Pipeline\\{closure}(Object(Illuminate\\Http\\Request))
#10 /Users/recycle/work/htain-thein-be/vendor/laravel/framework/src/Illuminate/Routing/Middleware/ThrottleRequests.php(125): Illuminate\\Routing\\Middleware\\ThrottleRequests->handleRequest(Object(Illuminate\\Http\\Request), Object(Closure), Array)
#11 /Users/recycle/work/htain-thein-be/vendor/laravel/framework/src/Illuminate/Routing/Middleware/ThrottleRequests.php(87): Illuminate\\Routing\\Middleware\\ThrottleRequests->handleRequestUsingNamedLimiter(Object(Illuminate\\Http\\Request), Object(Closure), 'api', Object(Closure))
#12 /Users/recycle/work/htain-thein-be/vendor/laravel/framework/src/Illuminate/Pipeline/Pipeline.php(183): Illuminate\\Routing\\Middleware\\ThrottleRequests->handle(Object(Illuminate\\Http\\Request), Object(Closure), 'api')
#13 /Users/recycle/work/htain-thein-be/vendor/laravel/framework/src/Illuminate/Auth/Middleware/Authenticate.php(57): Illuminate\\Pipeline\\Pipeline->Illuminate\\Pipeline\\{closure}(Object(Illuminate\\Http\\Request))
#14 /Users/recycle/work/htain-thein-be/vendor/laravel/framework/src/Illuminate/Pipeline/Pipeline.php(183): Illuminate\\Auth\\Middleware\\Authenticate->handle(Object(Illuminate\\Http\\Request), Object(Closure), 'sanctum')
#15 /Users/recycle/work/htain-thein-be/vendor/laravel/sanctum/src/Http/Middleware/EnsureFrontendRequestsAreStateful.php(25): Illuminate\\Pipeline\\Pipeline->Illuminate\\Pipeline\\{closure}(Object(Illuminate\\Http\\Request))
#16 /Users/recycle/work/htain-thein-be/vendor/laravel/framework/src/Illuminate/Pipeline/Pipeline.php(144): Laravel\\Sanctum\\Http\\Middleware\\EnsureFrontendRequestsAreStateful->Laravel\\Sanctum\\Http\\Middleware\\{closure}(Object(Illuminate\\Http\\Request))
#17 /Users/recycle/work/htain-thein-be/vendor/laravel/framework/src/Illuminate/Pipeline/Pipeline.php(119): Illuminate\\Pipeline\\Pipeline->Illuminate\\Pipeline\\{closure}(Object(Illuminate\\Http\\Request))
#18 /Users/recycle/work/htain-thein-be/vendor/laravel/sanctum/src/Http/Middleware/EnsureFrontendRequestsAreStateful.php(24): Illuminate\\Pipeline\\Pipeline->then(Object(Closure))
#19 /Users/recycle/work/htain-thein-be/vendor/laravel/framework/src/Illuminate/Pipeline/Pipeline.php(183): Laravel\\Sanctum\\Http\\Middleware\\EnsureFrontendRequestsAreStateful->handle(Object(Illuminate\\Http\\Request), Object(Closure))
#20 /Users/recycle/work/htain-thein-be/vendor/laravel/framework/src/Illuminate/Pipeline/Pipeline.php(119): Illuminate\\Pipeline\\Pipeline->Illuminate\\Pipeline\\{closure}(Object(Illuminate\\Http\\Request))
#21 /Users/recycle/work/htain-thein-be/vendor/laravel/framework/src/Illuminate/Routing/Router.php(805): Illuminate\\Pipeline\\Pipeline->then(Object(Closure))
#22 /Users/recycle/work/htain-thein-be/vendor/laravel/framework/src/Illuminate/Routing/Router.php(784): Illuminate\\Routing\\Router->runRouteWithinStack(Object(Illuminate\\Routing\\Route), Object(Illuminate\\Http\\Request))
#23 /Users/recycle/work/htain-thein-be/vendor/laravel/framework/src/Illuminate/Routing/Router.php(748): Illuminate\\Routing\\Router->runRoute(Object(Illuminate\\Http\\Request), Object(Illuminate\\Routing\\Route))
#24 /Users/recycle/work/htain-thein-be/vendor/laravel/framework/src/Illuminate/Routing/Router.php(737): Illuminate\\Routing\\Router->dispatchToRoute(Object(Illuminate\\Http\\Request))
#25 /Users/recycle/work/htain-thein-be/vendor/laravel/framework/src/Illuminate/Foundation/Http/Kernel.php(200): Illuminate\\Routing\\Router->dispatch(Object(Illuminate\\Http\\Request))
#26 /Users/recycle/work/htain-thein-be/vendor/laravel/framework/src/Illuminate/Pipeline/Pipeline.php(144): Illuminate\\Foundation\\Http\\Kernel->Illuminate\\Foundation\\Http\\{closure}(Object(Illuminate\\Http\\Request))
#27 /Users/recycle/work/htain-thein-be/vendor/laravel/framework/src/Illuminate/View/Middleware/ShareErrorsFromSession.php(49): Illuminate\\Pipeline\\Pipeline->Illuminate\\Pipeline\\{closure}(Object(Illuminate\\Http\\Request))
#28 /Users/recycle/work/htain-thein-be/vendor/laravel/framework/src/Illuminate/Pipeline/Pipeline.php(183): Illuminate\\View\\Middleware\\ShareErrorsFromSession->handle(Object(Illuminate\\Http\\Request), Object(Closure))
#29 /Users/recycle/work/htain-thein-be/vendor/laravel/framework/src/Illuminate/Session/Middleware/StartSession.php(121): Illuminate\\Pipeline\\Pipeline->Illuminate\\Pipeline\\{closure}(Object(Illuminate\\Http\\Request))
#30 /Users/recycle/work/htain-thein-be/vendor/laravel/framework/src/Illuminate/Session/Middleware/StartSession.php(64): Illuminate\\Session\\Middleware\\StartSession->handleStatefulRequest(Object(Illuminate\\Http\\Request), Object(Illuminate\\Session\\Store), Object(Closure))
#31 /Users/recycle/work/htain-thein-be/vendor/laravel/framework/src/Illuminate/Pipeline/Pipeline.php(183): Illuminate\\Session\\Middleware\\StartSession->handle(Object(Illuminate\\Http\\Request), Object(Closure))
#32 /Users/recycle/work/htain-thein-be/vendor/laravel/framework/src/Illuminate/Foundation/Http/Middleware/TransformsRequest.php(21): Illuminate\\Pipeline\\Pipeline->Illuminate\\Pipeline\\{closure}(Object(Illuminate\\Http\\Request))
#33 /Users/recycle/work/htain-thein-be/vendor/laravel/framework/src/Illuminate/Foundation/Http/Middleware/ConvertEmptyStringsToNull.php(31): Illuminate\\Foundation\\Http\\Middleware\\TransformsRequest->handle(Object(Illuminate\\Http\\Request), Object(Closure))
#34 /Users/recycle/work/htain-thein-be/vendor/laravel/framework/src/Illuminate/Pipeline/Pipeline.php(183): Illuminate\\Foundation\\Http\\Middleware\\ConvertEmptyStringsToNull->handle(Object(Illuminate\\Http\\Request), Object(Closure))
#35 /Users/recycle/work/htain-thein-be/vendor/laravel/framework/src/Illuminate/Foundation/Http/Middleware/TransformsRequest.php(21): Illuminate\\Pipeline\\Pipeline->Illuminate\\Pipeline\\{closure}(Object(Illuminate\\Http\\Request))
#36 /Users/recycle/work/htain-thein-be/vendor/laravel/framework/src/Illuminate/Foundation/Http/Middleware/TrimStrings.php(40): Illuminate\\Foundation\\Http\\Middleware\\TransformsRequest->handle(Object(Illuminate\\Http\\Request), Object(Closure))
#37 /Users/recycle/work/htain-thein-be/vendor/laravel/framework/src/Illuminate/Pipeline/Pipeline.php(183): Illuminate\\Foundation\\Http\\Middleware\\TrimStrings->handle(Object(Illuminate\\Http\\Request), Object(Closure))
#38 /Users/recycle/work/htain-thein-be/vendor/laravel/framework/src/Illuminate/Foundation/Http/Middleware/ValidatePostSize.php(27): Illuminate\\Pipeline\\Pipeline->Illuminate\\Pipeline\\{closure}(Object(Illuminate\\Http\\Request))
#39 /Users/recycle/work/htain-thein-be/vendor/laravel/framework/src/Illuminate/Pipeline/Pipeline.php(183): Illuminate\\Foundation\\Http\\Middleware\\ValidatePostSize->handle(Object(Illuminate\\Http\\Request), Object(Closure))
#40 /Users/recycle/work/htain-thein-be/vendor/laravel/framework/src/Illuminate/Foundation/Http/Middleware/PreventRequestsDuringMaintenance.php(99): Illuminate\\Pipeline\\Pipeline->Illuminate\\Pipeline\\{closure}(Object(Illuminate\\Http\\Request))
#41 /Users/recycle/work/htain-thein-be/vendor/laravel/framework/src/Illuminate/Pipeline/Pipeline.php(183): Illuminate\\Foundation\\Http\\Middleware\\PreventRequestsDuringMaintenance->handle(Object(Illuminate\\Http\\Request), Object(Closure))
#42 /Users/recycle/work/htain-thein-be/vendor/laravel/framework/src/Illuminate/Http/Middleware/HandleCors.php(62): Illuminate\\Pipeline\\Pipeline->Illuminate\\Pipeline\\{closure}(Object(Illuminate\\Http\\Request))
#43 /Users/recycle/work/htain-thein-be/vendor/laravel/framework/src/Illuminate/Pipeline/Pipeline.php(183): Illuminate\\Http\\Middleware\\HandleCors->handle(Object(Illuminate\\Http\\Request), Object(Closure))
#44 /Users/recycle/work/htain-thein-be/vendor/laravel/framework/src/Illuminate/Http/Middleware/TrustProxies.php(39): Illuminate\\Pipeline\\Pipeline->Illuminate\\Pipeline\\{closure}(Object(Illuminate\\Http\\Request))
#45 /Users/recycle/work/htain-thein-be/vendor/laravel/framework/src/Illuminate/Pipeline/Pipeline.php(183): Illuminate\\Http\\Middleware\\TrustProxies->handle(Object(Illuminate\\Http\\Request), Object(Closure))
#46 /Users/recycle/work/htain-thein-be/vendor/laravel/framework/src/Illuminate/Pipeline/Pipeline.php(119): Illuminate\\Pipeline\\Pipeline->Illuminate\\Pipeline\\{closure}(Object(Illuminate\\Http\\Request))
#47 /Users/recycle/work/htain-thein-be/vendor/laravel/framework/src/Illuminate/Foundation/Http/Kernel.php(175): Illuminate\\Pipeline\\Pipeline->then(Object(Closure))
#48 /Users/recycle/work/htain-thein-be/vendor/laravel/framework/src/Illuminate/Foundation/Http/Kernel.php(144): Illuminate\\Foundation\\Http\\Kernel->sendRequestThroughRouter(Object(Illuminate\\Http\\Request))
#49 /Users/recycle/work/htain-thein-be/public/index.php(51): Illuminate\\Foundation\\Http\\Kernel->handle(Object(Illuminate\\Http\\Request))
#50 /Users/recycle/work/htain-thein-be/vendor/laravel/framework/src/Illuminate/Foundation/resources/server.php(16): require_once('/Users/recycle/...')
#51 {main}
"} 
[2025-01-21 13:24:44] local.ERROR: The $date parameter must be a string, a DateTimeInterface instance, or null. {"userId":1,"exception":"[object] (App\\Exceptions\\CustomErrorException(code: 0): The $date parameter must be a string, a DateTimeInterface instance, or null. at /Users/recycle/work/htain-thein-be/App/Helpers/DateChangeHelper.php:15)
[stacktrace]
#0 /Users/recycle/work/htain-thein-be/app/Http/Resources/NotificationReadResource.php(21): changeToDifferForHuman(NULL)
#1 /Users/recycle/work/htain-thein-be/vendor/laravel/framework/src/Illuminate/Collections/HigherOrderCollectionProxy.php(60): App\\Http\\Resources\\NotificationReadResource->toArray(Object(Illuminate\\Http\\Request))
#2 [internal function]: Illuminate\\Support\\HigherOrderCollectionProxy->Illuminate\\Support\\{closure}(Object(App\\Http\\Resources\\NotificationReadResource), 0)
#3 /Users/recycle/work/htain-thein-be/vendor/laravel/framework/src/Illuminate/Collections/Arr.php(600): array_map(Object(Closure), Array, Array)
#4 /Users/recycle/work/htain-thein-be/vendor/laravel/framework/src/Illuminate/Collections/Collection.php(778): Illuminate\\Support\\Arr::map(Array, Object(Closure))
#5 /Users/recycle/work/htain-thein-be/vendor/laravel/framework/src/Illuminate/Collections/HigherOrderCollectionProxy.php(59): Illuminate\\Support\\Collection->map(Object(Closure))
#6 /Users/recycle/work/htain-thein-be/vendor/laravel/framework/src/Illuminate/Http/Resources/Json/ResourceCollection.php(102): Illuminate\\Support\\HigherOrderCollectionProxy->__call('toArray', Array)
#7 /Users/recycle/work/htain-thein-be/vendor/laravel/framework/src/Illuminate/Http/Resources/Json/JsonResource.php(108): Illuminate\\Http\\Resources\\Json\\ResourceCollection->toArray(Object(Illuminate\\Http\\Request))
#8 /Users/recycle/work/htain-thein-be/vendor/laravel/framework/src/Illuminate/Http/Resources/Json/JsonResource.php(255): Illuminate\\Http\\Resources\\Json\\JsonResource->resolve(Object(Illuminate\\Http\\Request))
#9 [internal function]: Illuminate\\Http\\Resources\\Json\\JsonResource->jsonSerialize()
#10 /Users/recycle/work/htain-thein-be/vendor/laravel/framework/src/Illuminate/Http/JsonResponse.php(84): json_encode(Array, 0)
#11 /Users/recycle/work/htain-thein-be/vendor/symfony/http-foundation/JsonResponse.php(49): Illuminate\\Http\\JsonResponse->setData(Array)
#12 /Users/recycle/work/htain-thein-be/vendor/laravel/framework/src/Illuminate/Http/JsonResponse.php(32): Symfony\\Component\\HttpFoundation\\JsonResponse->__construct(Array, 200, Array, false)
#13 /Users/recycle/work/htain-thein-be/vendor/laravel/framework/src/Illuminate/Routing/ResponseFactory.php(102): Illuminate\\Http\\JsonResponse->__construct(Array, 200, Array, 0)
#14 /Users/recycle/work/htain-thein-be/app/Services/NotificationInfo/GetAllNotificationsService.php(18): Illuminate\\Routing\\ResponseFactory->json(Array)
#15 /Users/recycle/work/htain-thein-be/app/UseCases/NotiInfo/NotiInfoAction.php(70): App\\Services\\NotificationInfo\\GetAllNotificationsService->__invoke(Object(App\\Repositories\\Notification\\NotificationRepository), Array, 1)
#16 /Users/recycle/work/htain-thein-be/app/Http/Controllers/Api/NotiInfoController.php(33): App\\UseCases\\NotiInfo\\NotiInfoAction->getAllNotifications(Array, 1)
#17 /Users/recycle/work/htain-thein-be/vendor/laravel/framework/src/Illuminate/Routing/Controller.php(54): App\\Http\\Controllers\\Api\\NotiInfoController->index(Object(App\\Http\\Requests\\V1\\App\\NotificationInfo\\FetchAllNotificationRequest))
#18 /Users/recycle/work/htain-thein-be/vendor/laravel/framework/src/Illuminate/Routing/ControllerDispatcher.php(43): Illuminate\\Routing\\Controller->callAction('index', Array)
#19 /Users/recycle/work/htain-thein-be/vendor/laravel/framework/src/Illuminate/Routing/Route.php(259): Illuminate\\Routing\\ControllerDispatcher->dispatch(Object(Illuminate\\Routing\\Route), Object(App\\Http\\Controllers\\Api\\NotiInfoController), 'index')
#20 /Users/recycle/work/htain-thein-be/vendor/laravel/framework/src/Illuminate/Routing/Route.php(205): Illuminate\\Routing\\Route->runController()
#21 /Users/recycle/work/htain-thein-be/vendor/laravel/framework/src/Illuminate/Routing/Router.php(806): Illuminate\\Routing\\Route->run()
#22 /Users/recycle/work/htain-thein-be/vendor/laravel/framework/src/Illuminate/Pipeline/Pipeline.php(144): Illuminate\\Routing\\Router->Illuminate\\Routing\\{closure}(Object(Illuminate\\Http\\Request))
#23 /Users/recycle/work/htain-thein-be/vendor/laravel/framework/src/Illuminate/Routing/Middleware/SubstituteBindings.php(50): Illuminate\\Pipeline\\Pipeline->Illuminate\\Pipeline\\{closure}(Object(Illuminate\\Http\\Request))
#24 /Users/recycle/work/htain-thein-be/vendor/laravel/framework/src/Illuminate/Pipeline/Pipeline.php(183): Illuminate\\Routing\\Middleware\\SubstituteBindings->handle(Object(Illuminate\\Http\\Request), Object(Closure))
#25 /Users/recycle/work/htain-thein-be/vendor/laravel/framework/src/Illuminate/Routing/Middleware/ThrottleRequests.php(159): Illuminate\\Pipeline\\Pipeline->Illuminate\\Pipeline\\{closure}(Object(Illuminate\\Http\\Request))
#26 /Users/recycle/work/htain-thein-be/vendor/laravel/framework/src/Illuminate/Routing/Middleware/ThrottleRequests.php(125): Illuminate\\Routing\\Middleware\\ThrottleRequests->handleRequest(Object(Illuminate\\Http\\Request), Object(Closure), Array)
#27 /Users/recycle/work/htain-thein-be/vendor/laravel/framework/src/Illuminate/Routing/Middleware/ThrottleRequests.php(87): Illuminate\\Routing\\Middleware\\ThrottleRequests->handleRequestUsingNamedLimiter(Object(Illuminate\\Http\\Request), Object(Closure), 'api', Object(Closure))
#28 /Users/recycle/work/htain-thein-be/vendor/laravel/framework/src/Illuminate/Pipeline/Pipeline.php(183): Illuminate\\Routing\\Middleware\\ThrottleRequests->handle(Object(Illuminate\\Http\\Request), Object(Closure), 'api')
#29 /Users/recycle/work/htain-thein-be/vendor/laravel/framework/src/Illuminate/Auth/Middleware/Authenticate.php(57): Illuminate\\Pipeline\\Pipeline->Illuminate\\Pipeline\\{closure}(Object(Illuminate\\Http\\Request))
#30 /Users/recycle/work/htain-thein-be/vendor/laravel/framework/src/Illuminate/Pipeline/Pipeline.php(183): Illuminate\\Auth\\Middleware\\Authenticate->handle(Object(Illuminate\\Http\\Request), Object(Closure), 'sanctum')
#31 /Users/recycle/work/htain-thein-be/vendor/laravel/sanctum/src/Http/Middleware/EnsureFrontendRequestsAreStateful.php(25): Illuminate\\Pipeline\\Pipeline->Illuminate\\Pipeline\\{closure}(Object(Illuminate\\Http\\Request))
#32 /Users/recycle/work/htain-thein-be/vendor/laravel/framework/src/Illuminate/Pipeline/Pipeline.php(144): Laravel\\Sanctum\\Http\\Middleware\\EnsureFrontendRequestsAreStateful->Laravel\\Sanctum\\Http\\Middleware\\{closure}(Object(Illuminate\\Http\\Request))
#33 /Users/recycle/work/htain-thein-be/vendor/laravel/framework/src/Illuminate/Pipeline/Pipeline.php(119): Illuminate\\Pipeline\\Pipeline->Illuminate\\Pipeline\\{closure}(Object(Illuminate\\Http\\Request))
#34 /Users/recycle/work/htain-thein-be/vendor/laravel/sanctum/src/Http/Middleware/EnsureFrontendRequestsAreStateful.php(24): Illuminate\\Pipeline\\Pipeline->then(Object(Closure))
#35 /Users/recycle/work/htain-thein-be/vendor/laravel/framework/src/Illuminate/Pipeline/Pipeline.php(183): Laravel\\Sanctum\\Http\\Middleware\\EnsureFrontendRequestsAreStateful->handle(Object(Illuminate\\Http\\Request), Object(Closure))
#36 /Users/recycle/work/htain-thein-be/vendor/laravel/framework/src/Illuminate/Pipeline/Pipeline.php(119): Illuminate\\Pipeline\\Pipeline->Illuminate\\Pipeline\\{closure}(Object(Illuminate\\Http\\Request))
#37 /Users/recycle/work/htain-thein-be/vendor/laravel/framework/src/Illuminate/Routing/Router.php(805): Illuminate\\Pipeline\\Pipeline->then(Object(Closure))
#38 /Users/recycle/work/htain-thein-be/vendor/laravel/framework/src/Illuminate/Routing/Router.php(784): Illuminate\\Routing\\Router->runRouteWithinStack(Object(Illuminate\\Routing\\Route), Object(Illuminate\\Http\\Request))
#39 /Users/recycle/work/htain-thein-be/vendor/laravel/framework/src/Illuminate/Routing/Router.php(748): Illuminate\\Routing\\Router->runRoute(Object(Illuminate\\Http\\Request), Object(Illuminate\\Routing\\Route))
#40 /Users/recycle/work/htain-thein-be/vendor/laravel/framework/src/Illuminate/Routing/Router.php(737): Illuminate\\Routing\\Router->dispatchToRoute(Object(Illuminate\\Http\\Request))
#41 /Users/recycle/work/htain-thein-be/vendor/laravel/framework/src/Illuminate/Foundation/Http/Kernel.php(200): Illuminate\\Routing\\Router->dispatch(Object(Illuminate\\Http\\Request))
#42 /Users/recycle/work/htain-thein-be/vendor/laravel/framework/src/Illuminate/Pipeline/Pipeline.php(144): Illuminate\\Foundation\\Http\\Kernel->Illuminate\\Foundation\\Http\\{closure}(Object(Illuminate\\Http\\Request))
#43 /Users/recycle/work/htain-thein-be/vendor/laravel/framework/src/Illuminate/View/Middleware/ShareErrorsFromSession.php(49): Illuminate\\Pipeline\\Pipeline->Illuminate\\Pipeline\\{closure}(Object(Illuminate\\Http\\Request))
#44 /Users/recycle/work/htain-thein-be/vendor/laravel/framework/src/Illuminate/Pipeline/Pipeline.php(183): Illuminate\\View\\Middleware\\ShareErrorsFromSession->handle(Object(Illuminate\\Http\\Request), Object(Closure))
#45 /Users/recycle/work/htain-thein-be/vendor/laravel/framework/src/Illuminate/Session/Middleware/StartSession.php(121): Illuminate\\Pipeline\\Pipeline->Illuminate\\Pipeline\\{closure}(Object(Illuminate\\Http\\Request))
#46 /Users/recycle/work/htain-thein-be/vendor/laravel/framework/src/Illuminate/Session/Middleware/StartSession.php(64): Illuminate\\Session\\Middleware\\StartSession->handleStatefulRequest(Object(Illuminate\\Http\\Request), Object(Illuminate\\Session\\Store), Object(Closure))
#47 /Users/recycle/work/htain-thein-be/vendor/laravel/framework/src/Illuminate/Pipeline/Pipeline.php(183): Illuminate\\Session\\Middleware\\StartSession->handle(Object(Illuminate\\Http\\Request), Object(Closure))
#48 /Users/recycle/work/htain-thein-be/vendor/laravel/framework/src/Illuminate/Foundation/Http/Middleware/TransformsRequest.php(21): Illuminate\\Pipeline\\Pipeline->Illuminate\\Pipeline\\{closure}(Object(Illuminate\\Http\\Request))
#49 /Users/recycle/work/htain-thein-be/vendor/laravel/framework/src/Illuminate/Foundation/Http/Middleware/ConvertEmptyStringsToNull.php(31): Illuminate\\Foundation\\Http\\Middleware\\TransformsRequest->handle(Object(Illuminate\\Http\\Request), Object(Closure))
#50 /Users/recycle/work/htain-thein-be/vendor/laravel/framework/src/Illuminate/Pipeline/Pipeline.php(183): Illuminate\\Foundation\\Http\\Middleware\\ConvertEmptyStringsToNull->handle(Object(Illuminate\\Http\\Request), Object(Closure))
#51 /Users/recycle/work/htain-thein-be/vendor/laravel/framework/src/Illuminate/Foundation/Http/Middleware/TransformsRequest.php(21): Illuminate\\Pipeline\\Pipeline->Illuminate\\Pipeline\\{closure}(Object(Illuminate\\Http\\Request))
#52 /Users/recycle/work/htain-thein-be/vendor/laravel/framework/src/Illuminate/Foundation/Http/Middleware/TrimStrings.php(40): Illuminate\\Foundation\\Http\\Middleware\\TransformsRequest->handle(Object(Illuminate\\Http\\Request), Object(Closure))
#53 /Users/recycle/work/htain-thein-be/vendor/laravel/framework/src/Illuminate/Pipeline/Pipeline.php(183): Illuminate\\Foundation\\Http\\Middleware\\TrimStrings->handle(Object(Illuminate\\Http\\Request), Object(Closure))
#54 /Users/recycle/work/htain-thein-be/vendor/laravel/framework/src/Illuminate/Foundation/Http/Middleware/ValidatePostSize.php(27): Illuminate\\Pipeline\\Pipeline->Illuminate\\Pipeline\\{closure}(Object(Illuminate\\Http\\Request))
#55 /Users/recycle/work/htain-thein-be/vendor/laravel/framework/src/Illuminate/Pipeline/Pipeline.php(183): Illuminate\\Foundation\\Http\\Middleware\\ValidatePostSize->handle(Object(Illuminate\\Http\\Request), Object(Closure))
#56 /Users/recycle/work/htain-thein-be/vendor/laravel/framework/src/Illuminate/Foundation/Http/Middleware/PreventRequestsDuringMaintenance.php(99): Illuminate\\Pipeline\\Pipeline->Illuminate\\Pipeline\\{closure}(Object(Illuminate\\Http\\Request))
#57 /Users/recycle/work/htain-thein-be/vendor/laravel/framework/src/Illuminate/Pipeline/Pipeline.php(183): Illuminate\\Foundation\\Http\\Middleware\\PreventRequestsDuringMaintenance->handle(Object(Illuminate\\Http\\Request), Object(Closure))
#58 /Users/recycle/work/htain-thein-be/vendor/laravel/framework/src/Illuminate/Http/Middleware/HandleCors.php(62): Illuminate\\Pipeline\\Pipeline->Illuminate\\Pipeline\\{closure}(Object(Illuminate\\Http\\Request))
#59 /Users/recycle/work/htain-thein-be/vendor/laravel/framework/src/Illuminate/Pipeline/Pipeline.php(183): Illuminate\\Http\\Middleware\\HandleCors->handle(Object(Illuminate\\Http\\Request), Object(Closure))
#60 /Users/recycle/work/htain-thein-be/vendor/laravel/framework/src/Illuminate/Http/Middleware/TrustProxies.php(39): Illuminate\\Pipeline\\Pipeline->Illuminate\\Pipeline\\{closure}(Object(Illuminate\\Http\\Request))
#61 /Users/recycle/work/htain-thein-be/vendor/laravel/framework/src/Illuminate/Pipeline/Pipeline.php(183): Illuminate\\Http\\Middleware\\TrustProxies->handle(Object(Illuminate\\Http\\Request), Object(Closure))
#62 /Users/recycle/work/htain-thein-be/vendor/laravel/framework/src/Illuminate/Pipeline/Pipeline.php(119): Illuminate\\Pipeline\\Pipeline->Illuminate\\Pipeline\\{closure}(Object(Illuminate\\Http\\Request))
#63 /Users/recycle/work/htain-thein-be/vendor/laravel/framework/src/Illuminate/Foundation/Http/Kernel.php(175): Illuminate\\Pipeline\\Pipeline->then(Object(Closure))
#64 /Users/recycle/work/htain-thein-be/vendor/laravel/framework/src/Illuminate/Foundation/Http/Kernel.php(144): Illuminate\\Foundation\\Http\\Kernel->sendRequestThroughRouter(Object(Illuminate\\Http\\Request))
#65 /Users/recycle/work/htain-thein-be/public/index.php(51): Illuminate\\Foundation\\Http\\Kernel->handle(Object(Illuminate\\Http\\Request))
#66 /Users/recycle/work/htain-thein-be/vendor/laravel/framework/src/Illuminate/Foundation/resources/server.php(16): require_once('/Users/recycle/...')
#67 {main}
"} 
[2025-01-21 13:24:44] local.ERROR: The HTTP status code "0" is not valid. {"userId":1,"exception":"[object] (InvalidArgumentException(code: 0): The HTTP status code \"0\" is not valid. at /Users/recycle/work/htain-thein-be/vendor/symfony/http-foundation/Response.php:502)
[stacktrace]
#0 /Users/recycle/work/htain-thein-be/vendor/symfony/http-foundation/Response.php(228): Symfony\\Component\\HttpFoundation\\Response->setStatusCode(0)
#1 /Users/recycle/work/htain-thein-be/vendor/symfony/http-foundation/JsonResponse.php(41): Symfony\\Component\\HttpFoundation\\Response->__construct('', 0, Array)
#2 /Users/recycle/work/htain-thein-be/vendor/laravel/framework/src/Illuminate/Http/JsonResponse.php(32): Symfony\\Component\\HttpFoundation\\JsonResponse->__construct(Array, 0, Array, false)
#3 /Users/recycle/work/htain-thein-be/vendor/laravel/framework/src/Illuminate/Routing/ResponseFactory.php(102): Illuminate\\Http\\JsonResponse->__construct(Array, 0, Array, 0)
#4 /Users/recycle/work/htain-thein-be/app/Exceptions/Handler.php(89): Illuminate\\Routing\\ResponseFactory->json(Array, 0)
#5 /Users/recycle/work/htain-thein-be/vendor/laravel/framework/src/Illuminate/Routing/Pipeline.php(51): App\\Exceptions\\Handler->render(Object(Illuminate\\Http\\Request), Object(App\\Exceptions\\CustomErrorException))
#6 /Users/recycle/work/htain-thein-be/vendor/laravel/framework/src/Illuminate/Pipeline/Pipeline.php(146): Illuminate\\Routing\\Pipeline->handleException(Object(Illuminate\\Http\\Request), Object(App\\Exceptions\\CustomErrorException))
#7 /Users/recycle/work/htain-thein-be/vendor/laravel/framework/src/Illuminate/Routing/Middleware/SubstituteBindings.php(50): Illuminate\\Pipeline\\Pipeline->Illuminate\\Pipeline\\{closure}(Object(Illuminate\\Http\\Request))
#8 /Users/recycle/work/htain-thein-be/vendor/laravel/framework/src/Illuminate/Pipeline/Pipeline.php(183): Illuminate\\Routing\\Middleware\\SubstituteBindings->handle(Object(Illuminate\\Http\\Request), Object(Closure))
#9 /Users/recycle/work/htain-thein-be/vendor/laravel/framework/src/Illuminate/Routing/Middleware/ThrottleRequests.php(159): Illuminate\\Pipeline\\Pipeline->Illuminate\\Pipeline\\{closure}(Object(Illuminate\\Http\\Request))
#10 /Users/recycle/work/htain-thein-be/vendor/laravel/framework/src/Illuminate/Routing/Middleware/ThrottleRequests.php(125): Illuminate\\Routing\\Middleware\\ThrottleRequests->handleRequest(Object(Illuminate\\Http\\Request), Object(Closure), Array)
#11 /Users/recycle/work/htain-thein-be/vendor/laravel/framework/src/Illuminate/Routing/Middleware/ThrottleRequests.php(87): Illuminate\\Routing\\Middleware\\ThrottleRequests->handleRequestUsingNamedLimiter(Object(Illuminate\\Http\\Request), Object(Closure), 'api', Object(Closure))
#12 /Users/recycle/work/htain-thein-be/vendor/laravel/framework/src/Illuminate/Pipeline/Pipeline.php(183): Illuminate\\Routing\\Middleware\\ThrottleRequests->handle(Object(Illuminate\\Http\\Request), Object(Closure), 'api')
#13 /Users/recycle/work/htain-thein-be/vendor/laravel/framework/src/Illuminate/Auth/Middleware/Authenticate.php(57): Illuminate\\Pipeline\\Pipeline->Illuminate\\Pipeline\\{closure}(Object(Illuminate\\Http\\Request))
#14 /Users/recycle/work/htain-thein-be/vendor/laravel/framework/src/Illuminate/Pipeline/Pipeline.php(183): Illuminate\\Auth\\Middleware\\Authenticate->handle(Object(Illuminate\\Http\\Request), Object(Closure), 'sanctum')
#15 /Users/recycle/work/htain-thein-be/vendor/laravel/sanctum/src/Http/Middleware/EnsureFrontendRequestsAreStateful.php(25): Illuminate\\Pipeline\\Pipeline->Illuminate\\Pipeline\\{closure}(Object(Illuminate\\Http\\Request))
#16 /Users/recycle/work/htain-thein-be/vendor/laravel/framework/src/Illuminate/Pipeline/Pipeline.php(144): Laravel\\Sanctum\\Http\\Middleware\\EnsureFrontendRequestsAreStateful->Laravel\\Sanctum\\Http\\Middleware\\{closure}(Object(Illuminate\\Http\\Request))
#17 /Users/recycle/work/htain-thein-be/vendor/laravel/framework/src/Illuminate/Pipeline/Pipeline.php(119): Illuminate\\Pipeline\\Pipeline->Illuminate\\Pipeline\\{closure}(Object(Illuminate\\Http\\Request))
#18 /Users/recycle/work/htain-thein-be/vendor/laravel/sanctum/src/Http/Middleware/EnsureFrontendRequestsAreStateful.php(24): Illuminate\\Pipeline\\Pipeline->then(Object(Closure))
#19 /Users/recycle/work/htain-thein-be/vendor/laravel/framework/src/Illuminate/Pipeline/Pipeline.php(183): Laravel\\Sanctum\\Http\\Middleware\\EnsureFrontendRequestsAreStateful->handle(Object(Illuminate\\Http\\Request), Object(Closure))
#20 /Users/recycle/work/htain-thein-be/vendor/laravel/framework/src/Illuminate/Pipeline/Pipeline.php(119): Illuminate\\Pipeline\\Pipeline->Illuminate\\Pipeline\\{closure}(Object(Illuminate\\Http\\Request))
#21 /Users/recycle/work/htain-thein-be/vendor/laravel/framework/src/Illuminate/Routing/Router.php(805): Illuminate\\Pipeline\\Pipeline->then(Object(Closure))
#22 /Users/recycle/work/htain-thein-be/vendor/laravel/framework/src/Illuminate/Routing/Router.php(784): Illuminate\\Routing\\Router->runRouteWithinStack(Object(Illuminate\\Routing\\Route), Object(Illuminate\\Http\\Request))
#23 /Users/recycle/work/htain-thein-be/vendor/laravel/framework/src/Illuminate/Routing/Router.php(748): Illuminate\\Routing\\Router->runRoute(Object(Illuminate\\Http\\Request), Object(Illuminate\\Routing\\Route))
#24 /Users/recycle/work/htain-thein-be/vendor/laravel/framework/src/Illuminate/Routing/Router.php(737): Illuminate\\Routing\\Router->dispatchToRoute(Object(Illuminate\\Http\\Request))
#25 /Users/recycle/work/htain-thein-be/vendor/laravel/framework/src/Illuminate/Foundation/Http/Kernel.php(200): Illuminate\\Routing\\Router->dispatch(Object(Illuminate\\Http\\Request))
#26 /Users/recycle/work/htain-thein-be/vendor/laravel/framework/src/Illuminate/Pipeline/Pipeline.php(144): Illuminate\\Foundation\\Http\\Kernel->Illuminate\\Foundation\\Http\\{closure}(Object(Illuminate\\Http\\Request))
#27 /Users/recycle/work/htain-thein-be/vendor/laravel/framework/src/Illuminate/View/Middleware/ShareErrorsFromSession.php(49): Illuminate\\Pipeline\\Pipeline->Illuminate\\Pipeline\\{closure}(Object(Illuminate\\Http\\Request))
#28 /Users/recycle/work/htain-thein-be/vendor/laravel/framework/src/Illuminate/Pipeline/Pipeline.php(183): Illuminate\\View\\Middleware\\ShareErrorsFromSession->handle(Object(Illuminate\\Http\\Request), Object(Closure))
#29 /Users/recycle/work/htain-thein-be/vendor/laravel/framework/src/Illuminate/Session/Middleware/StartSession.php(121): Illuminate\\Pipeline\\Pipeline->Illuminate\\Pipeline\\{closure}(Object(Illuminate\\Http\\Request))
#30 /Users/recycle/work/htain-thein-be/vendor/laravel/framework/src/Illuminate/Session/Middleware/StartSession.php(64): Illuminate\\Session\\Middleware\\StartSession->handleStatefulRequest(Object(Illuminate\\Http\\Request), Object(Illuminate\\Session\\Store), Object(Closure))
#31 /Users/recycle/work/htain-thein-be/vendor/laravel/framework/src/Illuminate/Pipeline/Pipeline.php(183): Illuminate\\Session\\Middleware\\StartSession->handle(Object(Illuminate\\Http\\Request), Object(Closure))
#32 /Users/recycle/work/htain-thein-be/vendor/laravel/framework/src/Illuminate/Foundation/Http/Middleware/TransformsRequest.php(21): Illuminate\\Pipeline\\Pipeline->Illuminate\\Pipeline\\{closure}(Object(Illuminate\\Http\\Request))
#33 /Users/recycle/work/htain-thein-be/vendor/laravel/framework/src/Illuminate/Foundation/Http/Middleware/ConvertEmptyStringsToNull.php(31): Illuminate\\Foundation\\Http\\Middleware\\TransformsRequest->handle(Object(Illuminate\\Http\\Request), Object(Closure))
#34 /Users/recycle/work/htain-thein-be/vendor/laravel/framework/src/Illuminate/Pipeline/Pipeline.php(183): Illuminate\\Foundation\\Http\\Middleware\\ConvertEmptyStringsToNull->handle(Object(Illuminate\\Http\\Request), Object(Closure))
#35 /Users/recycle/work/htain-thein-be/vendor/laravel/framework/src/Illuminate/Foundation/Http/Middleware/TransformsRequest.php(21): Illuminate\\Pipeline\\Pipeline->Illuminate\\Pipeline\\{closure}(Object(Illuminate\\Http\\Request))
#36 /Users/recycle/work/htain-thein-be/vendor/laravel/framework/src/Illuminate/Foundation/Http/Middleware/TrimStrings.php(40): Illuminate\\Foundation\\Http\\Middleware\\TransformsRequest->handle(Object(Illuminate\\Http\\Request), Object(Closure))
#37 /Users/recycle/work/htain-thein-be/vendor/laravel/framework/src/Illuminate/Pipeline/Pipeline.php(183): Illuminate\\Foundation\\Http\\Middleware\\TrimStrings->handle(Object(Illuminate\\Http\\Request), Object(Closure))
#38 /Users/recycle/work/htain-thein-be/vendor/laravel/framework/src/Illuminate/Foundation/Http/Middleware/ValidatePostSize.php(27): Illuminate\\Pipeline\\Pipeline->Illuminate\\Pipeline\\{closure}(Object(Illuminate\\Http\\Request))
#39 /Users/recycle/work/htain-thein-be/vendor/laravel/framework/src/Illuminate/Pipeline/Pipeline.php(183): Illuminate\\Foundation\\Http\\Middleware\\ValidatePostSize->handle(Object(Illuminate\\Http\\Request), Object(Closure))
#40 /Users/recycle/work/htain-thein-be/vendor/laravel/framework/src/Illuminate/Foundation/Http/Middleware/PreventRequestsDuringMaintenance.php(99): Illuminate\\Pipeline\\Pipeline->Illuminate\\Pipeline\\{closure}(Object(Illuminate\\Http\\Request))
#41 /Users/recycle/work/htain-thein-be/vendor/laravel/framework/src/Illuminate/Pipeline/Pipeline.php(183): Illuminate\\Foundation\\Http\\Middleware\\PreventRequestsDuringMaintenance->handle(Object(Illuminate\\Http\\Request), Object(Closure))
#42 /Users/recycle/work/htain-thein-be/vendor/laravel/framework/src/Illuminate/Http/Middleware/HandleCors.php(62): Illuminate\\Pipeline\\Pipeline->Illuminate\\Pipeline\\{closure}(Object(Illuminate\\Http\\Request))
#43 /Users/recycle/work/htain-thein-be/vendor/laravel/framework/src/Illuminate/Pipeline/Pipeline.php(183): Illuminate\\Http\\Middleware\\HandleCors->handle(Object(Illuminate\\Http\\Request), Object(Closure))
#44 /Users/recycle/work/htain-thein-be/vendor/laravel/framework/src/Illuminate/Http/Middleware/TrustProxies.php(39): Illuminate\\Pipeline\\Pipeline->Illuminate\\Pipeline\\{closure}(Object(Illuminate\\Http\\Request))
#45 /Users/recycle/work/htain-thein-be/vendor/laravel/framework/src/Illuminate/Pipeline/Pipeline.php(183): Illuminate\\Http\\Middleware\\TrustProxies->handle(Object(Illuminate\\Http\\Request), Object(Closure))
#46 /Users/recycle/work/htain-thein-be/vendor/laravel/framework/src/Illuminate/Pipeline/Pipeline.php(119): Illuminate\\Pipeline\\Pipeline->Illuminate\\Pipeline\\{closure}(Object(Illuminate\\Http\\Request))
#47 /Users/recycle/work/htain-thein-be/vendor/laravel/framework/src/Illuminate/Foundation/Http/Kernel.php(175): Illuminate\\Pipeline\\Pipeline->then(Object(Closure))
#48 /Users/recycle/work/htain-thein-be/vendor/laravel/framework/src/Illuminate/Foundation/Http/Kernel.php(144): Illuminate\\Foundation\\Http\\Kernel->sendRequestThroughRouter(Object(Illuminate\\Http\\Request))
#49 /Users/recycle/work/htain-thein-be/public/index.php(51): Illuminate\\Foundation\\Http\\Kernel->handle(Object(Illuminate\\Http\\Request))
#50 /Users/recycle/work/htain-thein-be/vendor/laravel/framework/src/Illuminate/Foundation/resources/server.php(16): require_once('/Users/recycle/...')
#51 {main}
"} 
[2025-01-21 13:25:26] local.ERROR: The $date parameter must be a string, a DateTimeInterface instance, or null. {"userId":1,"exception":"[object] (App\\Exceptions\\CustomErrorException(code: 0): The $date parameter must be a string, a DateTimeInterface instance, or null. at /Users/recycle/work/htain-thein-be/App/Helpers/DateChangeHelper.php:15)
[stacktrace]
#0 /Users/recycle/work/htain-thein-be/app/Http/Resources/NotificationReadResource.php(21): changeToDifferForHuman(NULL)
#1 /Users/recycle/work/htain-thein-be/vendor/laravel/framework/src/Illuminate/Collections/HigherOrderCollectionProxy.php(60): App\\Http\\Resources\\NotificationReadResource->toArray(Object(Illuminate\\Http\\Request))
#2 [internal function]: Illuminate\\Support\\HigherOrderCollectionProxy->Illuminate\\Support\\{closure}(Object(App\\Http\\Resources\\NotificationReadResource), 0)
#3 /Users/recycle/work/htain-thein-be/vendor/laravel/framework/src/Illuminate/Collections/Arr.php(600): array_map(Object(Closure), Array, Array)
#4 /Users/recycle/work/htain-thein-be/vendor/laravel/framework/src/Illuminate/Collections/Collection.php(778): Illuminate\\Support\\Arr::map(Array, Object(Closure))
#5 /Users/recycle/work/htain-thein-be/vendor/laravel/framework/src/Illuminate/Collections/HigherOrderCollectionProxy.php(59): Illuminate\\Support\\Collection->map(Object(Closure))
#6 /Users/recycle/work/htain-thein-be/vendor/laravel/framework/src/Illuminate/Http/Resources/Json/ResourceCollection.php(102): Illuminate\\Support\\HigherOrderCollectionProxy->__call('toArray', Array)
#7 /Users/recycle/work/htain-thein-be/vendor/laravel/framework/src/Illuminate/Http/Resources/Json/JsonResource.php(108): Illuminate\\Http\\Resources\\Json\\ResourceCollection->toArray(Object(Illuminate\\Http\\Request))
#8 /Users/recycle/work/htain-thein-be/vendor/laravel/framework/src/Illuminate/Http/Resources/Json/JsonResource.php(255): Illuminate\\Http\\Resources\\Json\\JsonResource->resolve(Object(Illuminate\\Http\\Request))
#9 [internal function]: Illuminate\\Http\\Resources\\Json\\JsonResource->jsonSerialize()
#10 /Users/recycle/work/htain-thein-be/vendor/laravel/framework/src/Illuminate/Http/JsonResponse.php(84): json_encode(Array, 0)
#11 /Users/recycle/work/htain-thein-be/vendor/symfony/http-foundation/JsonResponse.php(49): Illuminate\\Http\\JsonResponse->setData(Array)
#12 /Users/recycle/work/htain-thein-be/vendor/laravel/framework/src/Illuminate/Http/JsonResponse.php(32): Symfony\\Component\\HttpFoundation\\JsonResponse->__construct(Array, 200, Array, false)
#13 /Users/recycle/work/htain-thein-be/vendor/laravel/framework/src/Illuminate/Routing/ResponseFactory.php(102): Illuminate\\Http\\JsonResponse->__construct(Array, 200, Array, 0)
#14 /Users/recycle/work/htain-thein-be/app/Services/NotificationInfo/GetAllNotificationsService.php(18): Illuminate\\Routing\\ResponseFactory->json(Array)
#15 /Users/recycle/work/htain-thein-be/app/UseCases/NotiInfo/NotiInfoAction.php(70): App\\Services\\NotificationInfo\\GetAllNotificationsService->__invoke(Object(App\\Repositories\\Notification\\NotificationRepository), Array, 1)
#16 /Users/recycle/work/htain-thein-be/app/Http/Controllers/Api/NotiInfoController.php(33): App\\UseCases\\NotiInfo\\NotiInfoAction->getAllNotifications(Array, 1)
#17 /Users/recycle/work/htain-thein-be/vendor/laravel/framework/src/Illuminate/Routing/Controller.php(54): App\\Http\\Controllers\\Api\\NotiInfoController->index(Object(App\\Http\\Requests\\V1\\App\\NotificationInfo\\FetchAllNotificationRequest))
#18 /Users/recycle/work/htain-thein-be/vendor/laravel/framework/src/Illuminate/Routing/ControllerDispatcher.php(43): Illuminate\\Routing\\Controller->callAction('index', Array)
#19 /Users/recycle/work/htain-thein-be/vendor/laravel/framework/src/Illuminate/Routing/Route.php(259): Illuminate\\Routing\\ControllerDispatcher->dispatch(Object(Illuminate\\Routing\\Route), Object(App\\Http\\Controllers\\Api\\NotiInfoController), 'index')
#20 /Users/recycle/work/htain-thein-be/vendor/laravel/framework/src/Illuminate/Routing/Route.php(205): Illuminate\\Routing\\Route->runController()
#21 /Users/recycle/work/htain-thein-be/vendor/laravel/framework/src/Illuminate/Routing/Router.php(806): Illuminate\\Routing\\Route->run()
#22 /Users/recycle/work/htain-thein-be/vendor/laravel/framework/src/Illuminate/Pipeline/Pipeline.php(144): Illuminate\\Routing\\Router->Illuminate\\Routing\\{closure}(Object(Illuminate\\Http\\Request))
#23 /Users/recycle/work/htain-thein-be/vendor/laravel/framework/src/Illuminate/Routing/Middleware/SubstituteBindings.php(50): Illuminate\\Pipeline\\Pipeline->Illuminate\\Pipeline\\{closure}(Object(Illuminate\\Http\\Request))
#24 /Users/recycle/work/htain-thein-be/vendor/laravel/framework/src/Illuminate/Pipeline/Pipeline.php(183): Illuminate\\Routing\\Middleware\\SubstituteBindings->handle(Object(Illuminate\\Http\\Request), Object(Closure))
#25 /Users/recycle/work/htain-thein-be/vendor/laravel/framework/src/Illuminate/Routing/Middleware/ThrottleRequests.php(159): Illuminate\\Pipeline\\Pipeline->Illuminate\\Pipeline\\{closure}(Object(Illuminate\\Http\\Request))
#26 /Users/recycle/work/htain-thein-be/vendor/laravel/framework/src/Illuminate/Routing/Middleware/ThrottleRequests.php(125): Illuminate\\Routing\\Middleware\\ThrottleRequests->handleRequest(Object(Illuminate\\Http\\Request), Object(Closure), Array)
#27 /Users/recycle/work/htain-thein-be/vendor/laravel/framework/src/Illuminate/Routing/Middleware/ThrottleRequests.php(87): Illuminate\\Routing\\Middleware\\ThrottleRequests->handleRequestUsingNamedLimiter(Object(Illuminate\\Http\\Request), Object(Closure), 'api', Object(Closure))
#28 /Users/recycle/work/htain-thein-be/vendor/laravel/framework/src/Illuminate/Pipeline/Pipeline.php(183): Illuminate\\Routing\\Middleware\\ThrottleRequests->handle(Object(Illuminate\\Http\\Request), Object(Closure), 'api')
#29 /Users/recycle/work/htain-thein-be/vendor/laravel/framework/src/Illuminate/Auth/Middleware/Authenticate.php(57): Illuminate\\Pipeline\\Pipeline->Illuminate\\Pipeline\\{closure}(Object(Illuminate\\Http\\Request))
#30 /Users/recycle/work/htain-thein-be/vendor/laravel/framework/src/Illuminate/Pipeline/Pipeline.php(183): Illuminate\\Auth\\Middleware\\Authenticate->handle(Object(Illuminate\\Http\\Request), Object(Closure), 'sanctum')
#31 /Users/recycle/work/htain-thein-be/vendor/laravel/sanctum/src/Http/Middleware/EnsureFrontendRequestsAreStateful.php(25): Illuminate\\Pipeline\\Pipeline->Illuminate\\Pipeline\\{closure}(Object(Illuminate\\Http\\Request))
#32 /Users/recycle/work/htain-thein-be/vendor/laravel/framework/src/Illuminate/Pipeline/Pipeline.php(144): Laravel\\Sanctum\\Http\\Middleware\\EnsureFrontendRequestsAreStateful->Laravel\\Sanctum\\Http\\Middleware\\{closure}(Object(Illuminate\\Http\\Request))
#33 /Users/recycle/work/htain-thein-be/vendor/laravel/framework/src/Illuminate/Pipeline/Pipeline.php(119): Illuminate\\Pipeline\\Pipeline->Illuminate\\Pipeline\\{closure}(Object(Illuminate\\Http\\Request))
#34 /Users/recycle/work/htain-thein-be/vendor/laravel/sanctum/src/Http/Middleware/EnsureFrontendRequestsAreStateful.php(24): Illuminate\\Pipeline\\Pipeline->then(Object(Closure))
#35 /Users/recycle/work/htain-thein-be/vendor/laravel/framework/src/Illuminate/Pipeline/Pipeline.php(183): Laravel\\Sanctum\\Http\\Middleware\\EnsureFrontendRequestsAreStateful->handle(Object(Illuminate\\Http\\Request), Object(Closure))
#36 /Users/recycle/work/htain-thein-be/vendor/laravel/framework/src/Illuminate/Pipeline/Pipeline.php(119): Illuminate\\Pipeline\\Pipeline->Illuminate\\Pipeline\\{closure}(Object(Illuminate\\Http\\Request))
#37 /Users/recycle/work/htain-thein-be/vendor/laravel/framework/src/Illuminate/Routing/Router.php(805): Illuminate\\Pipeline\\Pipeline->then(Object(Closure))
#38 /Users/recycle/work/htain-thein-be/vendor/laravel/framework/src/Illuminate/Routing/Router.php(784): Illuminate\\Routing\\Router->runRouteWithinStack(Object(Illuminate\\Routing\\Route), Object(Illuminate\\Http\\Request))
#39 /Users/recycle/work/htain-thein-be/vendor/laravel/framework/src/Illuminate/Routing/Router.php(748): Illuminate\\Routing\\Router->runRoute(Object(Illuminate\\Http\\Request), Object(Illuminate\\Routing\\Route))
#40 /Users/recycle/work/htain-thein-be/vendor/laravel/framework/src/Illuminate/Routing/Router.php(737): Illuminate\\Routing\\Router->dispatchToRoute(Object(Illuminate\\Http\\Request))
#41 /Users/recycle/work/htain-thein-be/vendor/laravel/framework/src/Illuminate/Foundation/Http/Kernel.php(200): Illuminate\\Routing\\Router->dispatch(Object(Illuminate\\Http\\Request))
#42 /Users/recycle/work/htain-thein-be/vendor/laravel/framework/src/Illuminate/Pipeline/Pipeline.php(144): Illuminate\\Foundation\\Http\\Kernel->Illuminate\\Foundation\\Http\\{closure}(Object(Illuminate\\Http\\Request))
#43 /Users/recycle/work/htain-thein-be/vendor/laravel/framework/src/Illuminate/View/Middleware/ShareErrorsFromSession.php(49): Illuminate\\Pipeline\\Pipeline->Illuminate\\Pipeline\\{closure}(Object(Illuminate\\Http\\Request))
#44 /Users/recycle/work/htain-thein-be/vendor/laravel/framework/src/Illuminate/Pipeline/Pipeline.php(183): Illuminate\\View\\Middleware\\ShareErrorsFromSession->handle(Object(Illuminate\\Http\\Request), Object(Closure))
#45 /Users/recycle/work/htain-thein-be/vendor/laravel/framework/src/Illuminate/Session/Middleware/StartSession.php(121): Illuminate\\Pipeline\\Pipeline->Illuminate\\Pipeline\\{closure}(Object(Illuminate\\Http\\Request))
#46 /Users/recycle/work/htain-thein-be/vendor/laravel/framework/src/Illuminate/Session/Middleware/StartSession.php(64): Illuminate\\Session\\Middleware\\StartSession->handleStatefulRequest(Object(Illuminate\\Http\\Request), Object(Illuminate\\Session\\Store), Object(Closure))
#47 /Users/recycle/work/htain-thein-be/vendor/laravel/framework/src/Illuminate/Pipeline/Pipeline.php(183): Illuminate\\Session\\Middleware\\StartSession->handle(Object(Illuminate\\Http\\Request), Object(Closure))
#48 /Users/recycle/work/htain-thein-be/vendor/laravel/framework/src/Illuminate/Foundation/Http/Middleware/TransformsRequest.php(21): Illuminate\\Pipeline\\Pipeline->Illuminate\\Pipeline\\{closure}(Object(Illuminate\\Http\\Request))
#49 /Users/recycle/work/htain-thein-be/vendor/laravel/framework/src/Illuminate/Foundation/Http/Middleware/ConvertEmptyStringsToNull.php(31): Illuminate\\Foundation\\Http\\Middleware\\TransformsRequest->handle(Object(Illuminate\\Http\\Request), Object(Closure))
#50 /Users/recycle/work/htain-thein-be/vendor/laravel/framework/src/Illuminate/Pipeline/Pipeline.php(183): Illuminate\\Foundation\\Http\\Middleware\\ConvertEmptyStringsToNull->handle(Object(Illuminate\\Http\\Request), Object(Closure))
#51 /Users/recycle/work/htain-thein-be/vendor/laravel/framework/src/Illuminate/Foundation/Http/Middleware/TransformsRequest.php(21): Illuminate\\Pipeline\\Pipeline->Illuminate\\Pipeline\\{closure}(Object(Illuminate\\Http\\Request))
#52 /Users/recycle/work/htain-thein-be/vendor/laravel/framework/src/Illuminate/Foundation/Http/Middleware/TrimStrings.php(40): Illuminate\\Foundation\\Http\\Middleware\\TransformsRequest->handle(Object(Illuminate\\Http\\Request), Object(Closure))
#53 /Users/recycle/work/htain-thein-be/vendor/laravel/framework/src/Illuminate/Pipeline/Pipeline.php(183): Illuminate\\Foundation\\Http\\Middleware\\TrimStrings->handle(Object(Illuminate\\Http\\Request), Object(Closure))
#54 /Users/recycle/work/htain-thein-be/vendor/laravel/framework/src/Illuminate/Foundation/Http/Middleware/ValidatePostSize.php(27): Illuminate\\Pipeline\\Pipeline->Illuminate\\Pipeline\\{closure}(Object(Illuminate\\Http\\Request))
#55 /Users/recycle/work/htain-thein-be/vendor/laravel/framework/src/Illuminate/Pipeline/Pipeline.php(183): Illuminate\\Foundation\\Http\\Middleware\\ValidatePostSize->handle(Object(Illuminate\\Http\\Request), Object(Closure))
#56 /Users/recycle/work/htain-thein-be/vendor/laravel/framework/src/Illuminate/Foundation/Http/Middleware/PreventRequestsDuringMaintenance.php(99): Illuminate\\Pipeline\\Pipeline->Illuminate\\Pipeline\\{closure}(Object(Illuminate\\Http\\Request))
#57 /Users/recycle/work/htain-thein-be/vendor/laravel/framework/src/Illuminate/Pipeline/Pipeline.php(183): Illuminate\\Foundation\\Http\\Middleware\\PreventRequestsDuringMaintenance->handle(Object(Illuminate\\Http\\Request), Object(Closure))
#58 /Users/recycle/work/htain-thein-be/vendor/laravel/framework/src/Illuminate/Http/Middleware/HandleCors.php(62): Illuminate\\Pipeline\\Pipeline->Illuminate\\Pipeline\\{closure}(Object(Illuminate\\Http\\Request))
#59 /Users/recycle/work/htain-thein-be/vendor/laravel/framework/src/Illuminate/Pipeline/Pipeline.php(183): Illuminate\\Http\\Middleware\\HandleCors->handle(Object(Illuminate\\Http\\Request), Object(Closure))
#60 /Users/recycle/work/htain-thein-be/vendor/laravel/framework/src/Illuminate/Http/Middleware/TrustProxies.php(39): Illuminate\\Pipeline\\Pipeline->Illuminate\\Pipeline\\{closure}(Object(Illuminate\\Http\\Request))
#61 /Users/recycle/work/htain-thein-be/vendor/laravel/framework/src/Illuminate/Pipeline/Pipeline.php(183): Illuminate\\Http\\Middleware\\TrustProxies->handle(Object(Illuminate\\Http\\Request), Object(Closure))
#62 /Users/recycle/work/htain-thein-be/vendor/laravel/framework/src/Illuminate/Pipeline/Pipeline.php(119): Illuminate\\Pipeline\\Pipeline->Illuminate\\Pipeline\\{closure}(Object(Illuminate\\Http\\Request))
#63 /Users/recycle/work/htain-thein-be/vendor/laravel/framework/src/Illuminate/Foundation/Http/Kernel.php(175): Illuminate\\Pipeline\\Pipeline->then(Object(Closure))
#64 /Users/recycle/work/htain-thein-be/vendor/laravel/framework/src/Illuminate/Foundation/Http/Kernel.php(144): Illuminate\\Foundation\\Http\\Kernel->sendRequestThroughRouter(Object(Illuminate\\Http\\Request))
#65 /Users/recycle/work/htain-thein-be/public/index.php(51): Illuminate\\Foundation\\Http\\Kernel->handle(Object(Illuminate\\Http\\Request))
#66 /Users/recycle/work/htain-thein-be/vendor/laravel/framework/src/Illuminate/Foundation/resources/server.php(16): require_once('/Users/recycle/...')
#67 {main}
"} 
[2025-01-21 13:25:26] local.ERROR: The HTTP status code "0" is not valid. {"userId":1,"exception":"[object] (InvalidArgumentException(code: 0): The HTTP status code \"0\" is not valid. at /Users/recycle/work/htain-thein-be/vendor/symfony/http-foundation/Response.php:502)
[stacktrace]
#0 /Users/recycle/work/htain-thein-be/vendor/symfony/http-foundation/Response.php(228): Symfony\\Component\\HttpFoundation\\Response->setStatusCode(0)
#1 /Users/recycle/work/htain-thein-be/vendor/symfony/http-foundation/JsonResponse.php(41): Symfony\\Component\\HttpFoundation\\Response->__construct('', 0, Array)
#2 /Users/recycle/work/htain-thein-be/vendor/laravel/framework/src/Illuminate/Http/JsonResponse.php(32): Symfony\\Component\\HttpFoundation\\JsonResponse->__construct(Array, 0, Array, false)
#3 /Users/recycle/work/htain-thein-be/vendor/laravel/framework/src/Illuminate/Routing/ResponseFactory.php(102): Illuminate\\Http\\JsonResponse->__construct(Array, 0, Array, 0)
#4 /Users/recycle/work/htain-thein-be/app/Exceptions/Handler.php(89): Illuminate\\Routing\\ResponseFactory->json(Array, 0)
#5 /Users/recycle/work/htain-thein-be/vendor/laravel/framework/src/Illuminate/Routing/Pipeline.php(51): App\\Exceptions\\Handler->render(Object(Illuminate\\Http\\Request), Object(App\\Exceptions\\CustomErrorException))
#6 /Users/recycle/work/htain-thein-be/vendor/laravel/framework/src/Illuminate/Pipeline/Pipeline.php(146): Illuminate\\Routing\\Pipeline->handleException(Object(Illuminate\\Http\\Request), Object(App\\Exceptions\\CustomErrorException))
#7 /Users/recycle/work/htain-thein-be/vendor/laravel/framework/src/Illuminate/Routing/Middleware/SubstituteBindings.php(50): Illuminate\\Pipeline\\Pipeline->Illuminate\\Pipeline\\{closure}(Object(Illuminate\\Http\\Request))
#8 /Users/recycle/work/htain-thein-be/vendor/laravel/framework/src/Illuminate/Pipeline/Pipeline.php(183): Illuminate\\Routing\\Middleware\\SubstituteBindings->handle(Object(Illuminate\\Http\\Request), Object(Closure))
#9 /Users/recycle/work/htain-thein-be/vendor/laravel/framework/src/Illuminate/Routing/Middleware/ThrottleRequests.php(159): Illuminate\\Pipeline\\Pipeline->Illuminate\\Pipeline\\{closure}(Object(Illuminate\\Http\\Request))
#10 /Users/recycle/work/htain-thein-be/vendor/laravel/framework/src/Illuminate/Routing/Middleware/ThrottleRequests.php(125): Illuminate\\Routing\\Middleware\\ThrottleRequests->handleRequest(Object(Illuminate\\Http\\Request), Object(Closure), Array)
#11 /Users/recycle/work/htain-thein-be/vendor/laravel/framework/src/Illuminate/Routing/Middleware/ThrottleRequests.php(87): Illuminate\\Routing\\Middleware\\ThrottleRequests->handleRequestUsingNamedLimiter(Object(Illuminate\\Http\\Request), Object(Closure), 'api', Object(Closure))
#12 /Users/recycle/work/htain-thein-be/vendor/laravel/framework/src/Illuminate/Pipeline/Pipeline.php(183): Illuminate\\Routing\\Middleware\\ThrottleRequests->handle(Object(Illuminate\\Http\\Request), Object(Closure), 'api')
#13 /Users/recycle/work/htain-thein-be/vendor/laravel/framework/src/Illuminate/Auth/Middleware/Authenticate.php(57): Illuminate\\Pipeline\\Pipeline->Illuminate\\Pipeline\\{closure}(Object(Illuminate\\Http\\Request))
#14 /Users/recycle/work/htain-thein-be/vendor/laravel/framework/src/Illuminate/Pipeline/Pipeline.php(183): Illuminate\\Auth\\Middleware\\Authenticate->handle(Object(Illuminate\\Http\\Request), Object(Closure), 'sanctum')
#15 /Users/recycle/work/htain-thein-be/vendor/laravel/sanctum/src/Http/Middleware/EnsureFrontendRequestsAreStateful.php(25): Illuminate\\Pipeline\\Pipeline->Illuminate\\Pipeline\\{closure}(Object(Illuminate\\Http\\Request))
#16 /Users/recycle/work/htain-thein-be/vendor/laravel/framework/src/Illuminate/Pipeline/Pipeline.php(144): Laravel\\Sanctum\\Http\\Middleware\\EnsureFrontendRequestsAreStateful->Laravel\\Sanctum\\Http\\Middleware\\{closure}(Object(Illuminate\\Http\\Request))
#17 /Users/recycle/work/htain-thein-be/vendor/laravel/framework/src/Illuminate/Pipeline/Pipeline.php(119): Illuminate\\Pipeline\\Pipeline->Illuminate\\Pipeline\\{closure}(Object(Illuminate\\Http\\Request))
#18 /Users/recycle/work/htain-thein-be/vendor/laravel/sanctum/src/Http/Middleware/EnsureFrontendRequestsAreStateful.php(24): Illuminate\\Pipeline\\Pipeline->then(Object(Closure))
#19 /Users/recycle/work/htain-thein-be/vendor/laravel/framework/src/Illuminate/Pipeline/Pipeline.php(183): Laravel\\Sanctum\\Http\\Middleware\\EnsureFrontendRequestsAreStateful->handle(Object(Illuminate\\Http\\Request), Object(Closure))
#20 /Users/recycle/work/htain-thein-be/vendor/laravel/framework/src/Illuminate/Pipeline/Pipeline.php(119): Illuminate\\Pipeline\\Pipeline->Illuminate\\Pipeline\\{closure}(Object(Illuminate\\Http\\Request))
#21 /Users/recycle/work/htain-thein-be/vendor/laravel/framework/src/Illuminate/Routing/Router.php(805): Illuminate\\Pipeline\\Pipeline->then(Object(Closure))
#22 /Users/recycle/work/htain-thein-be/vendor/laravel/framework/src/Illuminate/Routing/Router.php(784): Illuminate\\Routing\\Router->runRouteWithinStack(Object(Illuminate\\Routing\\Route), Object(Illuminate\\Http\\Request))
#23 /Users/recycle/work/htain-thein-be/vendor/laravel/framework/src/Illuminate/Routing/Router.php(748): Illuminate\\Routing\\Router->runRoute(Object(Illuminate\\Http\\Request), Object(Illuminate\\Routing\\Route))
#24 /Users/recycle/work/htain-thein-be/vendor/laravel/framework/src/Illuminate/Routing/Router.php(737): Illuminate\\Routing\\Router->dispatchToRoute(Object(Illuminate\\Http\\Request))
#25 /Users/recycle/work/htain-thein-be/vendor/laravel/framework/src/Illuminate/Foundation/Http/Kernel.php(200): Illuminate\\Routing\\Router->dispatch(Object(Illuminate\\Http\\Request))
#26 /Users/recycle/work/htain-thein-be/vendor/laravel/framework/src/Illuminate/Pipeline/Pipeline.php(144): Illuminate\\Foundation\\Http\\Kernel->Illuminate\\Foundation\\Http\\{closure}(Object(Illuminate\\Http\\Request))
#27 /Users/recycle/work/htain-thein-be/vendor/laravel/framework/src/Illuminate/View/Middleware/ShareErrorsFromSession.php(49): Illuminate\\Pipeline\\Pipeline->Illuminate\\Pipeline\\{closure}(Object(Illuminate\\Http\\Request))
#28 /Users/recycle/work/htain-thein-be/vendor/laravel/framework/src/Illuminate/Pipeline/Pipeline.php(183): Illuminate\\View\\Middleware\\ShareErrorsFromSession->handle(Object(Illuminate\\Http\\Request), Object(Closure))
#29 /Users/recycle/work/htain-thein-be/vendor/laravel/framework/src/Illuminate/Session/Middleware/StartSession.php(121): Illuminate\\Pipeline\\Pipeline->Illuminate\\Pipeline\\{closure}(Object(Illuminate\\Http\\Request))
#30 /Users/recycle/work/htain-thein-be/vendor/laravel/framework/src/Illuminate/Session/Middleware/StartSession.php(64): Illuminate\\Session\\Middleware\\StartSession->handleStatefulRequest(Object(Illuminate\\Http\\Request), Object(Illuminate\\Session\\Store), Object(Closure))
#31 /Users/recycle/work/htain-thein-be/vendor/laravel/framework/src/Illuminate/Pipeline/Pipeline.php(183): Illuminate\\Session\\Middleware\\StartSession->handle(Object(Illuminate\\Http\\Request), Object(Closure))
#32 /Users/recycle/work/htain-thein-be/vendor/laravel/framework/src/Illuminate/Foundation/Http/Middleware/TransformsRequest.php(21): Illuminate\\Pipeline\\Pipeline->Illuminate\\Pipeline\\{closure}(Object(Illuminate\\Http\\Request))
#33 /Users/recycle/work/htain-thein-be/vendor/laravel/framework/src/Illuminate/Foundation/Http/Middleware/ConvertEmptyStringsToNull.php(31): Illuminate\\Foundation\\Http\\Middleware\\TransformsRequest->handle(Object(Illuminate\\Http\\Request), Object(Closure))
#34 /Users/recycle/work/htain-thein-be/vendor/laravel/framework/src/Illuminate/Pipeline/Pipeline.php(183): Illuminate\\Foundation\\Http\\Middleware\\ConvertEmptyStringsToNull->handle(Object(Illuminate\\Http\\Request), Object(Closure))
#35 /Users/recycle/work/htain-thein-be/vendor/laravel/framework/src/Illuminate/Foundation/Http/Middleware/TransformsRequest.php(21): Illuminate\\Pipeline\\Pipeline->Illuminate\\Pipeline\\{closure}(Object(Illuminate\\Http\\Request))
#36 /Users/recycle/work/htain-thein-be/vendor/laravel/framework/src/Illuminate/Foundation/Http/Middleware/TrimStrings.php(40): Illuminate\\Foundation\\Http\\Middleware\\TransformsRequest->handle(Object(Illuminate\\Http\\Request), Object(Closure))
#37 /Users/recycle/work/htain-thein-be/vendor/laravel/framework/src/Illuminate/Pipeline/Pipeline.php(183): Illuminate\\Foundation\\Http\\Middleware\\TrimStrings->handle(Object(Illuminate\\Http\\Request), Object(Closure))
#38 /Users/recycle/work/htain-thein-be/vendor/laravel/framework/src/Illuminate/Foundation/Http/Middleware/ValidatePostSize.php(27): Illuminate\\Pipeline\\Pipeline->Illuminate\\Pipeline\\{closure}(Object(Illuminate\\Http\\Request))
#39 /Users/recycle/work/htain-thein-be/vendor/laravel/framework/src/Illuminate/Pipeline/Pipeline.php(183): Illuminate\\Foundation\\Http\\Middleware\\ValidatePostSize->handle(Object(Illuminate\\Http\\Request), Object(Closure))
#40 /Users/recycle/work/htain-thein-be/vendor/laravel/framework/src/Illuminate/Foundation/Http/Middleware/PreventRequestsDuringMaintenance.php(99): Illuminate\\Pipeline\\Pipeline->Illuminate\\Pipeline\\{closure}(Object(Illuminate\\Http\\Request))
#41 /Users/recycle/work/htain-thein-be/vendor/laravel/framework/src/Illuminate/Pipeline/Pipeline.php(183): Illuminate\\Foundation\\Http\\Middleware\\PreventRequestsDuringMaintenance->handle(Object(Illuminate\\Http\\Request), Object(Closure))
#42 /Users/recycle/work/htain-thein-be/vendor/laravel/framework/src/Illuminate/Http/Middleware/HandleCors.php(62): Illuminate\\Pipeline\\Pipeline->Illuminate\\Pipeline\\{closure}(Object(Illuminate\\Http\\Request))
#43 /Users/recycle/work/htain-thein-be/vendor/laravel/framework/src/Illuminate/Pipeline/Pipeline.php(183): Illuminate\\Http\\Middleware\\HandleCors->handle(Object(Illuminate\\Http\\Request), Object(Closure))
#44 /Users/recycle/work/htain-thein-be/vendor/laravel/framework/src/Illuminate/Http/Middleware/TrustProxies.php(39): Illuminate\\Pipeline\\Pipeline->Illuminate\\Pipeline\\{closure}(Object(Illuminate\\Http\\Request))
#45 /Users/recycle/work/htain-thein-be/vendor/laravel/framework/src/Illuminate/Pipeline/Pipeline.php(183): Illuminate\\Http\\Middleware\\TrustProxies->handle(Object(Illuminate\\Http\\Request), Object(Closure))
#46 /Users/recycle/work/htain-thein-be/vendor/laravel/framework/src/Illuminate/Pipeline/Pipeline.php(119): Illuminate\\Pipeline\\Pipeline->Illuminate\\Pipeline\\{closure}(Object(Illuminate\\Http\\Request))
#47 /Users/recycle/work/htain-thein-be/vendor/laravel/framework/src/Illuminate/Foundation/Http/Kernel.php(175): Illuminate\\Pipeline\\Pipeline->then(Object(Closure))
#48 /Users/recycle/work/htain-thein-be/vendor/laravel/framework/src/Illuminate/Foundation/Http/Kernel.php(144): Illuminate\\Foundation\\Http\\Kernel->sendRequestThroughRouter(Object(Illuminate\\Http\\Request))
#49 /Users/recycle/work/htain-thein-be/public/index.php(51): Illuminate\\Foundation\\Http\\Kernel->handle(Object(Illuminate\\Http\\Request))
#50 /Users/recycle/work/htain-thein-be/vendor/laravel/framework/src/Illuminate/Foundation/resources/server.php(16): require_once('/Users/recycle/...')
#51 {main}
"} 
[2025-01-21 13:25:32] local.ERROR: The $date parameter must be a string, a DateTimeInterface instance, or null. {"userId":1,"exception":"[object] (App\\Exceptions\\CustomErrorException(code: 0): The $date parameter must be a string, a DateTimeInterface instance, or null. at /Users/recycle/work/htain-thein-be/App/Helpers/DateChangeHelper.php:15)
[stacktrace]
#0 /Users/recycle/work/htain-thein-be/app/Http/Resources/NotificationReadResource.php(21): changeToDifferForHuman(NULL)
#1 /Users/recycle/work/htain-thein-be/vendor/laravel/framework/src/Illuminate/Collections/HigherOrderCollectionProxy.php(60): App\\Http\\Resources\\NotificationReadResource->toArray(Object(Illuminate\\Http\\Request))
#2 [internal function]: Illuminate\\Support\\HigherOrderCollectionProxy->Illuminate\\Support\\{closure}(Object(App\\Http\\Resources\\NotificationReadResource), 0)
#3 /Users/recycle/work/htain-thein-be/vendor/laravel/framework/src/Illuminate/Collections/Arr.php(600): array_map(Object(Closure), Array, Array)
#4 /Users/recycle/work/htain-thein-be/vendor/laravel/framework/src/Illuminate/Collections/Collection.php(778): Illuminate\\Support\\Arr::map(Array, Object(Closure))
#5 /Users/recycle/work/htain-thein-be/vendor/laravel/framework/src/Illuminate/Collections/HigherOrderCollectionProxy.php(59): Illuminate\\Support\\Collection->map(Object(Closure))
#6 /Users/recycle/work/htain-thein-be/vendor/laravel/framework/src/Illuminate/Http/Resources/Json/ResourceCollection.php(102): Illuminate\\Support\\HigherOrderCollectionProxy->__call('toArray', Array)
#7 /Users/recycle/work/htain-thein-be/vendor/laravel/framework/src/Illuminate/Http/Resources/Json/JsonResource.php(108): Illuminate\\Http\\Resources\\Json\\ResourceCollection->toArray(Object(Illuminate\\Http\\Request))
#8 /Users/recycle/work/htain-thein-be/vendor/laravel/framework/src/Illuminate/Http/Resources/Json/JsonResource.php(255): Illuminate\\Http\\Resources\\Json\\JsonResource->resolve(Object(Illuminate\\Http\\Request))
#9 [internal function]: Illuminate\\Http\\Resources\\Json\\JsonResource->jsonSerialize()
#10 /Users/recycle/work/htain-thein-be/vendor/laravel/framework/src/Illuminate/Http/JsonResponse.php(84): json_encode(Array, 0)
#11 /Users/recycle/work/htain-thein-be/vendor/symfony/http-foundation/JsonResponse.php(49): Illuminate\\Http\\JsonResponse->setData(Array)
#12 /Users/recycle/work/htain-thein-be/vendor/laravel/framework/src/Illuminate/Http/JsonResponse.php(32): Symfony\\Component\\HttpFoundation\\JsonResponse->__construct(Array, 200, Array, false)
#13 /Users/recycle/work/htain-thein-be/vendor/laravel/framework/src/Illuminate/Routing/ResponseFactory.php(102): Illuminate\\Http\\JsonResponse->__construct(Array, 200, Array, 0)
#14 /Users/recycle/work/htain-thein-be/app/Services/NotificationInfo/GetAllNotificationsService.php(18): Illuminate\\Routing\\ResponseFactory->json(Array)
#15 /Users/recycle/work/htain-thein-be/app/UseCases/NotiInfo/NotiInfoAction.php(70): App\\Services\\NotificationInfo\\GetAllNotificationsService->__invoke(Object(App\\Repositories\\Notification\\NotificationRepository), Array, 1)
#16 /Users/recycle/work/htain-thein-be/app/Http/Controllers/Api/NotiInfoController.php(33): App\\UseCases\\NotiInfo\\NotiInfoAction->getAllNotifications(Array, 1)
#17 /Users/recycle/work/htain-thein-be/vendor/laravel/framework/src/Illuminate/Routing/Controller.php(54): App\\Http\\Controllers\\Api\\NotiInfoController->index(Object(App\\Http\\Requests\\V1\\App\\NotificationInfo\\FetchAllNotificationRequest))
#18 /Users/recycle/work/htain-thein-be/vendor/laravel/framework/src/Illuminate/Routing/ControllerDispatcher.php(43): Illuminate\\Routing\\Controller->callAction('index', Array)
#19 /Users/recycle/work/htain-thein-be/vendor/laravel/framework/src/Illuminate/Routing/Route.php(259): Illuminate\\Routing\\ControllerDispatcher->dispatch(Object(Illuminate\\Routing\\Route), Object(App\\Http\\Controllers\\Api\\NotiInfoController), 'index')
#20 /Users/recycle/work/htain-thein-be/vendor/laravel/framework/src/Illuminate/Routing/Route.php(205): Illuminate\\Routing\\Route->runController()
#21 /Users/recycle/work/htain-thein-be/vendor/laravel/framework/src/Illuminate/Routing/Router.php(806): Illuminate\\Routing\\Route->run()
#22 /Users/recycle/work/htain-thein-be/vendor/laravel/framework/src/Illuminate/Pipeline/Pipeline.php(144): Illuminate\\Routing\\Router->Illuminate\\Routing\\{closure}(Object(Illuminate\\Http\\Request))
#23 /Users/recycle/work/htain-thein-be/vendor/laravel/framework/src/Illuminate/Routing/Middleware/SubstituteBindings.php(50): Illuminate\\Pipeline\\Pipeline->Illuminate\\Pipeline\\{closure}(Object(Illuminate\\Http\\Request))
#24 /Users/recycle/work/htain-thein-be/vendor/laravel/framework/src/Illuminate/Pipeline/Pipeline.php(183): Illuminate\\Routing\\Middleware\\SubstituteBindings->handle(Object(Illuminate\\Http\\Request), Object(Closure))
#25 /Users/recycle/work/htain-thein-be/vendor/laravel/framework/src/Illuminate/Routing/Middleware/ThrottleRequests.php(159): Illuminate\\Pipeline\\Pipeline->Illuminate\\Pipeline\\{closure}(Object(Illuminate\\Http\\Request))
#26 /Users/recycle/work/htain-thein-be/vendor/laravel/framework/src/Illuminate/Routing/Middleware/ThrottleRequests.php(125): Illuminate\\Routing\\Middleware\\ThrottleRequests->handleRequest(Object(Illuminate\\Http\\Request), Object(Closure), Array)
#27 /Users/recycle/work/htain-thein-be/vendor/laravel/framework/src/Illuminate/Routing/Middleware/ThrottleRequests.php(87): Illuminate\\Routing\\Middleware\\ThrottleRequests->handleRequestUsingNamedLimiter(Object(Illuminate\\Http\\Request), Object(Closure), 'api', Object(Closure))
#28 /Users/recycle/work/htain-thein-be/vendor/laravel/framework/src/Illuminate/Pipeline/Pipeline.php(183): Illuminate\\Routing\\Middleware\\ThrottleRequests->handle(Object(Illuminate\\Http\\Request), Object(Closure), 'api')
#29 /Users/recycle/work/htain-thein-be/vendor/laravel/framework/src/Illuminate/Auth/Middleware/Authenticate.php(57): Illuminate\\Pipeline\\Pipeline->Illuminate\\Pipeline\\{closure}(Object(Illuminate\\Http\\Request))
#30 /Users/recycle/work/htain-thein-be/vendor/laravel/framework/src/Illuminate/Pipeline/Pipeline.php(183): Illuminate\\Auth\\Middleware\\Authenticate->handle(Object(Illuminate\\Http\\Request), Object(Closure), 'sanctum')
#31 /Users/recycle/work/htain-thein-be/vendor/laravel/sanctum/src/Http/Middleware/EnsureFrontendRequestsAreStateful.php(25): Illuminate\\Pipeline\\Pipeline->Illuminate\\Pipeline\\{closure}(Object(Illuminate\\Http\\Request))
#32 /Users/recycle/work/htain-thein-be/vendor/laravel/framework/src/Illuminate/Pipeline/Pipeline.php(144): Laravel\\Sanctum\\Http\\Middleware\\EnsureFrontendRequestsAreStateful->Laravel\\Sanctum\\Http\\Middleware\\{closure}(Object(Illuminate\\Http\\Request))
#33 /Users/recycle/work/htain-thein-be/vendor/laravel/framework/src/Illuminate/Pipeline/Pipeline.php(119): Illuminate\\Pipeline\\Pipeline->Illuminate\\Pipeline\\{closure}(Object(Illuminate\\Http\\Request))
#34 /Users/recycle/work/htain-thein-be/vendor/laravel/sanctum/src/Http/Middleware/EnsureFrontendRequestsAreStateful.php(24): Illuminate\\Pipeline\\Pipeline->then(Object(Closure))
#35 /Users/recycle/work/htain-thein-be/vendor/laravel/framework/src/Illuminate/Pipeline/Pipeline.php(183): Laravel\\Sanctum\\Http\\Middleware\\EnsureFrontendRequestsAreStateful->handle(Object(Illuminate\\Http\\Request), Object(Closure))
#36 /Users/recycle/work/htain-thein-be/vendor/laravel/framework/src/Illuminate/Pipeline/Pipeline.php(119): Illuminate\\Pipeline\\Pipeline->Illuminate\\Pipeline\\{closure}(Object(Illuminate\\Http\\Request))
#37 /Users/recycle/work/htain-thein-be/vendor/laravel/framework/src/Illuminate/Routing/Router.php(805): Illuminate\\Pipeline\\Pipeline->then(Object(Closure))
#38 /Users/recycle/work/htain-thein-be/vendor/laravel/framework/src/Illuminate/Routing/Router.php(784): Illuminate\\Routing\\Router->runRouteWithinStack(Object(Illuminate\\Routing\\Route), Object(Illuminate\\Http\\Request))
#39 /Users/recycle/work/htain-thein-be/vendor/laravel/framework/src/Illuminate/Routing/Router.php(748): Illuminate\\Routing\\Router->runRoute(Object(Illuminate\\Http\\Request), Object(Illuminate\\Routing\\Route))
#40 /Users/recycle/work/htain-thein-be/vendor/laravel/framework/src/Illuminate/Routing/Router.php(737): Illuminate\\Routing\\Router->dispatchToRoute(Object(Illuminate\\Http\\Request))
#41 /Users/recycle/work/htain-thein-be/vendor/laravel/framework/src/Illuminate/Foundation/Http/Kernel.php(200): Illuminate\\Routing\\Router->dispatch(Object(Illuminate\\Http\\Request))
#42 /Users/recycle/work/htain-thein-be/vendor/laravel/framework/src/Illuminate/Pipeline/Pipeline.php(144): Illuminate\\Foundation\\Http\\Kernel->Illuminate\\Foundation\\Http\\{closure}(Object(Illuminate\\Http\\Request))
#43 /Users/recycle/work/htain-thein-be/vendor/laravel/framework/src/Illuminate/View/Middleware/ShareErrorsFromSession.php(49): Illuminate\\Pipeline\\Pipeline->Illuminate\\Pipeline\\{closure}(Object(Illuminate\\Http\\Request))
#44 /Users/recycle/work/htain-thein-be/vendor/laravel/framework/src/Illuminate/Pipeline/Pipeline.php(183): Illuminate\\View\\Middleware\\ShareErrorsFromSession->handle(Object(Illuminate\\Http\\Request), Object(Closure))
#45 /Users/recycle/work/htain-thein-be/vendor/laravel/framework/src/Illuminate/Session/Middleware/StartSession.php(121): Illuminate\\Pipeline\\Pipeline->Illuminate\\Pipeline\\{closure}(Object(Illuminate\\Http\\Request))
#46 /Users/recycle/work/htain-thein-be/vendor/laravel/framework/src/Illuminate/Session/Middleware/StartSession.php(64): Illuminate\\Session\\Middleware\\StartSession->handleStatefulRequest(Object(Illuminate\\Http\\Request), Object(Illuminate\\Session\\Store), Object(Closure))
#47 /Users/recycle/work/htain-thein-be/vendor/laravel/framework/src/Illuminate/Pipeline/Pipeline.php(183): Illuminate\\Session\\Middleware\\StartSession->handle(Object(Illuminate\\Http\\Request), Object(Closure))
#48 /Users/recycle/work/htain-thein-be/vendor/laravel/framework/src/Illuminate/Foundation/Http/Middleware/TransformsRequest.php(21): Illuminate\\Pipeline\\Pipeline->Illuminate\\Pipeline\\{closure}(Object(Illuminate\\Http\\Request))
#49 /Users/recycle/work/htain-thein-be/vendor/laravel/framework/src/Illuminate/Foundation/Http/Middleware/ConvertEmptyStringsToNull.php(31): Illuminate\\Foundation\\Http\\Middleware\\TransformsRequest->handle(Object(Illuminate\\Http\\Request), Object(Closure))
#50 /Users/recycle/work/htain-thein-be/vendor/laravel/framework/src/Illuminate/Pipeline/Pipeline.php(183): Illuminate\\Foundation\\Http\\Middleware\\ConvertEmptyStringsToNull->handle(Object(Illuminate\\Http\\Request), Object(Closure))
#51 /Users/recycle/work/htain-thein-be/vendor/laravel/framework/src/Illuminate/Foundation/Http/Middleware/TransformsRequest.php(21): Illuminate\\Pipeline\\Pipeline->Illuminate\\Pipeline\\{closure}(Object(Illuminate\\Http\\Request))
#52 /Users/recycle/work/htain-thein-be/vendor/laravel/framework/src/Illuminate/Foundation/Http/Middleware/TrimStrings.php(40): Illuminate\\Foundation\\Http\\Middleware\\TransformsRequest->handle(Object(Illuminate\\Http\\Request), Object(Closure))
#53 /Users/recycle/work/htain-thein-be/vendor/laravel/framework/src/Illuminate/Pipeline/Pipeline.php(183): Illuminate\\Foundation\\Http\\Middleware\\TrimStrings->handle(Object(Illuminate\\Http\\Request), Object(Closure))
#54 /Users/recycle/work/htain-thein-be/vendor/laravel/framework/src/Illuminate/Foundation/Http/Middleware/ValidatePostSize.php(27): Illuminate\\Pipeline\\Pipeline->Illuminate\\Pipeline\\{closure}(Object(Illuminate\\Http\\Request))
#55 /Users/recycle/work/htain-thein-be/vendor/laravel/framework/src/Illuminate/Pipeline/Pipeline.php(183): Illuminate\\Foundation\\Http\\Middleware\\ValidatePostSize->handle(Object(Illuminate\\Http\\Request), Object(Closure))
#56 /Users/recycle/work/htain-thein-be/vendor/laravel/framework/src/Illuminate/Foundation/Http/Middleware/PreventRequestsDuringMaintenance.php(99): Illuminate\\Pipeline\\Pipeline->Illuminate\\Pipeline\\{closure}(Object(Illuminate\\Http\\Request))
#57 /Users/recycle/work/htain-thein-be/vendor/laravel/framework/src/Illuminate/Pipeline/Pipeline.php(183): Illuminate\\Foundation\\Http\\Middleware\\PreventRequestsDuringMaintenance->handle(Object(Illuminate\\Http\\Request), Object(Closure))
#58 /Users/recycle/work/htain-thein-be/vendor/laravel/framework/src/Illuminate/Http/Middleware/HandleCors.php(62): Illuminate\\Pipeline\\Pipeline->Illuminate\\Pipeline\\{closure}(Object(Illuminate\\Http\\Request))
#59 /Users/recycle/work/htain-thein-be/vendor/laravel/framework/src/Illuminate/Pipeline/Pipeline.php(183): Illuminate\\Http\\Middleware\\HandleCors->handle(Object(Illuminate\\Http\\Request), Object(Closure))
#60 /Users/recycle/work/htain-thein-be/vendor/laravel/framework/src/Illuminate/Http/Middleware/TrustProxies.php(39): Illuminate\\Pipeline\\Pipeline->Illuminate\\Pipeline\\{closure}(Object(Illuminate\\Http\\Request))
#61 /Users/recycle/work/htain-thein-be/vendor/laravel/framework/src/Illuminate/Pipeline/Pipeline.php(183): Illuminate\\Http\\Middleware\\TrustProxies->handle(Object(Illuminate\\Http\\Request), Object(Closure))
#62 /Users/recycle/work/htain-thein-be/vendor/laravel/framework/src/Illuminate/Pipeline/Pipeline.php(119): Illuminate\\Pipeline\\Pipeline->Illuminate\\Pipeline\\{closure}(Object(Illuminate\\Http\\Request))
#63 /Users/recycle/work/htain-thein-be/vendor/laravel/framework/src/Illuminate/Foundation/Http/Kernel.php(175): Illuminate\\Pipeline\\Pipeline->then(Object(Closure))
#64 /Users/recycle/work/htain-thein-be/vendor/laravel/framework/src/Illuminate/Foundation/Http/Kernel.php(144): Illuminate\\Foundation\\Http\\Kernel->sendRequestThroughRouter(Object(Illuminate\\Http\\Request))
#65 /Users/recycle/work/htain-thein-be/public/index.php(51): Illuminate\\Foundation\\Http\\Kernel->handle(Object(Illuminate\\Http\\Request))
#66 /Users/recycle/work/htain-thein-be/vendor/laravel/framework/src/Illuminate/Foundation/resources/server.php(16): require_once('/Users/recycle/...')
#67 {main}
"} 
[2025-01-21 13:25:32] local.ERROR: The HTTP status code "0" is not valid. {"userId":1,"exception":"[object] (InvalidArgumentException(code: 0): The HTTP status code \"0\" is not valid. at /Users/recycle/work/htain-thein-be/vendor/symfony/http-foundation/Response.php:502)
[stacktrace]
#0 /Users/recycle/work/htain-thein-be/vendor/symfony/http-foundation/Response.php(228): Symfony\\Component\\HttpFoundation\\Response->setStatusCode(0)
#1 /Users/recycle/work/htain-thein-be/vendor/symfony/http-foundation/JsonResponse.php(41): Symfony\\Component\\HttpFoundation\\Response->__construct('', 0, Array)
#2 /Users/recycle/work/htain-thein-be/vendor/laravel/framework/src/Illuminate/Http/JsonResponse.php(32): Symfony\\Component\\HttpFoundation\\JsonResponse->__construct(Array, 0, Array, false)
#3 /Users/recycle/work/htain-thein-be/vendor/laravel/framework/src/Illuminate/Routing/ResponseFactory.php(102): Illuminate\\Http\\JsonResponse->__construct(Array, 0, Array, 0)
#4 /Users/recycle/work/htain-thein-be/app/Exceptions/Handler.php(89): Illuminate\\Routing\\ResponseFactory->json(Array, 0)
#5 /Users/recycle/work/htain-thein-be/vendor/laravel/framework/src/Illuminate/Routing/Pipeline.php(51): App\\Exceptions\\Handler->render(Object(Illuminate\\Http\\Request), Object(App\\Exceptions\\CustomErrorException))
#6 /Users/recycle/work/htain-thein-be/vendor/laravel/framework/src/Illuminate/Pipeline/Pipeline.php(146): Illuminate\\Routing\\Pipeline->handleException(Object(Illuminate\\Http\\Request), Object(App\\Exceptions\\CustomErrorException))
#7 /Users/recycle/work/htain-thein-be/vendor/laravel/framework/src/Illuminate/Routing/Middleware/SubstituteBindings.php(50): Illuminate\\Pipeline\\Pipeline->Illuminate\\Pipeline\\{closure}(Object(Illuminate\\Http\\Request))
#8 /Users/recycle/work/htain-thein-be/vendor/laravel/framework/src/Illuminate/Pipeline/Pipeline.php(183): Illuminate\\Routing\\Middleware\\SubstituteBindings->handle(Object(Illuminate\\Http\\Request), Object(Closure))
#9 /Users/recycle/work/htain-thein-be/vendor/laravel/framework/src/Illuminate/Routing/Middleware/ThrottleRequests.php(159): Illuminate\\Pipeline\\Pipeline->Illuminate\\Pipeline\\{closure}(Object(Illuminate\\Http\\Request))
#10 /Users/recycle/work/htain-thein-be/vendor/laravel/framework/src/Illuminate/Routing/Middleware/ThrottleRequests.php(125): Illuminate\\Routing\\Middleware\\ThrottleRequests->handleRequest(Object(Illuminate\\Http\\Request), Object(Closure), Array)
#11 /Users/recycle/work/htain-thein-be/vendor/laravel/framework/src/Illuminate/Routing/Middleware/ThrottleRequests.php(87): Illuminate\\Routing\\Middleware\\ThrottleRequests->handleRequestUsingNamedLimiter(Object(Illuminate\\Http\\Request), Object(Closure), 'api', Object(Closure))
#12 /Users/recycle/work/htain-thein-be/vendor/laravel/framework/src/Illuminate/Pipeline/Pipeline.php(183): Illuminate\\Routing\\Middleware\\ThrottleRequests->handle(Object(Illuminate\\Http\\Request), Object(Closure), 'api')
#13 /Users/recycle/work/htain-thein-be/vendor/laravel/framework/src/Illuminate/Auth/Middleware/Authenticate.php(57): Illuminate\\Pipeline\\Pipeline->Illuminate\\Pipeline\\{closure}(Object(Illuminate\\Http\\Request))
#14 /Users/recycle/work/htain-thein-be/vendor/laravel/framework/src/Illuminate/Pipeline/Pipeline.php(183): Illuminate\\Auth\\Middleware\\Authenticate->handle(Object(Illuminate\\Http\\Request), Object(Closure), 'sanctum')
#15 /Users/recycle/work/htain-thein-be/vendor/laravel/sanctum/src/Http/Middleware/EnsureFrontendRequestsAreStateful.php(25): Illuminate\\Pipeline\\Pipeline->Illuminate\\Pipeline\\{closure}(Object(Illuminate\\Http\\Request))
#16 /Users/recycle/work/htain-thein-be/vendor/laravel/framework/src/Illuminate/Pipeline/Pipeline.php(144): Laravel\\Sanctum\\Http\\Middleware\\EnsureFrontendRequestsAreStateful->Laravel\\Sanctum\\Http\\Middleware\\{closure}(Object(Illuminate\\Http\\Request))
#17 /Users/recycle/work/htain-thein-be/vendor/laravel/framework/src/Illuminate/Pipeline/Pipeline.php(119): Illuminate\\Pipeline\\Pipeline->Illuminate\\Pipeline\\{closure}(Object(Illuminate\\Http\\Request))
#18 /Users/recycle/work/htain-thein-be/vendor/laravel/sanctum/src/Http/Middleware/EnsureFrontendRequestsAreStateful.php(24): Illuminate\\Pipeline\\Pipeline->then(Object(Closure))
#19 /Users/recycle/work/htain-thein-be/vendor/laravel/framework/src/Illuminate/Pipeline/Pipeline.php(183): Laravel\\Sanctum\\Http\\Middleware\\EnsureFrontendRequestsAreStateful->handle(Object(Illuminate\\Http\\Request), Object(Closure))
#20 /Users/recycle/work/htain-thein-be/vendor/laravel/framework/src/Illuminate/Pipeline/Pipeline.php(119): Illuminate\\Pipeline\\Pipeline->Illuminate\\Pipeline\\{closure}(Object(Illuminate\\Http\\Request))
#21 /Users/recycle/work/htain-thein-be/vendor/laravel/framework/src/Illuminate/Routing/Router.php(805): Illuminate\\Pipeline\\Pipeline->then(Object(Closure))
#22 /Users/recycle/work/htain-thein-be/vendor/laravel/framework/src/Illuminate/Routing/Router.php(784): Illuminate\\Routing\\Router->runRouteWithinStack(Object(Illuminate\\Routing\\Route), Object(Illuminate\\Http\\Request))
#23 /Users/recycle/work/htain-thein-be/vendor/laravel/framework/src/Illuminate/Routing/Router.php(748): Illuminate\\Routing\\Router->runRoute(Object(Illuminate\\Http\\Request), Object(Illuminate\\Routing\\Route))
#24 /Users/recycle/work/htain-thein-be/vendor/laravel/framework/src/Illuminate/Routing/Router.php(737): Illuminate\\Routing\\Router->dispatchToRoute(Object(Illuminate\\Http\\Request))
#25 /Users/recycle/work/htain-thein-be/vendor/laravel/framework/src/Illuminate/Foundation/Http/Kernel.php(200): Illuminate\\Routing\\Router->dispatch(Object(Illuminate\\Http\\Request))
#26 /Users/recycle/work/htain-thein-be/vendor/laravel/framework/src/Illuminate/Pipeline/Pipeline.php(144): Illuminate\\Foundation\\Http\\Kernel->Illuminate\\Foundation\\Http\\{closure}(Object(Illuminate\\Http\\Request))
#27 /Users/recycle/work/htain-thein-be/vendor/laravel/framework/src/Illuminate/View/Middleware/ShareErrorsFromSession.php(49): Illuminate\\Pipeline\\Pipeline->Illuminate\\Pipeline\\{closure}(Object(Illuminate\\Http\\Request))
#28 /Users/recycle/work/htain-thein-be/vendor/laravel/framework/src/Illuminate/Pipeline/Pipeline.php(183): Illuminate\\View\\Middleware\\ShareErrorsFromSession->handle(Object(Illuminate\\Http\\Request), Object(Closure))
#29 /Users/recycle/work/htain-thein-be/vendor/laravel/framework/src/Illuminate/Session/Middleware/StartSession.php(121): Illuminate\\Pipeline\\Pipeline->Illuminate\\Pipeline\\{closure}(Object(Illuminate\\Http\\Request))
#30 /Users/recycle/work/htain-thein-be/vendor/laravel/framework/src/Illuminate/Session/Middleware/StartSession.php(64): Illuminate\\Session\\Middleware\\StartSession->handleStatefulRequest(Object(Illuminate\\Http\\Request), Object(Illuminate\\Session\\Store), Object(Closure))
#31 /Users/recycle/work/htain-thein-be/vendor/laravel/framework/src/Illuminate/Pipeline/Pipeline.php(183): Illuminate\\Session\\Middleware\\StartSession->handle(Object(Illuminate\\Http\\Request), Object(Closure))
#32 /Users/recycle/work/htain-thein-be/vendor/laravel/framework/src/Illuminate/Foundation/Http/Middleware/TransformsRequest.php(21): Illuminate\\Pipeline\\Pipeline->Illuminate\\Pipeline\\{closure}(Object(Illuminate\\Http\\Request))
#33 /Users/recycle/work/htain-thein-be/vendor/laravel/framework/src/Illuminate/Foundation/Http/Middleware/ConvertEmptyStringsToNull.php(31): Illuminate\\Foundation\\Http\\Middleware\\TransformsRequest->handle(Object(Illuminate\\Http\\Request), Object(Closure))
#34 /Users/recycle/work/htain-thein-be/vendor/laravel/framework/src/Illuminate/Pipeline/Pipeline.php(183): Illuminate\\Foundation\\Http\\Middleware\\ConvertEmptyStringsToNull->handle(Object(Illuminate\\Http\\Request), Object(Closure))
#35 /Users/recycle/work/htain-thein-be/vendor/laravel/framework/src/Illuminate/Foundation/Http/Middleware/TransformsRequest.php(21): Illuminate\\Pipeline\\Pipeline->Illuminate\\Pipeline\\{closure}(Object(Illuminate\\Http\\Request))
#36 /Users/recycle/work/htain-thein-be/vendor/laravel/framework/src/Illuminate/Foundation/Http/Middleware/TrimStrings.php(40): Illuminate\\Foundation\\Http\\Middleware\\TransformsRequest->handle(Object(Illuminate\\Http\\Request), Object(Closure))
#37 /Users/recycle/work/htain-thein-be/vendor/laravel/framework/src/Illuminate/Pipeline/Pipeline.php(183): Illuminate\\Foundation\\Http\\Middleware\\TrimStrings->handle(Object(Illuminate\\Http\\Request), Object(Closure))
#38 /Users/recycle/work/htain-thein-be/vendor/laravel/framework/src/Illuminate/Foundation/Http/Middleware/ValidatePostSize.php(27): Illuminate\\Pipeline\\Pipeline->Illuminate\\Pipeline\\{closure}(Object(Illuminate\\Http\\Request))
#39 /Users/recycle/work/htain-thein-be/vendor/laravel/framework/src/Illuminate/Pipeline/Pipeline.php(183): Illuminate\\Foundation\\Http\\Middleware\\ValidatePostSize->handle(Object(Illuminate\\Http\\Request), Object(Closure))
#40 /Users/recycle/work/htain-thein-be/vendor/laravel/framework/src/Illuminate/Foundation/Http/Middleware/PreventRequestsDuringMaintenance.php(99): Illuminate\\Pipeline\\Pipeline->Illuminate\\Pipeline\\{closure}(Object(Illuminate\\Http\\Request))
#41 /Users/recycle/work/htain-thein-be/vendor/laravel/framework/src/Illuminate/Pipeline/Pipeline.php(183): Illuminate\\Foundation\\Http\\Middleware\\PreventRequestsDuringMaintenance->handle(Object(Illuminate\\Http\\Request), Object(Closure))
#42 /Users/recycle/work/htain-thein-be/vendor/laravel/framework/src/Illuminate/Http/Middleware/HandleCors.php(62): Illuminate\\Pipeline\\Pipeline->Illuminate\\Pipeline\\{closure}(Object(Illuminate\\Http\\Request))
#43 /Users/recycle/work/htain-thein-be/vendor/laravel/framework/src/Illuminate/Pipeline/Pipeline.php(183): Illuminate\\Http\\Middleware\\HandleCors->handle(Object(Illuminate\\Http\\Request), Object(Closure))
#44 /Users/recycle/work/htain-thein-be/vendor/laravel/framework/src/Illuminate/Http/Middleware/TrustProxies.php(39): Illuminate\\Pipeline\\Pipeline->Illuminate\\Pipeline\\{closure}(Object(Illuminate\\Http\\Request))
#45 /Users/recycle/work/htain-thein-be/vendor/laravel/framework/src/Illuminate/Pipeline/Pipeline.php(183): Illuminate\\Http\\Middleware\\TrustProxies->handle(Object(Illuminate\\Http\\Request), Object(Closure))
#46 /Users/recycle/work/htain-thein-be/vendor/laravel/framework/src/Illuminate/Pipeline/Pipeline.php(119): Illuminate\\Pipeline\\Pipeline->Illuminate\\Pipeline\\{closure}(Object(Illuminate\\Http\\Request))
#47 /Users/recycle/work/htain-thein-be/vendor/laravel/framework/src/Illuminate/Foundation/Http/Kernel.php(175): Illuminate\\Pipeline\\Pipeline->then(Object(Closure))
#48 /Users/recycle/work/htain-thein-be/vendor/laravel/framework/src/Illuminate/Foundation/Http/Kernel.php(144): Illuminate\\Foundation\\Http\\Kernel->sendRequestThroughRouter(Object(Illuminate\\Http\\Request))
#49 /Users/recycle/work/htain-thein-be/public/index.php(51): Illuminate\\Foundation\\Http\\Kernel->handle(Object(Illuminate\\Http\\Request))
#50 /Users/recycle/work/htain-thein-be/vendor/laravel/framework/src/Illuminate/Foundation/resources/server.php(16): require_once('/Users/recycle/...')
#51 {main}
"} 
[2025-01-21 13:26:11] local.ERROR: The $date parameter must be a string, a DateTimeInterface instance, or null. {"userId":1,"exception":"[object] (App\\Exceptions\\CustomErrorException(code: 0): The $date parameter must be a string, a DateTimeInterface instance, or null. at /Users/recycle/work/htain-thein-be/App/Helpers/DateChangeHelper.php:15)
[stacktrace]
#0 /Users/recycle/work/htain-thein-be/app/Http/Resources/NotificationReadResource.php(21): changeToDifferForHuman(NULL)
#1 /Users/recycle/work/htain-thein-be/vendor/laravel/framework/src/Illuminate/Collections/HigherOrderCollectionProxy.php(60): App\\Http\\Resources\\NotificationReadResource->toArray(Object(Illuminate\\Http\\Request))
#2 [internal function]: Illuminate\\Support\\HigherOrderCollectionProxy->Illuminate\\Support\\{closure}(Object(App\\Http\\Resources\\NotificationReadResource), 0)
#3 /Users/recycle/work/htain-thein-be/vendor/laravel/framework/src/Illuminate/Collections/Arr.php(600): array_map(Object(Closure), Array, Array)
#4 /Users/recycle/work/htain-thein-be/vendor/laravel/framework/src/Illuminate/Collections/Collection.php(778): Illuminate\\Support\\Arr::map(Array, Object(Closure))
#5 /Users/recycle/work/htain-thein-be/vendor/laravel/framework/src/Illuminate/Collections/HigherOrderCollectionProxy.php(59): Illuminate\\Support\\Collection->map(Object(Closure))
#6 /Users/recycle/work/htain-thein-be/vendor/laravel/framework/src/Illuminate/Http/Resources/Json/ResourceCollection.php(102): Illuminate\\Support\\HigherOrderCollectionProxy->__call('toArray', Array)
#7 /Users/recycle/work/htain-thein-be/vendor/laravel/framework/src/Illuminate/Http/Resources/Json/JsonResource.php(108): Illuminate\\Http\\Resources\\Json\\ResourceCollection->toArray(Object(Illuminate\\Http\\Request))
#8 /Users/recycle/work/htain-thein-be/vendor/laravel/framework/src/Illuminate/Http/Resources/Json/JsonResource.php(255): Illuminate\\Http\\Resources\\Json\\JsonResource->resolve(Object(Illuminate\\Http\\Request))
#9 [internal function]: Illuminate\\Http\\Resources\\Json\\JsonResource->jsonSerialize()
#10 /Users/recycle/work/htain-thein-be/vendor/laravel/framework/src/Illuminate/Http/JsonResponse.php(84): json_encode(Array, 0)
#11 /Users/recycle/work/htain-thein-be/vendor/symfony/http-foundation/JsonResponse.php(49): Illuminate\\Http\\JsonResponse->setData(Array)
#12 /Users/recycle/work/htain-thein-be/vendor/laravel/framework/src/Illuminate/Http/JsonResponse.php(32): Symfony\\Component\\HttpFoundation\\JsonResponse->__construct(Array, 200, Array, false)
#13 /Users/recycle/work/htain-thein-be/vendor/laravel/framework/src/Illuminate/Routing/ResponseFactory.php(102): Illuminate\\Http\\JsonResponse->__construct(Array, 200, Array, 0)
#14 /Users/recycle/work/htain-thein-be/app/Services/NotificationInfo/GetAllNotificationsService.php(18): Illuminate\\Routing\\ResponseFactory->json(Array)
#15 /Users/recycle/work/htain-thein-be/app/UseCases/NotiInfo/NotiInfoAction.php(70): App\\Services\\NotificationInfo\\GetAllNotificationsService->__invoke(Object(App\\Repositories\\Notification\\NotificationRepository), Array, 1)
#16 /Users/recycle/work/htain-thein-be/app/Http/Controllers/Api/NotiInfoController.php(33): App\\UseCases\\NotiInfo\\NotiInfoAction->getAllNotifications(Array, 1)
#17 /Users/recycle/work/htain-thein-be/vendor/laravel/framework/src/Illuminate/Routing/Controller.php(54): App\\Http\\Controllers\\Api\\NotiInfoController->index(Object(App\\Http\\Requests\\V1\\App\\NotificationInfo\\FetchAllNotificationRequest))
#18 /Users/recycle/work/htain-thein-be/vendor/laravel/framework/src/Illuminate/Routing/ControllerDispatcher.php(43): Illuminate\\Routing\\Controller->callAction('index', Array)
#19 /Users/recycle/work/htain-thein-be/vendor/laravel/framework/src/Illuminate/Routing/Route.php(259): Illuminate\\Routing\\ControllerDispatcher->dispatch(Object(Illuminate\\Routing\\Route), Object(App\\Http\\Controllers\\Api\\NotiInfoController), 'index')
#20 /Users/recycle/work/htain-thein-be/vendor/laravel/framework/src/Illuminate/Routing/Route.php(205): Illuminate\\Routing\\Route->runController()
#21 /Users/recycle/work/htain-thein-be/vendor/laravel/framework/src/Illuminate/Routing/Router.php(806): Illuminate\\Routing\\Route->run()
#22 /Users/recycle/work/htain-thein-be/vendor/laravel/framework/src/Illuminate/Pipeline/Pipeline.php(144): Illuminate\\Routing\\Router->Illuminate\\Routing\\{closure}(Object(Illuminate\\Http\\Request))
#23 /Users/recycle/work/htain-thein-be/vendor/laravel/framework/src/Illuminate/Routing/Middleware/SubstituteBindings.php(50): Illuminate\\Pipeline\\Pipeline->Illuminate\\Pipeline\\{closure}(Object(Illuminate\\Http\\Request))
#24 /Users/recycle/work/htain-thein-be/vendor/laravel/framework/src/Illuminate/Pipeline/Pipeline.php(183): Illuminate\\Routing\\Middleware\\SubstituteBindings->handle(Object(Illuminate\\Http\\Request), Object(Closure))
#25 /Users/recycle/work/htain-thein-be/vendor/laravel/framework/src/Illuminate/Routing/Middleware/ThrottleRequests.php(159): Illuminate\\Pipeline\\Pipeline->Illuminate\\Pipeline\\{closure}(Object(Illuminate\\Http\\Request))
#26 /Users/recycle/work/htain-thein-be/vendor/laravel/framework/src/Illuminate/Routing/Middleware/ThrottleRequests.php(125): Illuminate\\Routing\\Middleware\\ThrottleRequests->handleRequest(Object(Illuminate\\Http\\Request), Object(Closure), Array)
#27 /Users/recycle/work/htain-thein-be/vendor/laravel/framework/src/Illuminate/Routing/Middleware/ThrottleRequests.php(87): Illuminate\\Routing\\Middleware\\ThrottleRequests->handleRequestUsingNamedLimiter(Object(Illuminate\\Http\\Request), Object(Closure), 'api', Object(Closure))
#28 /Users/recycle/work/htain-thein-be/vendor/laravel/framework/src/Illuminate/Pipeline/Pipeline.php(183): Illuminate\\Routing\\Middleware\\ThrottleRequests->handle(Object(Illuminate\\Http\\Request), Object(Closure), 'api')
#29 /Users/recycle/work/htain-thein-be/vendor/laravel/framework/src/Illuminate/Auth/Middleware/Authenticate.php(57): Illuminate\\Pipeline\\Pipeline->Illuminate\\Pipeline\\{closure}(Object(Illuminate\\Http\\Request))
#30 /Users/recycle/work/htain-thein-be/vendor/laravel/framework/src/Illuminate/Pipeline/Pipeline.php(183): Illuminate\\Auth\\Middleware\\Authenticate->handle(Object(Illuminate\\Http\\Request), Object(Closure), 'sanctum')
#31 /Users/recycle/work/htain-thein-be/vendor/laravel/sanctum/src/Http/Middleware/EnsureFrontendRequestsAreStateful.php(25): Illuminate\\Pipeline\\Pipeline->Illuminate\\Pipeline\\{closure}(Object(Illuminate\\Http\\Request))
#32 /Users/recycle/work/htain-thein-be/vendor/laravel/framework/src/Illuminate/Pipeline/Pipeline.php(144): Laravel\\Sanctum\\Http\\Middleware\\EnsureFrontendRequestsAreStateful->Laravel\\Sanctum\\Http\\Middleware\\{closure}(Object(Illuminate\\Http\\Request))
#33 /Users/recycle/work/htain-thein-be/vendor/laravel/framework/src/Illuminate/Pipeline/Pipeline.php(119): Illuminate\\Pipeline\\Pipeline->Illuminate\\Pipeline\\{closure}(Object(Illuminate\\Http\\Request))
#34 /Users/recycle/work/htain-thein-be/vendor/laravel/sanctum/src/Http/Middleware/EnsureFrontendRequestsAreStateful.php(24): Illuminate\\Pipeline\\Pipeline->then(Object(Closure))
#35 /Users/recycle/work/htain-thein-be/vendor/laravel/framework/src/Illuminate/Pipeline/Pipeline.php(183): Laravel\\Sanctum\\Http\\Middleware\\EnsureFrontendRequestsAreStateful->handle(Object(Illuminate\\Http\\Request), Object(Closure))
#36 /Users/recycle/work/htain-thein-be/vendor/laravel/framework/src/Illuminate/Pipeline/Pipeline.php(119): Illuminate\\Pipeline\\Pipeline->Illuminate\\Pipeline\\{closure}(Object(Illuminate\\Http\\Request))
#37 /Users/recycle/work/htain-thein-be/vendor/laravel/framework/src/Illuminate/Routing/Router.php(805): Illuminate\\Pipeline\\Pipeline->then(Object(Closure))
#38 /Users/recycle/work/htain-thein-be/vendor/laravel/framework/src/Illuminate/Routing/Router.php(784): Illuminate\\Routing\\Router->runRouteWithinStack(Object(Illuminate\\Routing\\Route), Object(Illuminate\\Http\\Request))
#39 /Users/recycle/work/htain-thein-be/vendor/laravel/framework/src/Illuminate/Routing/Router.php(748): Illuminate\\Routing\\Router->runRoute(Object(Illuminate\\Http\\Request), Object(Illuminate\\Routing\\Route))
#40 /Users/recycle/work/htain-thein-be/vendor/laravel/framework/src/Illuminate/Routing/Router.php(737): Illuminate\\Routing\\Router->dispatchToRoute(Object(Illuminate\\Http\\Request))
#41 /Users/recycle/work/htain-thein-be/vendor/laravel/framework/src/Illuminate/Foundation/Http/Kernel.php(200): Illuminate\\Routing\\Router->dispatch(Object(Illuminate\\Http\\Request))
#42 /Users/recycle/work/htain-thein-be/vendor/laravel/framework/src/Illuminate/Pipeline/Pipeline.php(144): Illuminate\\Foundation\\Http\\Kernel->Illuminate\\Foundation\\Http\\{closure}(Object(Illuminate\\Http\\Request))
#43 /Users/recycle/work/htain-thein-be/vendor/laravel/framework/src/Illuminate/View/Middleware/ShareErrorsFromSession.php(49): Illuminate\\Pipeline\\Pipeline->Illuminate\\Pipeline\\{closure}(Object(Illuminate\\Http\\Request))
#44 /Users/recycle/work/htain-thein-be/vendor/laravel/framework/src/Illuminate/Pipeline/Pipeline.php(183): Illuminate\\View\\Middleware\\ShareErrorsFromSession->handle(Object(Illuminate\\Http\\Request), Object(Closure))
#45 /Users/recycle/work/htain-thein-be/vendor/laravel/framework/src/Illuminate/Session/Middleware/StartSession.php(121): Illuminate\\Pipeline\\Pipeline->Illuminate\\Pipeline\\{closure}(Object(Illuminate\\Http\\Request))
#46 /Users/recycle/work/htain-thein-be/vendor/laravel/framework/src/Illuminate/Session/Middleware/StartSession.php(64): Illuminate\\Session\\Middleware\\StartSession->handleStatefulRequest(Object(Illuminate\\Http\\Request), Object(Illuminate\\Session\\Store), Object(Closure))
#47 /Users/recycle/work/htain-thein-be/vendor/laravel/framework/src/Illuminate/Pipeline/Pipeline.php(183): Illuminate\\Session\\Middleware\\StartSession->handle(Object(Illuminate\\Http\\Request), Object(Closure))
#48 /Users/recycle/work/htain-thein-be/vendor/laravel/framework/src/Illuminate/Foundation/Http/Middleware/TransformsRequest.php(21): Illuminate\\Pipeline\\Pipeline->Illuminate\\Pipeline\\{closure}(Object(Illuminate\\Http\\Request))
#49 /Users/recycle/work/htain-thein-be/vendor/laravel/framework/src/Illuminate/Foundation/Http/Middleware/ConvertEmptyStringsToNull.php(31): Illuminate\\Foundation\\Http\\Middleware\\TransformsRequest->handle(Object(Illuminate\\Http\\Request), Object(Closure))
#50 /Users/recycle/work/htain-thein-be/vendor/laravel/framework/src/Illuminate/Pipeline/Pipeline.php(183): Illuminate\\Foundation\\Http\\Middleware\\ConvertEmptyStringsToNull->handle(Object(Illuminate\\Http\\Request), Object(Closure))
#51 /Users/recycle/work/htain-thein-be/vendor/laravel/framework/src/Illuminate/Foundation/Http/Middleware/TransformsRequest.php(21): Illuminate\\Pipeline\\Pipeline->Illuminate\\Pipeline\\{closure}(Object(Illuminate\\Http\\Request))
#52 /Users/recycle/work/htain-thein-be/vendor/laravel/framework/src/Illuminate/Foundation/Http/Middleware/TrimStrings.php(40): Illuminate\\Foundation\\Http\\Middleware\\TransformsRequest->handle(Object(Illuminate\\Http\\Request), Object(Closure))
#53 /Users/recycle/work/htain-thein-be/vendor/laravel/framework/src/Illuminate/Pipeline/Pipeline.php(183): Illuminate\\Foundation\\Http\\Middleware\\TrimStrings->handle(Object(Illuminate\\Http\\Request), Object(Closure))
#54 /Users/recycle/work/htain-thein-be/vendor/laravel/framework/src/Illuminate/Foundation/Http/Middleware/ValidatePostSize.php(27): Illuminate\\Pipeline\\Pipeline->Illuminate\\Pipeline\\{closure}(Object(Illuminate\\Http\\Request))
#55 /Users/recycle/work/htain-thein-be/vendor/laravel/framework/src/Illuminate/Pipeline/Pipeline.php(183): Illuminate\\Foundation\\Http\\Middleware\\ValidatePostSize->handle(Object(Illuminate\\Http\\Request), Object(Closure))
#56 /Users/recycle/work/htain-thein-be/vendor/laravel/framework/src/Illuminate/Foundation/Http/Middleware/PreventRequestsDuringMaintenance.php(99): Illuminate\\Pipeline\\Pipeline->Illuminate\\Pipeline\\{closure}(Object(Illuminate\\Http\\Request))
#57 /Users/recycle/work/htain-thein-be/vendor/laravel/framework/src/Illuminate/Pipeline/Pipeline.php(183): Illuminate\\Foundation\\Http\\Middleware\\PreventRequestsDuringMaintenance->handle(Object(Illuminate\\Http\\Request), Object(Closure))
#58 /Users/recycle/work/htain-thein-be/vendor/laravel/framework/src/Illuminate/Http/Middleware/HandleCors.php(62): Illuminate\\Pipeline\\Pipeline->Illuminate\\Pipeline\\{closure}(Object(Illuminate\\Http\\Request))
#59 /Users/recycle/work/htain-thein-be/vendor/laravel/framework/src/Illuminate/Pipeline/Pipeline.php(183): Illuminate\\Http\\Middleware\\HandleCors->handle(Object(Illuminate\\Http\\Request), Object(Closure))
#60 /Users/recycle/work/htain-thein-be/vendor/laravel/framework/src/Illuminate/Http/Middleware/TrustProxies.php(39): Illuminate\\Pipeline\\Pipeline->Illuminate\\Pipeline\\{closure}(Object(Illuminate\\Http\\Request))
#61 /Users/recycle/work/htain-thein-be/vendor/laravel/framework/src/Illuminate/Pipeline/Pipeline.php(183): Illuminate\\Http\\Middleware\\TrustProxies->handle(Object(Illuminate\\Http\\Request), Object(Closure))
#62 /Users/recycle/work/htain-thein-be/vendor/laravel/framework/src/Illuminate/Pipeline/Pipeline.php(119): Illuminate\\Pipeline\\Pipeline->Illuminate\\Pipeline\\{closure}(Object(Illuminate\\Http\\Request))
#63 /Users/recycle/work/htain-thein-be/vendor/laravel/framework/src/Illuminate/Foundation/Http/Kernel.php(175): Illuminate\\Pipeline\\Pipeline->then(Object(Closure))
#64 /Users/recycle/work/htain-thein-be/vendor/laravel/framework/src/Illuminate/Foundation/Http/Kernel.php(144): Illuminate\\Foundation\\Http\\Kernel->sendRequestThroughRouter(Object(Illuminate\\Http\\Request))
#65 /Users/recycle/work/htain-thein-be/public/index.php(51): Illuminate\\Foundation\\Http\\Kernel->handle(Object(Illuminate\\Http\\Request))
#66 /Users/recycle/work/htain-thein-be/vendor/laravel/framework/src/Illuminate/Foundation/resources/server.php(16): require_once('/Users/recycle/...')
#67 {main}
"} 
[2025-01-21 13:26:11] local.ERROR: The HTTP status code "0" is not valid. {"userId":1,"exception":"[object] (InvalidArgumentException(code: 0): The HTTP status code \"0\" is not valid. at /Users/recycle/work/htain-thein-be/vendor/symfony/http-foundation/Response.php:502)
[stacktrace]
#0 /Users/recycle/work/htain-thein-be/vendor/symfony/http-foundation/Response.php(228): Symfony\\Component\\HttpFoundation\\Response->setStatusCode(0)
#1 /Users/recycle/work/htain-thein-be/vendor/symfony/http-foundation/JsonResponse.php(41): Symfony\\Component\\HttpFoundation\\Response->__construct('', 0, Array)
#2 /Users/recycle/work/htain-thein-be/vendor/laravel/framework/src/Illuminate/Http/JsonResponse.php(32): Symfony\\Component\\HttpFoundation\\JsonResponse->__construct(Array, 0, Array, false)
#3 /Users/recycle/work/htain-thein-be/vendor/laravel/framework/src/Illuminate/Routing/ResponseFactory.php(102): Illuminate\\Http\\JsonResponse->__construct(Array, 0, Array, 0)
#4 /Users/recycle/work/htain-thein-be/app/Exceptions/Handler.php(89): Illuminate\\Routing\\ResponseFactory->json(Array, 0)
#5 /Users/recycle/work/htain-thein-be/vendor/laravel/framework/src/Illuminate/Routing/Pipeline.php(51): App\\Exceptions\\Handler->render(Object(Illuminate\\Http\\Request), Object(App\\Exceptions\\CustomErrorException))
#6 /Users/recycle/work/htain-thein-be/vendor/laravel/framework/src/Illuminate/Pipeline/Pipeline.php(146): Illuminate\\Routing\\Pipeline->handleException(Object(Illuminate\\Http\\Request), Object(App\\Exceptions\\CustomErrorException))
#7 /Users/recycle/work/htain-thein-be/vendor/laravel/framework/src/Illuminate/Routing/Middleware/SubstituteBindings.php(50): Illuminate\\Pipeline\\Pipeline->Illuminate\\Pipeline\\{closure}(Object(Illuminate\\Http\\Request))
#8 /Users/recycle/work/htain-thein-be/vendor/laravel/framework/src/Illuminate/Pipeline/Pipeline.php(183): Illuminate\\Routing\\Middleware\\SubstituteBindings->handle(Object(Illuminate\\Http\\Request), Object(Closure))
#9 /Users/recycle/work/htain-thein-be/vendor/laravel/framework/src/Illuminate/Routing/Middleware/ThrottleRequests.php(159): Illuminate\\Pipeline\\Pipeline->Illuminate\\Pipeline\\{closure}(Object(Illuminate\\Http\\Request))
#10 /Users/recycle/work/htain-thein-be/vendor/laravel/framework/src/Illuminate/Routing/Middleware/ThrottleRequests.php(125): Illuminate\\Routing\\Middleware\\ThrottleRequests->handleRequest(Object(Illuminate\\Http\\Request), Object(Closure), Array)
#11 /Users/recycle/work/htain-thein-be/vendor/laravel/framework/src/Illuminate/Routing/Middleware/ThrottleRequests.php(87): Illuminate\\Routing\\Middleware\\ThrottleRequests->handleRequestUsingNamedLimiter(Object(Illuminate\\Http\\Request), Object(Closure), 'api', Object(Closure))
#12 /Users/recycle/work/htain-thein-be/vendor/laravel/framework/src/Illuminate/Pipeline/Pipeline.php(183): Illuminate\\Routing\\Middleware\\ThrottleRequests->handle(Object(Illuminate\\Http\\Request), Object(Closure), 'api')
#13 /Users/recycle/work/htain-thein-be/vendor/laravel/framework/src/Illuminate/Auth/Middleware/Authenticate.php(57): Illuminate\\Pipeline\\Pipeline->Illuminate\\Pipeline\\{closure}(Object(Illuminate\\Http\\Request))
#14 /Users/recycle/work/htain-thein-be/vendor/laravel/framework/src/Illuminate/Pipeline/Pipeline.php(183): Illuminate\\Auth\\Middleware\\Authenticate->handle(Object(Illuminate\\Http\\Request), Object(Closure), 'sanctum')
#15 /Users/recycle/work/htain-thein-be/vendor/laravel/sanctum/src/Http/Middleware/EnsureFrontendRequestsAreStateful.php(25): Illuminate\\Pipeline\\Pipeline->Illuminate\\Pipeline\\{closure}(Object(Illuminate\\Http\\Request))
#16 /Users/recycle/work/htain-thein-be/vendor/laravel/framework/src/Illuminate/Pipeline/Pipeline.php(144): Laravel\\Sanctum\\Http\\Middleware\\EnsureFrontendRequestsAreStateful->Laravel\\Sanctum\\Http\\Middleware\\{closure}(Object(Illuminate\\Http\\Request))
#17 /Users/recycle/work/htain-thein-be/vendor/laravel/framework/src/Illuminate/Pipeline/Pipeline.php(119): Illuminate\\Pipeline\\Pipeline->Illuminate\\Pipeline\\{closure}(Object(Illuminate\\Http\\Request))
#18 /Users/recycle/work/htain-thein-be/vendor/laravel/sanctum/src/Http/Middleware/EnsureFrontendRequestsAreStateful.php(24): Illuminate\\Pipeline\\Pipeline->then(Object(Closure))
#19 /Users/recycle/work/htain-thein-be/vendor/laravel/framework/src/Illuminate/Pipeline/Pipeline.php(183): Laravel\\Sanctum\\Http\\Middleware\\EnsureFrontendRequestsAreStateful->handle(Object(Illuminate\\Http\\Request), Object(Closure))
#20 /Users/recycle/work/htain-thein-be/vendor/laravel/framework/src/Illuminate/Pipeline/Pipeline.php(119): Illuminate\\Pipeline\\Pipeline->Illuminate\\Pipeline\\{closure}(Object(Illuminate\\Http\\Request))
#21 /Users/recycle/work/htain-thein-be/vendor/laravel/framework/src/Illuminate/Routing/Router.php(805): Illuminate\\Pipeline\\Pipeline->then(Object(Closure))
#22 /Users/recycle/work/htain-thein-be/vendor/laravel/framework/src/Illuminate/Routing/Router.php(784): Illuminate\\Routing\\Router->runRouteWithinStack(Object(Illuminate\\Routing\\Route), Object(Illuminate\\Http\\Request))
#23 /Users/recycle/work/htain-thein-be/vendor/laravel/framework/src/Illuminate/Routing/Router.php(748): Illuminate\\Routing\\Router->runRoute(Object(Illuminate\\Http\\Request), Object(Illuminate\\Routing\\Route))
#24 /Users/recycle/work/htain-thein-be/vendor/laravel/framework/src/Illuminate/Routing/Router.php(737): Illuminate\\Routing\\Router->dispatchToRoute(Object(Illuminate\\Http\\Request))
#25 /Users/recycle/work/htain-thein-be/vendor/laravel/framework/src/Illuminate/Foundation/Http/Kernel.php(200): Illuminate\\Routing\\Router->dispatch(Object(Illuminate\\Http\\Request))
#26 /Users/recycle/work/htain-thein-be/vendor/laravel/framework/src/Illuminate/Pipeline/Pipeline.php(144): Illuminate\\Foundation\\Http\\Kernel->Illuminate\\Foundation\\Http\\{closure}(Object(Illuminate\\Http\\Request))
#27 /Users/recycle/work/htain-thein-be/vendor/laravel/framework/src/Illuminate/View/Middleware/ShareErrorsFromSession.php(49): Illuminate\\Pipeline\\Pipeline->Illuminate\\Pipeline\\{closure}(Object(Illuminate\\Http\\Request))
#28 /Users/recycle/work/htain-thein-be/vendor/laravel/framework/src/Illuminate/Pipeline/Pipeline.php(183): Illuminate\\View\\Middleware\\ShareErrorsFromSession->handle(Object(Illuminate\\Http\\Request), Object(Closure))
#29 /Users/recycle/work/htain-thein-be/vendor/laravel/framework/src/Illuminate/Session/Middleware/StartSession.php(121): Illuminate\\Pipeline\\Pipeline->Illuminate\\Pipeline\\{closure}(Object(Illuminate\\Http\\Request))
#30 /Users/recycle/work/htain-thein-be/vendor/laravel/framework/src/Illuminate/Session/Middleware/StartSession.php(64): Illuminate\\Session\\Middleware\\StartSession->handleStatefulRequest(Object(Illuminate\\Http\\Request), Object(Illuminate\\Session\\Store), Object(Closure))
#31 /Users/recycle/work/htain-thein-be/vendor/laravel/framework/src/Illuminate/Pipeline/Pipeline.php(183): Illuminate\\Session\\Middleware\\StartSession->handle(Object(Illuminate\\Http\\Request), Object(Closure))
#32 /Users/recycle/work/htain-thein-be/vendor/laravel/framework/src/Illuminate/Foundation/Http/Middleware/TransformsRequest.php(21): Illuminate\\Pipeline\\Pipeline->Illuminate\\Pipeline\\{closure}(Object(Illuminate\\Http\\Request))
#33 /Users/recycle/work/htain-thein-be/vendor/laravel/framework/src/Illuminate/Foundation/Http/Middleware/ConvertEmptyStringsToNull.php(31): Illuminate\\Foundation\\Http\\Middleware\\TransformsRequest->handle(Object(Illuminate\\Http\\Request), Object(Closure))
#34 /Users/recycle/work/htain-thein-be/vendor/laravel/framework/src/Illuminate/Pipeline/Pipeline.php(183): Illuminate\\Foundation\\Http\\Middleware\\ConvertEmptyStringsToNull->handle(Object(Illuminate\\Http\\Request), Object(Closure))
#35 /Users/recycle/work/htain-thein-be/vendor/laravel/framework/src/Illuminate/Foundation/Http/Middleware/TransformsRequest.php(21): Illuminate\\Pipeline\\Pipeline->Illuminate\\Pipeline\\{closure}(Object(Illuminate\\Http\\Request))
#36 /Users/recycle/work/htain-thein-be/vendor/laravel/framework/src/Illuminate/Foundation/Http/Middleware/TrimStrings.php(40): Illuminate\\Foundation\\Http\\Middleware\\TransformsRequest->handle(Object(Illuminate\\Http\\Request), Object(Closure))
#37 /Users/recycle/work/htain-thein-be/vendor/laravel/framework/src/Illuminate/Pipeline/Pipeline.php(183): Illuminate\\Foundation\\Http\\Middleware\\TrimStrings->handle(Object(Illuminate\\Http\\Request), Object(Closure))
#38 /Users/recycle/work/htain-thein-be/vendor/laravel/framework/src/Illuminate/Foundation/Http/Middleware/ValidatePostSize.php(27): Illuminate\\Pipeline\\Pipeline->Illuminate\\Pipeline\\{closure}(Object(Illuminate\\Http\\Request))
#39 /Users/recycle/work/htain-thein-be/vendor/laravel/framework/src/Illuminate/Pipeline/Pipeline.php(183): Illuminate\\Foundation\\Http\\Middleware\\ValidatePostSize->handle(Object(Illuminate\\Http\\Request), Object(Closure))
#40 /Users/recycle/work/htain-thein-be/vendor/laravel/framework/src/Illuminate/Foundation/Http/Middleware/PreventRequestsDuringMaintenance.php(99): Illuminate\\Pipeline\\Pipeline->Illuminate\\Pipeline\\{closure}(Object(Illuminate\\Http\\Request))
#41 /Users/recycle/work/htain-thein-be/vendor/laravel/framework/src/Illuminate/Pipeline/Pipeline.php(183): Illuminate\\Foundation\\Http\\Middleware\\PreventRequestsDuringMaintenance->handle(Object(Illuminate\\Http\\Request), Object(Closure))
#42 /Users/recycle/work/htain-thein-be/vendor/laravel/framework/src/Illuminate/Http/Middleware/HandleCors.php(62): Illuminate\\Pipeline\\Pipeline->Illuminate\\Pipeline\\{closure}(Object(Illuminate\\Http\\Request))
#43 /Users/recycle/work/htain-thein-be/vendor/laravel/framework/src/Illuminate/Pipeline/Pipeline.php(183): Illuminate\\Http\\Middleware\\HandleCors->handle(Object(Illuminate\\Http\\Request), Object(Closure))
#44 /Users/recycle/work/htain-thein-be/vendor/laravel/framework/src/Illuminate/Http/Middleware/TrustProxies.php(39): Illuminate\\Pipeline\\Pipeline->Illuminate\\Pipeline\\{closure}(Object(Illuminate\\Http\\Request))
#45 /Users/recycle/work/htain-thein-be/vendor/laravel/framework/src/Illuminate/Pipeline/Pipeline.php(183): Illuminate\\Http\\Middleware\\TrustProxies->handle(Object(Illuminate\\Http\\Request), Object(Closure))
#46 /Users/recycle/work/htain-thein-be/vendor/laravel/framework/src/Illuminate/Pipeline/Pipeline.php(119): Illuminate\\Pipeline\\Pipeline->Illuminate\\Pipeline\\{closure}(Object(Illuminate\\Http\\Request))
#47 /Users/recycle/work/htain-thein-be/vendor/laravel/framework/src/Illuminate/Foundation/Http/Kernel.php(175): Illuminate\\Pipeline\\Pipeline->then(Object(Closure))
#48 /Users/recycle/work/htain-thein-be/vendor/laravel/framework/src/Illuminate/Foundation/Http/Kernel.php(144): Illuminate\\Foundation\\Http\\Kernel->sendRequestThroughRouter(Object(Illuminate\\Http\\Request))
#49 /Users/recycle/work/htain-thein-be/public/index.php(51): Illuminate\\Foundation\\Http\\Kernel->handle(Object(Illuminate\\Http\\Request))
#50 /Users/recycle/work/htain-thein-be/vendor/laravel/framework/src/Illuminate/Foundation/resources/server.php(16): require_once('/Users/recycle/...')
#51 {main}
"} 
[2025-01-21 13:26:27] local.ERROR: The $date parameter must be a string, a DateTimeInterface instance, or null. {"userId":1,"exception":"[object] (App\\Exceptions\\CustomErrorException(code: 0): The $date parameter must be a string, a DateTimeInterface instance, or null. at /Users/recycle/work/htain-thein-be/App/Helpers/DateChangeHelper.php:15)
[stacktrace]
#0 /Users/recycle/work/htain-thein-be/app/Http/Resources/NotificationReadResource.php(21): changeToDifferForHuman(NULL)
#1 /Users/recycle/work/htain-thein-be/vendor/laravel/framework/src/Illuminate/Collections/HigherOrderCollectionProxy.php(60): App\\Http\\Resources\\NotificationReadResource->toArray(Object(Illuminate\\Http\\Request))
#2 [internal function]: Illuminate\\Support\\HigherOrderCollectionProxy->Illuminate\\Support\\{closure}(Object(App\\Http\\Resources\\NotificationReadResource), 0)
#3 /Users/recycle/work/htain-thein-be/vendor/laravel/framework/src/Illuminate/Collections/Arr.php(600): array_map(Object(Closure), Array, Array)
#4 /Users/recycle/work/htain-thein-be/vendor/laravel/framework/src/Illuminate/Collections/Collection.php(778): Illuminate\\Support\\Arr::map(Array, Object(Closure))
#5 /Users/recycle/work/htain-thein-be/vendor/laravel/framework/src/Illuminate/Collections/HigherOrderCollectionProxy.php(59): Illuminate\\Support\\Collection->map(Object(Closure))
#6 /Users/recycle/work/htain-thein-be/vendor/laravel/framework/src/Illuminate/Http/Resources/Json/ResourceCollection.php(102): Illuminate\\Support\\HigherOrderCollectionProxy->__call('toArray', Array)
#7 /Users/recycle/work/htain-thein-be/vendor/laravel/framework/src/Illuminate/Http/Resources/Json/JsonResource.php(108): Illuminate\\Http\\Resources\\Json\\ResourceCollection->toArray(Object(Illuminate\\Http\\Request))
#8 /Users/recycle/work/htain-thein-be/vendor/laravel/framework/src/Illuminate/Http/Resources/Json/JsonResource.php(255): Illuminate\\Http\\Resources\\Json\\JsonResource->resolve(Object(Illuminate\\Http\\Request))
#9 [internal function]: Illuminate\\Http\\Resources\\Json\\JsonResource->jsonSerialize()
#10 /Users/recycle/work/htain-thein-be/vendor/laravel/framework/src/Illuminate/Http/JsonResponse.php(84): json_encode(Array, 0)
#11 /Users/recycle/work/htain-thein-be/vendor/symfony/http-foundation/JsonResponse.php(49): Illuminate\\Http\\JsonResponse->setData(Array)
#12 /Users/recycle/work/htain-thein-be/vendor/laravel/framework/src/Illuminate/Http/JsonResponse.php(32): Symfony\\Component\\HttpFoundation\\JsonResponse->__construct(Array, 200, Array, false)
#13 /Users/recycle/work/htain-thein-be/vendor/laravel/framework/src/Illuminate/Routing/ResponseFactory.php(102): Illuminate\\Http\\JsonResponse->__construct(Array, 200, Array, 0)
#14 /Users/recycle/work/htain-thein-be/app/Services/NotificationInfo/GetAllNotificationsService.php(19): Illuminate\\Routing\\ResponseFactory->json(Array)
#15 /Users/recycle/work/htain-thein-be/app/UseCases/NotiInfo/NotiInfoAction.php(70): App\\Services\\NotificationInfo\\GetAllNotificationsService->__invoke(Object(App\\Repositories\\Notification\\NotificationRepository), Array, 1)
#16 /Users/recycle/work/htain-thein-be/app/Http/Controllers/Api/NotiInfoController.php(33): App\\UseCases\\NotiInfo\\NotiInfoAction->getAllNotifications(Array, 1)
#17 /Users/recycle/work/htain-thein-be/vendor/laravel/framework/src/Illuminate/Routing/Controller.php(54): App\\Http\\Controllers\\Api\\NotiInfoController->index(Object(App\\Http\\Requests\\V1\\App\\NotificationInfo\\FetchAllNotificationRequest))
#18 /Users/recycle/work/htain-thein-be/vendor/laravel/framework/src/Illuminate/Routing/ControllerDispatcher.php(43): Illuminate\\Routing\\Controller->callAction('index', Array)
#19 /Users/recycle/work/htain-thein-be/vendor/laravel/framework/src/Illuminate/Routing/Route.php(259): Illuminate\\Routing\\ControllerDispatcher->dispatch(Object(Illuminate\\Routing\\Route), Object(App\\Http\\Controllers\\Api\\NotiInfoController), 'index')
#20 /Users/recycle/work/htain-thein-be/vendor/laravel/framework/src/Illuminate/Routing/Route.php(205): Illuminate\\Routing\\Route->runController()
#21 /Users/recycle/work/htain-thein-be/vendor/laravel/framework/src/Illuminate/Routing/Router.php(806): Illuminate\\Routing\\Route->run()
#22 /Users/recycle/work/htain-thein-be/vendor/laravel/framework/src/Illuminate/Pipeline/Pipeline.php(144): Illuminate\\Routing\\Router->Illuminate\\Routing\\{closure}(Object(Illuminate\\Http\\Request))
#23 /Users/recycle/work/htain-thein-be/vendor/laravel/framework/src/Illuminate/Routing/Middleware/SubstituteBindings.php(50): Illuminate\\Pipeline\\Pipeline->Illuminate\\Pipeline\\{closure}(Object(Illuminate\\Http\\Request))
#24 /Users/recycle/work/htain-thein-be/vendor/laravel/framework/src/Illuminate/Pipeline/Pipeline.php(183): Illuminate\\Routing\\Middleware\\SubstituteBindings->handle(Object(Illuminate\\Http\\Request), Object(Closure))
#25 /Users/recycle/work/htain-thein-be/vendor/laravel/framework/src/Illuminate/Routing/Middleware/ThrottleRequests.php(159): Illuminate\\Pipeline\\Pipeline->Illuminate\\Pipeline\\{closure}(Object(Illuminate\\Http\\Request))
#26 /Users/recycle/work/htain-thein-be/vendor/laravel/framework/src/Illuminate/Routing/Middleware/ThrottleRequests.php(125): Illuminate\\Routing\\Middleware\\ThrottleRequests->handleRequest(Object(Illuminate\\Http\\Request), Object(Closure), Array)
#27 /Users/recycle/work/htain-thein-be/vendor/laravel/framework/src/Illuminate/Routing/Middleware/ThrottleRequests.php(87): Illuminate\\Routing\\Middleware\\ThrottleRequests->handleRequestUsingNamedLimiter(Object(Illuminate\\Http\\Request), Object(Closure), 'api', Object(Closure))
#28 /Users/recycle/work/htain-thein-be/vendor/laravel/framework/src/Illuminate/Pipeline/Pipeline.php(183): Illuminate\\Routing\\Middleware\\ThrottleRequests->handle(Object(Illuminate\\Http\\Request), Object(Closure), 'api')
#29 /Users/recycle/work/htain-thein-be/vendor/laravel/framework/src/Illuminate/Auth/Middleware/Authenticate.php(57): Illuminate\\Pipeline\\Pipeline->Illuminate\\Pipeline\\{closure}(Object(Illuminate\\Http\\Request))
#30 /Users/recycle/work/htain-thein-be/vendor/laravel/framework/src/Illuminate/Pipeline/Pipeline.php(183): Illuminate\\Auth\\Middleware\\Authenticate->handle(Object(Illuminate\\Http\\Request), Object(Closure), 'sanctum')
#31 /Users/recycle/work/htain-thein-be/vendor/laravel/sanctum/src/Http/Middleware/EnsureFrontendRequestsAreStateful.php(25): Illuminate\\Pipeline\\Pipeline->Illuminate\\Pipeline\\{closure}(Object(Illuminate\\Http\\Request))
#32 /Users/recycle/work/htain-thein-be/vendor/laravel/framework/src/Illuminate/Pipeline/Pipeline.php(144): Laravel\\Sanctum\\Http\\Middleware\\EnsureFrontendRequestsAreStateful->Laravel\\Sanctum\\Http\\Middleware\\{closure}(Object(Illuminate\\Http\\Request))
#33 /Users/recycle/work/htain-thein-be/vendor/laravel/framework/src/Illuminate/Pipeline/Pipeline.php(119): Illuminate\\Pipeline\\Pipeline->Illuminate\\Pipeline\\{closure}(Object(Illuminate\\Http\\Request))
#34 /Users/recycle/work/htain-thein-be/vendor/laravel/sanctum/src/Http/Middleware/EnsureFrontendRequestsAreStateful.php(24): Illuminate\\Pipeline\\Pipeline->then(Object(Closure))
#35 /Users/recycle/work/htain-thein-be/vendor/laravel/framework/src/Illuminate/Pipeline/Pipeline.php(183): Laravel\\Sanctum\\Http\\Middleware\\EnsureFrontendRequestsAreStateful->handle(Object(Illuminate\\Http\\Request), Object(Closure))
#36 /Users/recycle/work/htain-thein-be/vendor/laravel/framework/src/Illuminate/Pipeline/Pipeline.php(119): Illuminate\\Pipeline\\Pipeline->Illuminate\\Pipeline\\{closure}(Object(Illuminate\\Http\\Request))
#37 /Users/recycle/work/htain-thein-be/vendor/laravel/framework/src/Illuminate/Routing/Router.php(805): Illuminate\\Pipeline\\Pipeline->then(Object(Closure))
#38 /Users/recycle/work/htain-thein-be/vendor/laravel/framework/src/Illuminate/Routing/Router.php(784): Illuminate\\Routing\\Router->runRouteWithinStack(Object(Illuminate\\Routing\\Route), Object(Illuminate\\Http\\Request))
#39 /Users/recycle/work/htain-thein-be/vendor/laravel/framework/src/Illuminate/Routing/Router.php(748): Illuminate\\Routing\\Router->runRoute(Object(Illuminate\\Http\\Request), Object(Illuminate\\Routing\\Route))
#40 /Users/recycle/work/htain-thein-be/vendor/laravel/framework/src/Illuminate/Routing/Router.php(737): Illuminate\\Routing\\Router->dispatchToRoute(Object(Illuminate\\Http\\Request))
#41 /Users/recycle/work/htain-thein-be/vendor/laravel/framework/src/Illuminate/Foundation/Http/Kernel.php(200): Illuminate\\Routing\\Router->dispatch(Object(Illuminate\\Http\\Request))
#42 /Users/recycle/work/htain-thein-be/vendor/laravel/framework/src/Illuminate/Pipeline/Pipeline.php(144): Illuminate\\Foundation\\Http\\Kernel->Illuminate\\Foundation\\Http\\{closure}(Object(Illuminate\\Http\\Request))
#43 /Users/recycle/work/htain-thein-be/vendor/laravel/framework/src/Illuminate/View/Middleware/ShareErrorsFromSession.php(49): Illuminate\\Pipeline\\Pipeline->Illuminate\\Pipeline\\{closure}(Object(Illuminate\\Http\\Request))
#44 /Users/recycle/work/htain-thein-be/vendor/laravel/framework/src/Illuminate/Pipeline/Pipeline.php(183): Illuminate\\View\\Middleware\\ShareErrorsFromSession->handle(Object(Illuminate\\Http\\Request), Object(Closure))
#45 /Users/recycle/work/htain-thein-be/vendor/laravel/framework/src/Illuminate/Session/Middleware/StartSession.php(121): Illuminate\\Pipeline\\Pipeline->Illuminate\\Pipeline\\{closure}(Object(Illuminate\\Http\\Request))
#46 /Users/recycle/work/htain-thein-be/vendor/laravel/framework/src/Illuminate/Session/Middleware/StartSession.php(64): Illuminate\\Session\\Middleware\\StartSession->handleStatefulRequest(Object(Illuminate\\Http\\Request), Object(Illuminate\\Session\\Store), Object(Closure))
#47 /Users/recycle/work/htain-thein-be/vendor/laravel/framework/src/Illuminate/Pipeline/Pipeline.php(183): Illuminate\\Session\\Middleware\\StartSession->handle(Object(Illuminate\\Http\\Request), Object(Closure))
#48 /Users/recycle/work/htain-thein-be/vendor/laravel/framework/src/Illuminate/Foundation/Http/Middleware/TransformsRequest.php(21): Illuminate\\Pipeline\\Pipeline->Illuminate\\Pipeline\\{closure}(Object(Illuminate\\Http\\Request))
#49 /Users/recycle/work/htain-thein-be/vendor/laravel/framework/src/Illuminate/Foundation/Http/Middleware/ConvertEmptyStringsToNull.php(31): Illuminate\\Foundation\\Http\\Middleware\\TransformsRequest->handle(Object(Illuminate\\Http\\Request), Object(Closure))
#50 /Users/recycle/work/htain-thein-be/vendor/laravel/framework/src/Illuminate/Pipeline/Pipeline.php(183): Illuminate\\Foundation\\Http\\Middleware\\ConvertEmptyStringsToNull->handle(Object(Illuminate\\Http\\Request), Object(Closure))
#51 /Users/recycle/work/htain-thein-be/vendor/laravel/framework/src/Illuminate/Foundation/Http/Middleware/TransformsRequest.php(21): Illuminate\\Pipeline\\Pipeline->Illuminate\\Pipeline\\{closure}(Object(Illuminate\\Http\\Request))
#52 /Users/recycle/work/htain-thein-be/vendor/laravel/framework/src/Illuminate/Foundation/Http/Middleware/TrimStrings.php(40): Illuminate\\Foundation\\Http\\Middleware\\TransformsRequest->handle(Object(Illuminate\\Http\\Request), Object(Closure))
#53 /Users/recycle/work/htain-thein-be/vendor/laravel/framework/src/Illuminate/Pipeline/Pipeline.php(183): Illuminate\\Foundation\\Http\\Middleware\\TrimStrings->handle(Object(Illuminate\\Http\\Request), Object(Closure))
#54 /Users/recycle/work/htain-thein-be/vendor/laravel/framework/src/Illuminate/Foundation/Http/Middleware/ValidatePostSize.php(27): Illuminate\\Pipeline\\Pipeline->Illuminate\\Pipeline\\{closure}(Object(Illuminate\\Http\\Request))
#55 /Users/recycle/work/htain-thein-be/vendor/laravel/framework/src/Illuminate/Pipeline/Pipeline.php(183): Illuminate\\Foundation\\Http\\Middleware\\ValidatePostSize->handle(Object(Illuminate\\Http\\Request), Object(Closure))
#56 /Users/recycle/work/htain-thein-be/vendor/laravel/framework/src/Illuminate/Foundation/Http/Middleware/PreventRequestsDuringMaintenance.php(99): Illuminate\\Pipeline\\Pipeline->Illuminate\\Pipeline\\{closure}(Object(Illuminate\\Http\\Request))
#57 /Users/recycle/work/htain-thein-be/vendor/laravel/framework/src/Illuminate/Pipeline/Pipeline.php(183): Illuminate\\Foundation\\Http\\Middleware\\PreventRequestsDuringMaintenance->handle(Object(Illuminate\\Http\\Request), Object(Closure))
#58 /Users/recycle/work/htain-thein-be/vendor/laravel/framework/src/Illuminate/Http/Middleware/HandleCors.php(62): Illuminate\\Pipeline\\Pipeline->Illuminate\\Pipeline\\{closure}(Object(Illuminate\\Http\\Request))
#59 /Users/recycle/work/htain-thein-be/vendor/laravel/framework/src/Illuminate/Pipeline/Pipeline.php(183): Illuminate\\Http\\Middleware\\HandleCors->handle(Object(Illuminate\\Http\\Request), Object(Closure))
#60 /Users/recycle/work/htain-thein-be/vendor/laravel/framework/src/Illuminate/Http/Middleware/TrustProxies.php(39): Illuminate\\Pipeline\\Pipeline->Illuminate\\Pipeline\\{closure}(Object(Illuminate\\Http\\Request))
#61 /Users/recycle/work/htain-thein-be/vendor/laravel/framework/src/Illuminate/Pipeline/Pipeline.php(183): Illuminate\\Http\\Middleware\\TrustProxies->handle(Object(Illuminate\\Http\\Request), Object(Closure))
#62 /Users/recycle/work/htain-thein-be/vendor/laravel/framework/src/Illuminate/Pipeline/Pipeline.php(119): Illuminate\\Pipeline\\Pipeline->Illuminate\\Pipeline\\{closure}(Object(Illuminate\\Http\\Request))
#63 /Users/recycle/work/htain-thein-be/vendor/laravel/framework/src/Illuminate/Foundation/Http/Kernel.php(175): Illuminate\\Pipeline\\Pipeline->then(Object(Closure))
#64 /Users/recycle/work/htain-thein-be/vendor/laravel/framework/src/Illuminate/Foundation/Http/Kernel.php(144): Illuminate\\Foundation\\Http\\Kernel->sendRequestThroughRouter(Object(Illuminate\\Http\\Request))
#65 /Users/recycle/work/htain-thein-be/public/index.php(51): Illuminate\\Foundation\\Http\\Kernel->handle(Object(Illuminate\\Http\\Request))
#66 /Users/recycle/work/htain-thein-be/vendor/laravel/framework/src/Illuminate/Foundation/resources/server.php(16): require_once('/Users/recycle/...')
#67 {main}
"} 
[2025-01-21 13:26:27] local.ERROR: The HTTP status code "0" is not valid. {"userId":1,"exception":"[object] (InvalidArgumentException(code: 0): The HTTP status code \"0\" is not valid. at /Users/recycle/work/htain-thein-be/vendor/symfony/http-foundation/Response.php:502)
[stacktrace]
#0 /Users/recycle/work/htain-thein-be/vendor/symfony/http-foundation/Response.php(228): Symfony\\Component\\HttpFoundation\\Response->setStatusCode(0)
#1 /Users/recycle/work/htain-thein-be/vendor/symfony/http-foundation/JsonResponse.php(41): Symfony\\Component\\HttpFoundation\\Response->__construct('', 0, Array)
#2 /Users/recycle/work/htain-thein-be/vendor/laravel/framework/src/Illuminate/Http/JsonResponse.php(32): Symfony\\Component\\HttpFoundation\\JsonResponse->__construct(Array, 0, Array, false)
#3 /Users/recycle/work/htain-thein-be/vendor/laravel/framework/src/Illuminate/Routing/ResponseFactory.php(102): Illuminate\\Http\\JsonResponse->__construct(Array, 0, Array, 0)
#4 /Users/recycle/work/htain-thein-be/app/Exceptions/Handler.php(89): Illuminate\\Routing\\ResponseFactory->json(Array, 0)
#5 /Users/recycle/work/htain-thein-be/vendor/laravel/framework/src/Illuminate/Routing/Pipeline.php(51): App\\Exceptions\\Handler->render(Object(Illuminate\\Http\\Request), Object(App\\Exceptions\\CustomErrorException))
#6 /Users/recycle/work/htain-thein-be/vendor/laravel/framework/src/Illuminate/Pipeline/Pipeline.php(146): Illuminate\\Routing\\Pipeline->handleException(Object(Illuminate\\Http\\Request), Object(App\\Exceptions\\CustomErrorException))
#7 /Users/recycle/work/htain-thein-be/vendor/laravel/framework/src/Illuminate/Routing/Middleware/SubstituteBindings.php(50): Illuminate\\Pipeline\\Pipeline->Illuminate\\Pipeline\\{closure}(Object(Illuminate\\Http\\Request))
#8 /Users/recycle/work/htain-thein-be/vendor/laravel/framework/src/Illuminate/Pipeline/Pipeline.php(183): Illuminate\\Routing\\Middleware\\SubstituteBindings->handle(Object(Illuminate\\Http\\Request), Object(Closure))
#9 /Users/recycle/work/htain-thein-be/vendor/laravel/framework/src/Illuminate/Routing/Middleware/ThrottleRequests.php(159): Illuminate\\Pipeline\\Pipeline->Illuminate\\Pipeline\\{closure}(Object(Illuminate\\Http\\Request))
#10 /Users/recycle/work/htain-thein-be/vendor/laravel/framework/src/Illuminate/Routing/Middleware/ThrottleRequests.php(125): Illuminate\\Routing\\Middleware\\ThrottleRequests->handleRequest(Object(Illuminate\\Http\\Request), Object(Closure), Array)
#11 /Users/recycle/work/htain-thein-be/vendor/laravel/framework/src/Illuminate/Routing/Middleware/ThrottleRequests.php(87): Illuminate\\Routing\\Middleware\\ThrottleRequests->handleRequestUsingNamedLimiter(Object(Illuminate\\Http\\Request), Object(Closure), 'api', Object(Closure))
#12 /Users/recycle/work/htain-thein-be/vendor/laravel/framework/src/Illuminate/Pipeline/Pipeline.php(183): Illuminate\\Routing\\Middleware\\ThrottleRequests->handle(Object(Illuminate\\Http\\Request), Object(Closure), 'api')
#13 /Users/recycle/work/htain-thein-be/vendor/laravel/framework/src/Illuminate/Auth/Middleware/Authenticate.php(57): Illuminate\\Pipeline\\Pipeline->Illuminate\\Pipeline\\{closure}(Object(Illuminate\\Http\\Request))
#14 /Users/recycle/work/htain-thein-be/vendor/laravel/framework/src/Illuminate/Pipeline/Pipeline.php(183): Illuminate\\Auth\\Middleware\\Authenticate->handle(Object(Illuminate\\Http\\Request), Object(Closure), 'sanctum')
#15 /Users/recycle/work/htain-thein-be/vendor/laravel/sanctum/src/Http/Middleware/EnsureFrontendRequestsAreStateful.php(25): Illuminate\\Pipeline\\Pipeline->Illuminate\\Pipeline\\{closure}(Object(Illuminate\\Http\\Request))
#16 /Users/recycle/work/htain-thein-be/vendor/laravel/framework/src/Illuminate/Pipeline/Pipeline.php(144): Laravel\\Sanctum\\Http\\Middleware\\EnsureFrontendRequestsAreStateful->Laravel\\Sanctum\\Http\\Middleware\\{closure}(Object(Illuminate\\Http\\Request))
#17 /Users/recycle/work/htain-thein-be/vendor/laravel/framework/src/Illuminate/Pipeline/Pipeline.php(119): Illuminate\\Pipeline\\Pipeline->Illuminate\\Pipeline\\{closure}(Object(Illuminate\\Http\\Request))
#18 /Users/recycle/work/htain-thein-be/vendor/laravel/sanctum/src/Http/Middleware/EnsureFrontendRequestsAreStateful.php(24): Illuminate\\Pipeline\\Pipeline->then(Object(Closure))
#19 /Users/recycle/work/htain-thein-be/vendor/laravel/framework/src/Illuminate/Pipeline/Pipeline.php(183): Laravel\\Sanctum\\Http\\Middleware\\EnsureFrontendRequestsAreStateful->handle(Object(Illuminate\\Http\\Request), Object(Closure))
#20 /Users/recycle/work/htain-thein-be/vendor/laravel/framework/src/Illuminate/Pipeline/Pipeline.php(119): Illuminate\\Pipeline\\Pipeline->Illuminate\\Pipeline\\{closure}(Object(Illuminate\\Http\\Request))
#21 /Users/recycle/work/htain-thein-be/vendor/laravel/framework/src/Illuminate/Routing/Router.php(805): Illuminate\\Pipeline\\Pipeline->then(Object(Closure))
#22 /Users/recycle/work/htain-thein-be/vendor/laravel/framework/src/Illuminate/Routing/Router.php(784): Illuminate\\Routing\\Router->runRouteWithinStack(Object(Illuminate\\Routing\\Route), Object(Illuminate\\Http\\Request))
#23 /Users/recycle/work/htain-thein-be/vendor/laravel/framework/src/Illuminate/Routing/Router.php(748): Illuminate\\Routing\\Router->runRoute(Object(Illuminate\\Http\\Request), Object(Illuminate\\Routing\\Route))
#24 /Users/recycle/work/htain-thein-be/vendor/laravel/framework/src/Illuminate/Routing/Router.php(737): Illuminate\\Routing\\Router->dispatchToRoute(Object(Illuminate\\Http\\Request))
#25 /Users/recycle/work/htain-thein-be/vendor/laravel/framework/src/Illuminate/Foundation/Http/Kernel.php(200): Illuminate\\Routing\\Router->dispatch(Object(Illuminate\\Http\\Request))
#26 /Users/recycle/work/htain-thein-be/vendor/laravel/framework/src/Illuminate/Pipeline/Pipeline.php(144): Illuminate\\Foundation\\Http\\Kernel->Illuminate\\Foundation\\Http\\{closure}(Object(Illuminate\\Http\\Request))
#27 /Users/recycle/work/htain-thein-be/vendor/laravel/framework/src/Illuminate/View/Middleware/ShareErrorsFromSession.php(49): Illuminate\\Pipeline\\Pipeline->Illuminate\\Pipeline\\{closure}(Object(Illuminate\\Http\\Request))
#28 /Users/recycle/work/htain-thein-be/vendor/laravel/framework/src/Illuminate/Pipeline/Pipeline.php(183): Illuminate\\View\\Middleware\\ShareErrorsFromSession->handle(Object(Illuminate\\Http\\Request), Object(Closure))
#29 /Users/recycle/work/htain-thein-be/vendor/laravel/framework/src/Illuminate/Session/Middleware/StartSession.php(121): Illuminate\\Pipeline\\Pipeline->Illuminate\\Pipeline\\{closure}(Object(Illuminate\\Http\\Request))
#30 /Users/recycle/work/htain-thein-be/vendor/laravel/framework/src/Illuminate/Session/Middleware/StartSession.php(64): Illuminate\\Session\\Middleware\\StartSession->handleStatefulRequest(Object(Illuminate\\Http\\Request), Object(Illuminate\\Session\\Store), Object(Closure))
#31 /Users/recycle/work/htain-thein-be/vendor/laravel/framework/src/Illuminate/Pipeline/Pipeline.php(183): Illuminate\\Session\\Middleware\\StartSession->handle(Object(Illuminate\\Http\\Request), Object(Closure))
#32 /Users/recycle/work/htain-thein-be/vendor/laravel/framework/src/Illuminate/Foundation/Http/Middleware/TransformsRequest.php(21): Illuminate\\Pipeline\\Pipeline->Illuminate\\Pipeline\\{closure}(Object(Illuminate\\Http\\Request))
#33 /Users/recycle/work/htain-thein-be/vendor/laravel/framework/src/Illuminate/Foundation/Http/Middleware/ConvertEmptyStringsToNull.php(31): Illuminate\\Foundation\\Http\\Middleware\\TransformsRequest->handle(Object(Illuminate\\Http\\Request), Object(Closure))
#34 /Users/recycle/work/htain-thein-be/vendor/laravel/framework/src/Illuminate/Pipeline/Pipeline.php(183): Illuminate\\Foundation\\Http\\Middleware\\ConvertEmptyStringsToNull->handle(Object(Illuminate\\Http\\Request), Object(Closure))
#35 /Users/recycle/work/htain-thein-be/vendor/laravel/framework/src/Illuminate/Foundation/Http/Middleware/TransformsRequest.php(21): Illuminate\\Pipeline\\Pipeline->Illuminate\\Pipeline\\{closure}(Object(Illuminate\\Http\\Request))
#36 /Users/recycle/work/htain-thein-be/vendor/laravel/framework/src/Illuminate/Foundation/Http/Middleware/TrimStrings.php(40): Illuminate\\Foundation\\Http\\Middleware\\TransformsRequest->handle(Object(Illuminate\\Http\\Request), Object(Closure))
#37 /Users/recycle/work/htain-thein-be/vendor/laravel/framework/src/Illuminate/Pipeline/Pipeline.php(183): Illuminate\\Foundation\\Http\\Middleware\\TrimStrings->handle(Object(Illuminate\\Http\\Request), Object(Closure))
#38 /Users/recycle/work/htain-thein-be/vendor/laravel/framework/src/Illuminate/Foundation/Http/Middleware/ValidatePostSize.php(27): Illuminate\\Pipeline\\Pipeline->Illuminate\\Pipeline\\{closure}(Object(Illuminate\\Http\\Request))
#39 /Users/recycle/work/htain-thein-be/vendor/laravel/framework/src/Illuminate/Pipeline/Pipeline.php(183): Illuminate\\Foundation\\Http\\Middleware\\ValidatePostSize->handle(Object(Illuminate\\Http\\Request), Object(Closure))
#40 /Users/recycle/work/htain-thein-be/vendor/laravel/framework/src/Illuminate/Foundation/Http/Middleware/PreventRequestsDuringMaintenance.php(99): Illuminate\\Pipeline\\Pipeline->Illuminate\\Pipeline\\{closure}(Object(Illuminate\\Http\\Request))
#41 /Users/recycle/work/htain-thein-be/vendor/laravel/framework/src/Illuminate/Pipeline/Pipeline.php(183): Illuminate\\Foundation\\Http\\Middleware\\PreventRequestsDuringMaintenance->handle(Object(Illuminate\\Http\\Request), Object(Closure))
#42 /Users/recycle/work/htain-thein-be/vendor/laravel/framework/src/Illuminate/Http/Middleware/HandleCors.php(62): Illuminate\\Pipeline\\Pipeline->Illuminate\\Pipeline\\{closure}(Object(Illuminate\\Http\\Request))
#43 /Users/recycle/work/htain-thein-be/vendor/laravel/framework/src/Illuminate/Pipeline/Pipeline.php(183): Illuminate\\Http\\Middleware\\HandleCors->handle(Object(Illuminate\\Http\\Request), Object(Closure))
#44 /Users/recycle/work/htain-thein-be/vendor/laravel/framework/src/Illuminate/Http/Middleware/TrustProxies.php(39): Illuminate\\Pipeline\\Pipeline->Illuminate\\Pipeline\\{closure}(Object(Illuminate\\Http\\Request))
#45 /Users/recycle/work/htain-thein-be/vendor/laravel/framework/src/Illuminate/Pipeline/Pipeline.php(183): Illuminate\\Http\\Middleware\\TrustProxies->handle(Object(Illuminate\\Http\\Request), Object(Closure))
#46 /Users/recycle/work/htain-thein-be/vendor/laravel/framework/src/Illuminate/Pipeline/Pipeline.php(119): Illuminate\\Pipeline\\Pipeline->Illuminate\\Pipeline\\{closure}(Object(Illuminate\\Http\\Request))
#47 /Users/recycle/work/htain-thein-be/vendor/laravel/framework/src/Illuminate/Foundation/Http/Kernel.php(175): Illuminate\\Pipeline\\Pipeline->then(Object(Closure))
#48 /Users/recycle/work/htain-thein-be/vendor/laravel/framework/src/Illuminate/Foundation/Http/Kernel.php(144): Illuminate\\Foundation\\Http\\Kernel->sendRequestThroughRouter(Object(Illuminate\\Http\\Request))
#49 /Users/recycle/work/htain-thein-be/public/index.php(51): Illuminate\\Foundation\\Http\\Kernel->handle(Object(Illuminate\\Http\\Request))
#50 /Users/recycle/work/htain-thein-be/vendor/laravel/framework/src/Illuminate/Foundation/resources/server.php(16): require_once('/Users/recycle/...')
#51 {main}
"} 
[2025-01-21 13:32:21] local.ERROR: The $date parameter must be a string, a DateTimeInterface instance, or null. {"userId":1,"exception":"[object] (App\\Exceptions\\CustomErrorException(code: 0): The $date parameter must be a string, a DateTimeInterface instance, or null. at /Users/recycle/work/htain-thein-be/App/Helpers/DateChangeHelper.php:16)
[stacktrace]
#0 /Users/recycle/work/htain-thein-be/app/Http/Resources/NotificationReadResource.php(21): changeToDifferForHuman(NULL)
#1 /Users/recycle/work/htain-thein-be/vendor/laravel/framework/src/Illuminate/Collections/HigherOrderCollectionProxy.php(60): App\\Http\\Resources\\NotificationReadResource->toArray(Object(Illuminate\\Http\\Request))
#2 [internal function]: Illuminate\\Support\\HigherOrderCollectionProxy->Illuminate\\Support\\{closure}(Object(App\\Http\\Resources\\NotificationReadResource), 0)
#3 /Users/recycle/work/htain-thein-be/vendor/laravel/framework/src/Illuminate/Collections/Arr.php(600): array_map(Object(Closure), Array, Array)
#4 /Users/recycle/work/htain-thein-be/vendor/laravel/framework/src/Illuminate/Collections/Collection.php(778): Illuminate\\Support\\Arr::map(Array, Object(Closure))
#5 /Users/recycle/work/htain-thein-be/vendor/laravel/framework/src/Illuminate/Collections/HigherOrderCollectionProxy.php(59): Illuminate\\Support\\Collection->map(Object(Closure))
#6 /Users/recycle/work/htain-thein-be/vendor/laravel/framework/src/Illuminate/Http/Resources/Json/ResourceCollection.php(102): Illuminate\\Support\\HigherOrderCollectionProxy->__call('toArray', Array)
#7 /Users/recycle/work/htain-thein-be/vendor/laravel/framework/src/Illuminate/Http/Resources/Json/JsonResource.php(108): Illuminate\\Http\\Resources\\Json\\ResourceCollection->toArray(Object(Illuminate\\Http\\Request))
#8 /Users/recycle/work/htain-thein-be/vendor/laravel/framework/src/Illuminate/Http/Resources/Json/JsonResource.php(255): Illuminate\\Http\\Resources\\Json\\JsonResource->resolve(Object(Illuminate\\Http\\Request))
#9 [internal function]: Illuminate\\Http\\Resources\\Json\\JsonResource->jsonSerialize()
#10 /Users/recycle/work/htain-thein-be/vendor/laravel/framework/src/Illuminate/Http/JsonResponse.php(84): json_encode(Array, 0)
#11 /Users/recycle/work/htain-thein-be/vendor/symfony/http-foundation/JsonResponse.php(49): Illuminate\\Http\\JsonResponse->setData(Array)
#12 /Users/recycle/work/htain-thein-be/vendor/laravel/framework/src/Illuminate/Http/JsonResponse.php(32): Symfony\\Component\\HttpFoundation\\JsonResponse->__construct(Array, 200, Array, false)
#13 /Users/recycle/work/htain-thein-be/vendor/laravel/framework/src/Illuminate/Routing/ResponseFactory.php(102): Illuminate\\Http\\JsonResponse->__construct(Array, 200, Array, 0)
#14 /Users/recycle/work/htain-thein-be/app/Services/NotificationInfo/GetAllNotificationsService.php(19): Illuminate\\Routing\\ResponseFactory->json(Array)
#15 /Users/recycle/work/htain-thein-be/app/UseCases/NotiInfo/NotiInfoAction.php(70): App\\Services\\NotificationInfo\\GetAllNotificationsService->__invoke(Object(App\\Repositories\\Notification\\NotificationRepository), Array, 1)
#16 /Users/recycle/work/htain-thein-be/app/Http/Controllers/Api/NotiInfoController.php(33): App\\UseCases\\NotiInfo\\NotiInfoAction->getAllNotifications(Array, 1)
#17 /Users/recycle/work/htain-thein-be/vendor/laravel/framework/src/Illuminate/Routing/Controller.php(54): App\\Http\\Controllers\\Api\\NotiInfoController->index(Object(App\\Http\\Requests\\V1\\App\\NotificationInfo\\FetchAllNotificationRequest))
#18 /Users/recycle/work/htain-thein-be/vendor/laravel/framework/src/Illuminate/Routing/ControllerDispatcher.php(43): Illuminate\\Routing\\Controller->callAction('index', Array)
#19 /Users/recycle/work/htain-thein-be/vendor/laravel/framework/src/Illuminate/Routing/Route.php(259): Illuminate\\Routing\\ControllerDispatcher->dispatch(Object(Illuminate\\Routing\\Route), Object(App\\Http\\Controllers\\Api\\NotiInfoController), 'index')
#20 /Users/recycle/work/htain-thein-be/vendor/laravel/framework/src/Illuminate/Routing/Route.php(205): Illuminate\\Routing\\Route->runController()
#21 /Users/recycle/work/htain-thein-be/vendor/laravel/framework/src/Illuminate/Routing/Router.php(806): Illuminate\\Routing\\Route->run()
#22 /Users/recycle/work/htain-thein-be/vendor/laravel/framework/src/Illuminate/Pipeline/Pipeline.php(144): Illuminate\\Routing\\Router->Illuminate\\Routing\\{closure}(Object(Illuminate\\Http\\Request))
#23 /Users/recycle/work/htain-thein-be/vendor/laravel/framework/src/Illuminate/Routing/Middleware/SubstituteBindings.php(50): Illuminate\\Pipeline\\Pipeline->Illuminate\\Pipeline\\{closure}(Object(Illuminate\\Http\\Request))
#24 /Users/recycle/work/htain-thein-be/vendor/laravel/framework/src/Illuminate/Pipeline/Pipeline.php(183): Illuminate\\Routing\\Middleware\\SubstituteBindings->handle(Object(Illuminate\\Http\\Request), Object(Closure))
#25 /Users/recycle/work/htain-thein-be/vendor/laravel/framework/src/Illuminate/Routing/Middleware/ThrottleRequests.php(159): Illuminate\\Pipeline\\Pipeline->Illuminate\\Pipeline\\{closure}(Object(Illuminate\\Http\\Request))
#26 /Users/recycle/work/htain-thein-be/vendor/laravel/framework/src/Illuminate/Routing/Middleware/ThrottleRequests.php(125): Illuminate\\Routing\\Middleware\\ThrottleRequests->handleRequest(Object(Illuminate\\Http\\Request), Object(Closure), Array)
#27 /Users/recycle/work/htain-thein-be/vendor/laravel/framework/src/Illuminate/Routing/Middleware/ThrottleRequests.php(87): Illuminate\\Routing\\Middleware\\ThrottleRequests->handleRequestUsingNamedLimiter(Object(Illuminate\\Http\\Request), Object(Closure), 'api', Object(Closure))
#28 /Users/recycle/work/htain-thein-be/vendor/laravel/framework/src/Illuminate/Pipeline/Pipeline.php(183): Illuminate\\Routing\\Middleware\\ThrottleRequests->handle(Object(Illuminate\\Http\\Request), Object(Closure), 'api')
#29 /Users/recycle/work/htain-thein-be/vendor/laravel/framework/src/Illuminate/Auth/Middleware/Authenticate.php(57): Illuminate\\Pipeline\\Pipeline->Illuminate\\Pipeline\\{closure}(Object(Illuminate\\Http\\Request))
#30 /Users/recycle/work/htain-thein-be/vendor/laravel/framework/src/Illuminate/Pipeline/Pipeline.php(183): Illuminate\\Auth\\Middleware\\Authenticate->handle(Object(Illuminate\\Http\\Request), Object(Closure), 'sanctum')
#31 /Users/recycle/work/htain-thein-be/vendor/laravel/sanctum/src/Http/Middleware/EnsureFrontendRequestsAreStateful.php(25): Illuminate\\Pipeline\\Pipeline->Illuminate\\Pipeline\\{closure}(Object(Illuminate\\Http\\Request))
#32 /Users/recycle/work/htain-thein-be/vendor/laravel/framework/src/Illuminate/Pipeline/Pipeline.php(144): Laravel\\Sanctum\\Http\\Middleware\\EnsureFrontendRequestsAreStateful->Laravel\\Sanctum\\Http\\Middleware\\{closure}(Object(Illuminate\\Http\\Request))
#33 /Users/recycle/work/htain-thein-be/vendor/laravel/framework/src/Illuminate/Pipeline/Pipeline.php(119): Illuminate\\Pipeline\\Pipeline->Illuminate\\Pipeline\\{closure}(Object(Illuminate\\Http\\Request))
#34 /Users/recycle/work/htain-thein-be/vendor/laravel/sanctum/src/Http/Middleware/EnsureFrontendRequestsAreStateful.php(24): Illuminate\\Pipeline\\Pipeline->then(Object(Closure))
#35 /Users/recycle/work/htain-thein-be/vendor/laravel/framework/src/Illuminate/Pipeline/Pipeline.php(183): Laravel\\Sanctum\\Http\\Middleware\\EnsureFrontendRequestsAreStateful->handle(Object(Illuminate\\Http\\Request), Object(Closure))
#36 /Users/recycle/work/htain-thein-be/vendor/laravel/framework/src/Illuminate/Pipeline/Pipeline.php(119): Illuminate\\Pipeline\\Pipeline->Illuminate\\Pipeline\\{closure}(Object(Illuminate\\Http\\Request))
#37 /Users/recycle/work/htain-thein-be/vendor/laravel/framework/src/Illuminate/Routing/Router.php(805): Illuminate\\Pipeline\\Pipeline->then(Object(Closure))
#38 /Users/recycle/work/htain-thein-be/vendor/laravel/framework/src/Illuminate/Routing/Router.php(784): Illuminate\\Routing\\Router->runRouteWithinStack(Object(Illuminate\\Routing\\Route), Object(Illuminate\\Http\\Request))
#39 /Users/recycle/work/htain-thein-be/vendor/laravel/framework/src/Illuminate/Routing/Router.php(748): Illuminate\\Routing\\Router->runRoute(Object(Illuminate\\Http\\Request), Object(Illuminate\\Routing\\Route))
#40 /Users/recycle/work/htain-thein-be/vendor/laravel/framework/src/Illuminate/Routing/Router.php(737): Illuminate\\Routing\\Router->dispatchToRoute(Object(Illuminate\\Http\\Request))
#41 /Users/recycle/work/htain-thein-be/vendor/laravel/framework/src/Illuminate/Foundation/Http/Kernel.php(200): Illuminate\\Routing\\Router->dispatch(Object(Illuminate\\Http\\Request))
#42 /Users/recycle/work/htain-thein-be/vendor/laravel/framework/src/Illuminate/Pipeline/Pipeline.php(144): Illuminate\\Foundation\\Http\\Kernel->Illuminate\\Foundation\\Http\\{closure}(Object(Illuminate\\Http\\Request))
#43 /Users/recycle/work/htain-thein-be/vendor/laravel/framework/src/Illuminate/View/Middleware/ShareErrorsFromSession.php(49): Illuminate\\Pipeline\\Pipeline->Illuminate\\Pipeline\\{closure}(Object(Illuminate\\Http\\Request))
#44 /Users/recycle/work/htain-thein-be/vendor/laravel/framework/src/Illuminate/Pipeline/Pipeline.php(183): Illuminate\\View\\Middleware\\ShareErrorsFromSession->handle(Object(Illuminate\\Http\\Request), Object(Closure))
#45 /Users/recycle/work/htain-thein-be/vendor/laravel/framework/src/Illuminate/Session/Middleware/StartSession.php(121): Illuminate\\Pipeline\\Pipeline->Illuminate\\Pipeline\\{closure}(Object(Illuminate\\Http\\Request))
#46 /Users/recycle/work/htain-thein-be/vendor/laravel/framework/src/Illuminate/Session/Middleware/StartSession.php(64): Illuminate\\Session\\Middleware\\StartSession->handleStatefulRequest(Object(Illuminate\\Http\\Request), Object(Illuminate\\Session\\Store), Object(Closure))
#47 /Users/recycle/work/htain-thein-be/vendor/laravel/framework/src/Illuminate/Pipeline/Pipeline.php(183): Illuminate\\Session\\Middleware\\StartSession->handle(Object(Illuminate\\Http\\Request), Object(Closure))
#48 /Users/recycle/work/htain-thein-be/vendor/laravel/framework/src/Illuminate/Foundation/Http/Middleware/TransformsRequest.php(21): Illuminate\\Pipeline\\Pipeline->Illuminate\\Pipeline\\{closure}(Object(Illuminate\\Http\\Request))
#49 /Users/recycle/work/htain-thein-be/vendor/laravel/framework/src/Illuminate/Foundation/Http/Middleware/ConvertEmptyStringsToNull.php(31): Illuminate\\Foundation\\Http\\Middleware\\TransformsRequest->handle(Object(Illuminate\\Http\\Request), Object(Closure))
#50 /Users/recycle/work/htain-thein-be/vendor/laravel/framework/src/Illuminate/Pipeline/Pipeline.php(183): Illuminate\\Foundation\\Http\\Middleware\\ConvertEmptyStringsToNull->handle(Object(Illuminate\\Http\\Request), Object(Closure))
#51 /Users/recycle/work/htain-thein-be/vendor/laravel/framework/src/Illuminate/Foundation/Http/Middleware/TransformsRequest.php(21): Illuminate\\Pipeline\\Pipeline->Illuminate\\Pipeline\\{closure}(Object(Illuminate\\Http\\Request))
#52 /Users/recycle/work/htain-thein-be/vendor/laravel/framework/src/Illuminate/Foundation/Http/Middleware/TrimStrings.php(40): Illuminate\\Foundation\\Http\\Middleware\\TransformsRequest->handle(Object(Illuminate\\Http\\Request), Object(Closure))
#53 /Users/recycle/work/htain-thein-be/vendor/laravel/framework/src/Illuminate/Pipeline/Pipeline.php(183): Illuminate\\Foundation\\Http\\Middleware\\TrimStrings->handle(Object(Illuminate\\Http\\Request), Object(Closure))
#54 /Users/recycle/work/htain-thein-be/vendor/laravel/framework/src/Illuminate/Foundation/Http/Middleware/ValidatePostSize.php(27): Illuminate\\Pipeline\\Pipeline->Illuminate\\Pipeline\\{closure}(Object(Illuminate\\Http\\Request))
#55 /Users/recycle/work/htain-thein-be/vendor/laravel/framework/src/Illuminate/Pipeline/Pipeline.php(183): Illuminate\\Foundation\\Http\\Middleware\\ValidatePostSize->handle(Object(Illuminate\\Http\\Request), Object(Closure))
#56 /Users/recycle/work/htain-thein-be/vendor/laravel/framework/src/Illuminate/Foundation/Http/Middleware/PreventRequestsDuringMaintenance.php(99): Illuminate\\Pipeline\\Pipeline->Illuminate\\Pipeline\\{closure}(Object(Illuminate\\Http\\Request))
#57 /Users/recycle/work/htain-thein-be/vendor/laravel/framework/src/Illuminate/Pipeline/Pipeline.php(183): Illuminate\\Foundation\\Http\\Middleware\\PreventRequestsDuringMaintenance->handle(Object(Illuminate\\Http\\Request), Object(Closure))
#58 /Users/recycle/work/htain-thein-be/vendor/laravel/framework/src/Illuminate/Http/Middleware/HandleCors.php(62): Illuminate\\Pipeline\\Pipeline->Illuminate\\Pipeline\\{closure}(Object(Illuminate\\Http\\Request))
#59 /Users/recycle/work/htain-thein-be/vendor/laravel/framework/src/Illuminate/Pipeline/Pipeline.php(183): Illuminate\\Http\\Middleware\\HandleCors->handle(Object(Illuminate\\Http\\Request), Object(Closure))
#60 /Users/recycle/work/htain-thein-be/vendor/laravel/framework/src/Illuminate/Http/Middleware/TrustProxies.php(39): Illuminate\\Pipeline\\Pipeline->Illuminate\\Pipeline\\{closure}(Object(Illuminate\\Http\\Request))
#61 /Users/recycle/work/htain-thein-be/vendor/laravel/framework/src/Illuminate/Pipeline/Pipeline.php(183): Illuminate\\Http\\Middleware\\TrustProxies->handle(Object(Illuminate\\Http\\Request), Object(Closure))
#62 /Users/recycle/work/htain-thein-be/vendor/laravel/framework/src/Illuminate/Pipeline/Pipeline.php(119): Illuminate\\Pipeline\\Pipeline->Illuminate\\Pipeline\\{closure}(Object(Illuminate\\Http\\Request))
#63 /Users/recycle/work/htain-thein-be/vendor/laravel/framework/src/Illuminate/Foundation/Http/Kernel.php(175): Illuminate\\Pipeline\\Pipeline->then(Object(Closure))
#64 /Users/recycle/work/htain-thein-be/vendor/laravel/framework/src/Illuminate/Foundation/Http/Kernel.php(144): Illuminate\\Foundation\\Http\\Kernel->sendRequestThroughRouter(Object(Illuminate\\Http\\Request))
#65 /Users/recycle/work/htain-thein-be/public/index.php(51): Illuminate\\Foundation\\Http\\Kernel->handle(Object(Illuminate\\Http\\Request))
#66 /Users/recycle/work/htain-thein-be/vendor/laravel/framework/src/Illuminate/Foundation/resources/server.php(16): require_once('/Users/recycle/...')
#67 {main}
"} 
[2025-01-21 13:32:21] local.ERROR: The HTTP status code "0" is not valid. {"userId":1,"exception":"[object] (InvalidArgumentException(code: 0): The HTTP status code \"0\" is not valid. at /Users/recycle/work/htain-thein-be/vendor/symfony/http-foundation/Response.php:502)
[stacktrace]
#0 /Users/recycle/work/htain-thein-be/vendor/symfony/http-foundation/Response.php(228): Symfony\\Component\\HttpFoundation\\Response->setStatusCode(0)
#1 /Users/recycle/work/htain-thein-be/vendor/symfony/http-foundation/JsonResponse.php(41): Symfony\\Component\\HttpFoundation\\Response->__construct('', 0, Array)
#2 /Users/recycle/work/htain-thein-be/vendor/laravel/framework/src/Illuminate/Http/JsonResponse.php(32): Symfony\\Component\\HttpFoundation\\JsonResponse->__construct(Array, 0, Array, false)
#3 /Users/recycle/work/htain-thein-be/vendor/laravel/framework/src/Illuminate/Routing/ResponseFactory.php(102): Illuminate\\Http\\JsonResponse->__construct(Array, 0, Array, 0)
#4 /Users/recycle/work/htain-thein-be/app/Exceptions/Handler.php(89): Illuminate\\Routing\\ResponseFactory->json(Array, 0)
#5 /Users/recycle/work/htain-thein-be/vendor/laravel/framework/src/Illuminate/Routing/Pipeline.php(51): App\\Exceptions\\Handler->render(Object(Illuminate\\Http\\Request), Object(App\\Exceptions\\CustomErrorException))
#6 /Users/recycle/work/htain-thein-be/vendor/laravel/framework/src/Illuminate/Pipeline/Pipeline.php(146): Illuminate\\Routing\\Pipeline->handleException(Object(Illuminate\\Http\\Request), Object(App\\Exceptions\\CustomErrorException))
#7 /Users/recycle/work/htain-thein-be/vendor/laravel/framework/src/Illuminate/Routing/Middleware/SubstituteBindings.php(50): Illuminate\\Pipeline\\Pipeline->Illuminate\\Pipeline\\{closure}(Object(Illuminate\\Http\\Request))
#8 /Users/recycle/work/htain-thein-be/vendor/laravel/framework/src/Illuminate/Pipeline/Pipeline.php(183): Illuminate\\Routing\\Middleware\\SubstituteBindings->handle(Object(Illuminate\\Http\\Request), Object(Closure))
#9 /Users/recycle/work/htain-thein-be/vendor/laravel/framework/src/Illuminate/Routing/Middleware/ThrottleRequests.php(159): Illuminate\\Pipeline\\Pipeline->Illuminate\\Pipeline\\{closure}(Object(Illuminate\\Http\\Request))
#10 /Users/recycle/work/htain-thein-be/vendor/laravel/framework/src/Illuminate/Routing/Middleware/ThrottleRequests.php(125): Illuminate\\Routing\\Middleware\\ThrottleRequests->handleRequest(Object(Illuminate\\Http\\Request), Object(Closure), Array)
#11 /Users/recycle/work/htain-thein-be/vendor/laravel/framework/src/Illuminate/Routing/Middleware/ThrottleRequests.php(87): Illuminate\\Routing\\Middleware\\ThrottleRequests->handleRequestUsingNamedLimiter(Object(Illuminate\\Http\\Request), Object(Closure), 'api', Object(Closure))
#12 /Users/recycle/work/htain-thein-be/vendor/laravel/framework/src/Illuminate/Pipeline/Pipeline.php(183): Illuminate\\Routing\\Middleware\\ThrottleRequests->handle(Object(Illuminate\\Http\\Request), Object(Closure), 'api')
#13 /Users/recycle/work/htain-thein-be/vendor/laravel/framework/src/Illuminate/Auth/Middleware/Authenticate.php(57): Illuminate\\Pipeline\\Pipeline->Illuminate\\Pipeline\\{closure}(Object(Illuminate\\Http\\Request))
#14 /Users/recycle/work/htain-thein-be/vendor/laravel/framework/src/Illuminate/Pipeline/Pipeline.php(183): Illuminate\\Auth\\Middleware\\Authenticate->handle(Object(Illuminate\\Http\\Request), Object(Closure), 'sanctum')
#15 /Users/recycle/work/htain-thein-be/vendor/laravel/sanctum/src/Http/Middleware/EnsureFrontendRequestsAreStateful.php(25): Illuminate\\Pipeline\\Pipeline->Illuminate\\Pipeline\\{closure}(Object(Illuminate\\Http\\Request))
#16 /Users/recycle/work/htain-thein-be/vendor/laravel/framework/src/Illuminate/Pipeline/Pipeline.php(144): Laravel\\Sanctum\\Http\\Middleware\\EnsureFrontendRequestsAreStateful->Laravel\\Sanctum\\Http\\Middleware\\{closure}(Object(Illuminate\\Http\\Request))
#17 /Users/recycle/work/htain-thein-be/vendor/laravel/framework/src/Illuminate/Pipeline/Pipeline.php(119): Illuminate\\Pipeline\\Pipeline->Illuminate\\Pipeline\\{closure}(Object(Illuminate\\Http\\Request))
#18 /Users/recycle/work/htain-thein-be/vendor/laravel/sanctum/src/Http/Middleware/EnsureFrontendRequestsAreStateful.php(24): Illuminate\\Pipeline\\Pipeline->then(Object(Closure))
#19 /Users/recycle/work/htain-thein-be/vendor/laravel/framework/src/Illuminate/Pipeline/Pipeline.php(183): Laravel\\Sanctum\\Http\\Middleware\\EnsureFrontendRequestsAreStateful->handle(Object(Illuminate\\Http\\Request), Object(Closure))
#20 /Users/recycle/work/htain-thein-be/vendor/laravel/framework/src/Illuminate/Pipeline/Pipeline.php(119): Illuminate\\Pipeline\\Pipeline->Illuminate\\Pipeline\\{closure}(Object(Illuminate\\Http\\Request))
#21 /Users/recycle/work/htain-thein-be/vendor/laravel/framework/src/Illuminate/Routing/Router.php(805): Illuminate\\Pipeline\\Pipeline->then(Object(Closure))
#22 /Users/recycle/work/htain-thein-be/vendor/laravel/framework/src/Illuminate/Routing/Router.php(784): Illuminate\\Routing\\Router->runRouteWithinStack(Object(Illuminate\\Routing\\Route), Object(Illuminate\\Http\\Request))
#23 /Users/recycle/work/htain-thein-be/vendor/laravel/framework/src/Illuminate/Routing/Router.php(748): Illuminate\\Routing\\Router->runRoute(Object(Illuminate\\Http\\Request), Object(Illuminate\\Routing\\Route))
#24 /Users/recycle/work/htain-thein-be/vendor/laravel/framework/src/Illuminate/Routing/Router.php(737): Illuminate\\Routing\\Router->dispatchToRoute(Object(Illuminate\\Http\\Request))
#25 /Users/recycle/work/htain-thein-be/vendor/laravel/framework/src/Illuminate/Foundation/Http/Kernel.php(200): Illuminate\\Routing\\Router->dispatch(Object(Illuminate\\Http\\Request))
#26 /Users/recycle/work/htain-thein-be/vendor/laravel/framework/src/Illuminate/Pipeline/Pipeline.php(144): Illuminate\\Foundation\\Http\\Kernel->Illuminate\\Foundation\\Http\\{closure}(Object(Illuminate\\Http\\Request))
#27 /Users/recycle/work/htain-thein-be/vendor/laravel/framework/src/Illuminate/View/Middleware/ShareErrorsFromSession.php(49): Illuminate\\Pipeline\\Pipeline->Illuminate\\Pipeline\\{closure}(Object(Illuminate\\Http\\Request))
#28 /Users/recycle/work/htain-thein-be/vendor/laravel/framework/src/Illuminate/Pipeline/Pipeline.php(183): Illuminate\\View\\Middleware\\ShareErrorsFromSession->handle(Object(Illuminate\\Http\\Request), Object(Closure))
#29 /Users/recycle/work/htain-thein-be/vendor/laravel/framework/src/Illuminate/Session/Middleware/StartSession.php(121): Illuminate\\Pipeline\\Pipeline->Illuminate\\Pipeline\\{closure}(Object(Illuminate\\Http\\Request))
#30 /Users/recycle/work/htain-thein-be/vendor/laravel/framework/src/Illuminate/Session/Middleware/StartSession.php(64): Illuminate\\Session\\Middleware\\StartSession->handleStatefulRequest(Object(Illuminate\\Http\\Request), Object(Illuminate\\Session\\Store), Object(Closure))
#31 /Users/recycle/work/htain-thein-be/vendor/laravel/framework/src/Illuminate/Pipeline/Pipeline.php(183): Illuminate\\Session\\Middleware\\StartSession->handle(Object(Illuminate\\Http\\Request), Object(Closure))
#32 /Users/recycle/work/htain-thein-be/vendor/laravel/framework/src/Illuminate/Foundation/Http/Middleware/TransformsRequest.php(21): Illuminate\\Pipeline\\Pipeline->Illuminate\\Pipeline\\{closure}(Object(Illuminate\\Http\\Request))
#33 /Users/recycle/work/htain-thein-be/vendor/laravel/framework/src/Illuminate/Foundation/Http/Middleware/ConvertEmptyStringsToNull.php(31): Illuminate\\Foundation\\Http\\Middleware\\TransformsRequest->handle(Object(Illuminate\\Http\\Request), Object(Closure))
#34 /Users/recycle/work/htain-thein-be/vendor/laravel/framework/src/Illuminate/Pipeline/Pipeline.php(183): Illuminate\\Foundation\\Http\\Middleware\\ConvertEmptyStringsToNull->handle(Object(Illuminate\\Http\\Request), Object(Closure))
#35 /Users/recycle/work/htain-thein-be/vendor/laravel/framework/src/Illuminate/Foundation/Http/Middleware/TransformsRequest.php(21): Illuminate\\Pipeline\\Pipeline->Illuminate\\Pipeline\\{closure}(Object(Illuminate\\Http\\Request))
#36 /Users/recycle/work/htain-thein-be/vendor/laravel/framework/src/Illuminate/Foundation/Http/Middleware/TrimStrings.php(40): Illuminate\\Foundation\\Http\\Middleware\\TransformsRequest->handle(Object(Illuminate\\Http\\Request), Object(Closure))
#37 /Users/recycle/work/htain-thein-be/vendor/laravel/framework/src/Illuminate/Pipeline/Pipeline.php(183): Illuminate\\Foundation\\Http\\Middleware\\TrimStrings->handle(Object(Illuminate\\Http\\Request), Object(Closure))
#38 /Users/recycle/work/htain-thein-be/vendor/laravel/framework/src/Illuminate/Foundation/Http/Middleware/ValidatePostSize.php(27): Illuminate\\Pipeline\\Pipeline->Illuminate\\Pipeline\\{closure}(Object(Illuminate\\Http\\Request))
#39 /Users/recycle/work/htain-thein-be/vendor/laravel/framework/src/Illuminate/Pipeline/Pipeline.php(183): Illuminate\\Foundation\\Http\\Middleware\\ValidatePostSize->handle(Object(Illuminate\\Http\\Request), Object(Closure))
#40 /Users/recycle/work/htain-thein-be/vendor/laravel/framework/src/Illuminate/Foundation/Http/Middleware/PreventRequestsDuringMaintenance.php(99): Illuminate\\Pipeline\\Pipeline->Illuminate\\Pipeline\\{closure}(Object(Illuminate\\Http\\Request))
#41 /Users/recycle/work/htain-thein-be/vendor/laravel/framework/src/Illuminate/Pipeline/Pipeline.php(183): Illuminate\\Foundation\\Http\\Middleware\\PreventRequestsDuringMaintenance->handle(Object(Illuminate\\Http\\Request), Object(Closure))
#42 /Users/recycle/work/htain-thein-be/vendor/laravel/framework/src/Illuminate/Http/Middleware/HandleCors.php(62): Illuminate\\Pipeline\\Pipeline->Illuminate\\Pipeline\\{closure}(Object(Illuminate\\Http\\Request))
#43 /Users/recycle/work/htain-thein-be/vendor/laravel/framework/src/Illuminate/Pipeline/Pipeline.php(183): Illuminate\\Http\\Middleware\\HandleCors->handle(Object(Illuminate\\Http\\Request), Object(Closure))
#44 /Users/recycle/work/htain-thein-be/vendor/laravel/framework/src/Illuminate/Http/Middleware/TrustProxies.php(39): Illuminate\\Pipeline\\Pipeline->Illuminate\\Pipeline\\{closure}(Object(Illuminate\\Http\\Request))
#45 /Users/recycle/work/htain-thein-be/vendor/laravel/framework/src/Illuminate/Pipeline/Pipeline.php(183): Illuminate\\Http\\Middleware\\TrustProxies->handle(Object(Illuminate\\Http\\Request), Object(Closure))
#46 /Users/recycle/work/htain-thein-be/vendor/laravel/framework/src/Illuminate/Pipeline/Pipeline.php(119): Illuminate\\Pipeline\\Pipeline->Illuminate\\Pipeline\\{closure}(Object(Illuminate\\Http\\Request))
#47 /Users/recycle/work/htain-thein-be/vendor/laravel/framework/src/Illuminate/Foundation/Http/Kernel.php(175): Illuminate\\Pipeline\\Pipeline->then(Object(Closure))
#48 /Users/recycle/work/htain-thein-be/vendor/laravel/framework/src/Illuminate/Foundation/Http/Kernel.php(144): Illuminate\\Foundation\\Http\\Kernel->sendRequestThroughRouter(Object(Illuminate\\Http\\Request))
#49 /Users/recycle/work/htain-thein-be/public/index.php(51): Illuminate\\Foundation\\Http\\Kernel->handle(Object(Illuminate\\Http\\Request))
#50 /Users/recycle/work/htain-thein-be/vendor/laravel/framework/src/Illuminate/Foundation/resources/server.php(16): require_once('/Users/recycle/...')
#51 {main}
"} 
[2025-01-21 13:35:08] local.ERROR: The $date parameter must be a string, a DateTimeInterface instance, or null. {"userId":1,"exception":"[object] (Exception(code: 500): The $date parameter must be a string, a DateTimeInterface instance, or null. at /Users/recycle/work/htain-thein-be/App/Helpers/DateChangeHelper.php:16)
[stacktrace]
#0 /Users/recycle/work/htain-thein-be/app/Http/Resources/NotificationReadResource.php(21): changeToDifferForHuman(NULL)
#1 /Users/recycle/work/htain-thein-be/vendor/laravel/framework/src/Illuminate/Collections/HigherOrderCollectionProxy.php(60): App\\Http\\Resources\\NotificationReadResource->toArray(Object(Illuminate\\Http\\Request))
#2 [internal function]: Illuminate\\Support\\HigherOrderCollectionProxy->Illuminate\\Support\\{closure}(Object(App\\Http\\Resources\\NotificationReadResource), 0)
#3 /Users/recycle/work/htain-thein-be/vendor/laravel/framework/src/Illuminate/Collections/Arr.php(600): array_map(Object(Closure), Array, Array)
#4 /Users/recycle/work/htain-thein-be/vendor/laravel/framework/src/Illuminate/Collections/Collection.php(778): Illuminate\\Support\\Arr::map(Array, Object(Closure))
#5 /Users/recycle/work/htain-thein-be/vendor/laravel/framework/src/Illuminate/Collections/HigherOrderCollectionProxy.php(59): Illuminate\\Support\\Collection->map(Object(Closure))
#6 /Users/recycle/work/htain-thein-be/vendor/laravel/framework/src/Illuminate/Http/Resources/Json/ResourceCollection.php(102): Illuminate\\Support\\HigherOrderCollectionProxy->__call('toArray', Array)
#7 /Users/recycle/work/htain-thein-be/vendor/laravel/framework/src/Illuminate/Http/Resources/Json/JsonResource.php(108): Illuminate\\Http\\Resources\\Json\\ResourceCollection->toArray(Object(Illuminate\\Http\\Request))
#8 /Users/recycle/work/htain-thein-be/vendor/laravel/framework/src/Illuminate/Http/Resources/Json/JsonResource.php(255): Illuminate\\Http\\Resources\\Json\\JsonResource->resolve(Object(Illuminate\\Http\\Request))
#9 [internal function]: Illuminate\\Http\\Resources\\Json\\JsonResource->jsonSerialize()
#10 /Users/recycle/work/htain-thein-be/vendor/laravel/framework/src/Illuminate/Http/JsonResponse.php(84): json_encode(Array, 0)
#11 /Users/recycle/work/htain-thein-be/vendor/symfony/http-foundation/JsonResponse.php(49): Illuminate\\Http\\JsonResponse->setData(Array)
#12 /Users/recycle/work/htain-thein-be/vendor/laravel/framework/src/Illuminate/Http/JsonResponse.php(32): Symfony\\Component\\HttpFoundation\\JsonResponse->__construct(Array, 200, Array, false)
#13 /Users/recycle/work/htain-thein-be/vendor/laravel/framework/src/Illuminate/Routing/ResponseFactory.php(102): Illuminate\\Http\\JsonResponse->__construct(Array, 200, Array, 0)
#14 /Users/recycle/work/htain-thein-be/app/Services/NotificationInfo/GetAllNotificationsService.php(19): Illuminate\\Routing\\ResponseFactory->json(Array)
#15 /Users/recycle/work/htain-thein-be/app/UseCases/NotiInfo/NotiInfoAction.php(70): App\\Services\\NotificationInfo\\GetAllNotificationsService->__invoke(Object(App\\Repositories\\Notification\\NotificationRepository), Array, 1)
#16 /Users/recycle/work/htain-thein-be/app/Http/Controllers/Api/NotiInfoController.php(33): App\\UseCases\\NotiInfo\\NotiInfoAction->getAllNotifications(Array, 1)
#17 /Users/recycle/work/htain-thein-be/vendor/laravel/framework/src/Illuminate/Routing/Controller.php(54): App\\Http\\Controllers\\Api\\NotiInfoController->index(Object(App\\Http\\Requests\\V1\\App\\NotificationInfo\\FetchAllNotificationRequest))
#18 /Users/recycle/work/htain-thein-be/vendor/laravel/framework/src/Illuminate/Routing/ControllerDispatcher.php(43): Illuminate\\Routing\\Controller->callAction('index', Array)
#19 /Users/recycle/work/htain-thein-be/vendor/laravel/framework/src/Illuminate/Routing/Route.php(259): Illuminate\\Routing\\ControllerDispatcher->dispatch(Object(Illuminate\\Routing\\Route), Object(App\\Http\\Controllers\\Api\\NotiInfoController), 'index')
#20 /Users/recycle/work/htain-thein-be/vendor/laravel/framework/src/Illuminate/Routing/Route.php(205): Illuminate\\Routing\\Route->runController()
#21 /Users/recycle/work/htain-thein-be/vendor/laravel/framework/src/Illuminate/Routing/Router.php(806): Illuminate\\Routing\\Route->run()
#22 /Users/recycle/work/htain-thein-be/vendor/laravel/framework/src/Illuminate/Pipeline/Pipeline.php(144): Illuminate\\Routing\\Router->Illuminate\\Routing\\{closure}(Object(Illuminate\\Http\\Request))
#23 /Users/recycle/work/htain-thein-be/vendor/laravel/framework/src/Illuminate/Routing/Middleware/SubstituteBindings.php(50): Illuminate\\Pipeline\\Pipeline->Illuminate\\Pipeline\\{closure}(Object(Illuminate\\Http\\Request))
#24 /Users/recycle/work/htain-thein-be/vendor/laravel/framework/src/Illuminate/Pipeline/Pipeline.php(183): Illuminate\\Routing\\Middleware\\SubstituteBindings->handle(Object(Illuminate\\Http\\Request), Object(Closure))
#25 /Users/recycle/work/htain-thein-be/vendor/laravel/framework/src/Illuminate/Routing/Middleware/ThrottleRequests.php(159): Illuminate\\Pipeline\\Pipeline->Illuminate\\Pipeline\\{closure}(Object(Illuminate\\Http\\Request))
#26 /Users/recycle/work/htain-thein-be/vendor/laravel/framework/src/Illuminate/Routing/Middleware/ThrottleRequests.php(125): Illuminate\\Routing\\Middleware\\ThrottleRequests->handleRequest(Object(Illuminate\\Http\\Request), Object(Closure), Array)
#27 /Users/recycle/work/htain-thein-be/vendor/laravel/framework/src/Illuminate/Routing/Middleware/ThrottleRequests.php(87): Illuminate\\Routing\\Middleware\\ThrottleRequests->handleRequestUsingNamedLimiter(Object(Illuminate\\Http\\Request), Object(Closure), 'api', Object(Closure))
#28 /Users/recycle/work/htain-thein-be/vendor/laravel/framework/src/Illuminate/Pipeline/Pipeline.php(183): Illuminate\\Routing\\Middleware\\ThrottleRequests->handle(Object(Illuminate\\Http\\Request), Object(Closure), 'api')
#29 /Users/recycle/work/htain-thein-be/vendor/laravel/framework/src/Illuminate/Auth/Middleware/Authenticate.php(57): Illuminate\\Pipeline\\Pipeline->Illuminate\\Pipeline\\{closure}(Object(Illuminate\\Http\\Request))
#30 /Users/recycle/work/htain-thein-be/vendor/laravel/framework/src/Illuminate/Pipeline/Pipeline.php(183): Illuminate\\Auth\\Middleware\\Authenticate->handle(Object(Illuminate\\Http\\Request), Object(Closure), 'sanctum')
#31 /Users/recycle/work/htain-thein-be/vendor/laravel/sanctum/src/Http/Middleware/EnsureFrontendRequestsAreStateful.php(25): Illuminate\\Pipeline\\Pipeline->Illuminate\\Pipeline\\{closure}(Object(Illuminate\\Http\\Request))
#32 /Users/recycle/work/htain-thein-be/vendor/laravel/framework/src/Illuminate/Pipeline/Pipeline.php(144): Laravel\\Sanctum\\Http\\Middleware\\EnsureFrontendRequestsAreStateful->Laravel\\Sanctum\\Http\\Middleware\\{closure}(Object(Illuminate\\Http\\Request))
#33 /Users/recycle/work/htain-thein-be/vendor/laravel/framework/src/Illuminate/Pipeline/Pipeline.php(119): Illuminate\\Pipeline\\Pipeline->Illuminate\\Pipeline\\{closure}(Object(Illuminate\\Http\\Request))
#34 /Users/recycle/work/htain-thein-be/vendor/laravel/sanctum/src/Http/Middleware/EnsureFrontendRequestsAreStateful.php(24): Illuminate\\Pipeline\\Pipeline->then(Object(Closure))
#35 /Users/recycle/work/htain-thein-be/vendor/laravel/framework/src/Illuminate/Pipeline/Pipeline.php(183): Laravel\\Sanctum\\Http\\Middleware\\EnsureFrontendRequestsAreStateful->handle(Object(Illuminate\\Http\\Request), Object(Closure))
#36 /Users/recycle/work/htain-thein-be/vendor/laravel/framework/src/Illuminate/Pipeline/Pipeline.php(119): Illuminate\\Pipeline\\Pipeline->Illuminate\\Pipeline\\{closure}(Object(Illuminate\\Http\\Request))
#37 /Users/recycle/work/htain-thein-be/vendor/laravel/framework/src/Illuminate/Routing/Router.php(805): Illuminate\\Pipeline\\Pipeline->then(Object(Closure))
#38 /Users/recycle/work/htain-thein-be/vendor/laravel/framework/src/Illuminate/Routing/Router.php(784): Illuminate\\Routing\\Router->runRouteWithinStack(Object(Illuminate\\Routing\\Route), Object(Illuminate\\Http\\Request))
#39 /Users/recycle/work/htain-thein-be/vendor/laravel/framework/src/Illuminate/Routing/Router.php(748): Illuminate\\Routing\\Router->runRoute(Object(Illuminate\\Http\\Request), Object(Illuminate\\Routing\\Route))
#40 /Users/recycle/work/htain-thein-be/vendor/laravel/framework/src/Illuminate/Routing/Router.php(737): Illuminate\\Routing\\Router->dispatchToRoute(Object(Illuminate\\Http\\Request))
#41 /Users/recycle/work/htain-thein-be/vendor/laravel/framework/src/Illuminate/Foundation/Http/Kernel.php(200): Illuminate\\Routing\\Router->dispatch(Object(Illuminate\\Http\\Request))
#42 /Users/recycle/work/htain-thein-be/vendor/laravel/framework/src/Illuminate/Pipeline/Pipeline.php(144): Illuminate\\Foundation\\Http\\Kernel->Illuminate\\Foundation\\Http\\{closure}(Object(Illuminate\\Http\\Request))
#43 /Users/recycle/work/htain-thein-be/vendor/laravel/framework/src/Illuminate/View/Middleware/ShareErrorsFromSession.php(49): Illuminate\\Pipeline\\Pipeline->Illuminate\\Pipeline\\{closure}(Object(Illuminate\\Http\\Request))
#44 /Users/recycle/work/htain-thein-be/vendor/laravel/framework/src/Illuminate/Pipeline/Pipeline.php(183): Illuminate\\View\\Middleware\\ShareErrorsFromSession->handle(Object(Illuminate\\Http\\Request), Object(Closure))
#45 /Users/recycle/work/htain-thein-be/vendor/laravel/framework/src/Illuminate/Session/Middleware/StartSession.php(121): Illuminate\\Pipeline\\Pipeline->Illuminate\\Pipeline\\{closure}(Object(Illuminate\\Http\\Request))
#46 /Users/recycle/work/htain-thein-be/vendor/laravel/framework/src/Illuminate/Session/Middleware/StartSession.php(64): Illuminate\\Session\\Middleware\\StartSession->handleStatefulRequest(Object(Illuminate\\Http\\Request), Object(Illuminate\\Session\\Store), Object(Closure))
#47 /Users/recycle/work/htain-thein-be/vendor/laravel/framework/src/Illuminate/Pipeline/Pipeline.php(183): Illuminate\\Session\\Middleware\\StartSession->handle(Object(Illuminate\\Http\\Request), Object(Closure))
#48 /Users/recycle/work/htain-thein-be/vendor/laravel/framework/src/Illuminate/Foundation/Http/Middleware/TransformsRequest.php(21): Illuminate\\Pipeline\\Pipeline->Illuminate\\Pipeline\\{closure}(Object(Illuminate\\Http\\Request))
#49 /Users/recycle/work/htain-thein-be/vendor/laravel/framework/src/Illuminate/Foundation/Http/Middleware/ConvertEmptyStringsToNull.php(31): Illuminate\\Foundation\\Http\\Middleware\\TransformsRequest->handle(Object(Illuminate\\Http\\Request), Object(Closure))
#50 /Users/recycle/work/htain-thein-be/vendor/laravel/framework/src/Illuminate/Pipeline/Pipeline.php(183): Illuminate\\Foundation\\Http\\Middleware\\ConvertEmptyStringsToNull->handle(Object(Illuminate\\Http\\Request), Object(Closure))
#51 /Users/recycle/work/htain-thein-be/vendor/laravel/framework/src/Illuminate/Foundation/Http/Middleware/TransformsRequest.php(21): Illuminate\\Pipeline\\Pipeline->Illuminate\\Pipeline\\{closure}(Object(Illuminate\\Http\\Request))
#52 /Users/recycle/work/htain-thein-be/vendor/laravel/framework/src/Illuminate/Foundation/Http/Middleware/TrimStrings.php(40): Illuminate\\Foundation\\Http\\Middleware\\TransformsRequest->handle(Object(Illuminate\\Http\\Request), Object(Closure))
#53 /Users/recycle/work/htain-thein-be/vendor/laravel/framework/src/Illuminate/Pipeline/Pipeline.php(183): Illuminate\\Foundation\\Http\\Middleware\\TrimStrings->handle(Object(Illuminate\\Http\\Request), Object(Closure))
#54 /Users/recycle/work/htain-thein-be/vendor/laravel/framework/src/Illuminate/Foundation/Http/Middleware/ValidatePostSize.php(27): Illuminate\\Pipeline\\Pipeline->Illuminate\\Pipeline\\{closure}(Object(Illuminate\\Http\\Request))
#55 /Users/recycle/work/htain-thein-be/vendor/laravel/framework/src/Illuminate/Pipeline/Pipeline.php(183): Illuminate\\Foundation\\Http\\Middleware\\ValidatePostSize->handle(Object(Illuminate\\Http\\Request), Object(Closure))
#56 /Users/recycle/work/htain-thein-be/vendor/laravel/framework/src/Illuminate/Foundation/Http/Middleware/PreventRequestsDuringMaintenance.php(99): Illuminate\\Pipeline\\Pipeline->Illuminate\\Pipeline\\{closure}(Object(Illuminate\\Http\\Request))
#57 /Users/recycle/work/htain-thein-be/vendor/laravel/framework/src/Illuminate/Pipeline/Pipeline.php(183): Illuminate\\Foundation\\Http\\Middleware\\PreventRequestsDuringMaintenance->handle(Object(Illuminate\\Http\\Request), Object(Closure))
#58 /Users/recycle/work/htain-thein-be/vendor/laravel/framework/src/Illuminate/Http/Middleware/HandleCors.php(62): Illuminate\\Pipeline\\Pipeline->Illuminate\\Pipeline\\{closure}(Object(Illuminate\\Http\\Request))
#59 /Users/recycle/work/htain-thein-be/vendor/laravel/framework/src/Illuminate/Pipeline/Pipeline.php(183): Illuminate\\Http\\Middleware\\HandleCors->handle(Object(Illuminate\\Http\\Request), Object(Closure))
#60 /Users/recycle/work/htain-thein-be/vendor/laravel/framework/src/Illuminate/Http/Middleware/TrustProxies.php(39): Illuminate\\Pipeline\\Pipeline->Illuminate\\Pipeline\\{closure}(Object(Illuminate\\Http\\Request))
#61 /Users/recycle/work/htain-thein-be/vendor/laravel/framework/src/Illuminate/Pipeline/Pipeline.php(183): Illuminate\\Http\\Middleware\\TrustProxies->handle(Object(Illuminate\\Http\\Request), Object(Closure))
#62 /Users/recycle/work/htain-thein-be/vendor/laravel/framework/src/Illuminate/Pipeline/Pipeline.php(119): Illuminate\\Pipeline\\Pipeline->Illuminate\\Pipeline\\{closure}(Object(Illuminate\\Http\\Request))
#63 /Users/recycle/work/htain-thein-be/vendor/laravel/framework/src/Illuminate/Foundation/Http/Kernel.php(175): Illuminate\\Pipeline\\Pipeline->then(Object(Closure))
#64 /Users/recycle/work/htain-thein-be/vendor/laravel/framework/src/Illuminate/Foundation/Http/Kernel.php(144): Illuminate\\Foundation\\Http\\Kernel->sendRequestThroughRouter(Object(Illuminate\\Http\\Request))
#65 /Users/recycle/work/htain-thein-be/public/index.php(51): Illuminate\\Foundation\\Http\\Kernel->handle(Object(Illuminate\\Http\\Request))
#66 /Users/recycle/work/htain-thein-be/vendor/laravel/framework/src/Illuminate/Foundation/resources/server.php(16): require_once('/Users/recycle/...')
#67 {main}
"} 
[2025-01-21 13:39:28] local.ERROR: The $date parameter must be a string, a DateTimeInterface instance, or null. {"userId":1,"exception":"[object] (Exception(code: 500): The $date parameter must be a string, a DateTimeInterface instance, or null. at /Users/recycle/work/htain-thein-be/App/Helpers/DateChangeHelper.php:16)
[stacktrace]
#0 /Users/recycle/work/htain-thein-be/app/Http/Resources/NotificationReadResource.php(21): changeToDifferForHuman(NULL)
#1 /Users/recycle/work/htain-thein-be/vendor/laravel/framework/src/Illuminate/Collections/HigherOrderCollectionProxy.php(60): App\\Http\\Resources\\NotificationReadResource->toArray(Object(Illuminate\\Http\\Request))
#2 [internal function]: Illuminate\\Support\\HigherOrderCollectionProxy->Illuminate\\Support\\{closure}(Object(App\\Http\\Resources\\NotificationReadResource), 0)
#3 /Users/recycle/work/htain-thein-be/vendor/laravel/framework/src/Illuminate/Collections/Arr.php(600): array_map(Object(Closure), Array, Array)
#4 /Users/recycle/work/htain-thein-be/vendor/laravel/framework/src/Illuminate/Collections/Collection.php(778): Illuminate\\Support\\Arr::map(Array, Object(Closure))
#5 /Users/recycle/work/htain-thein-be/vendor/laravel/framework/src/Illuminate/Collections/HigherOrderCollectionProxy.php(59): Illuminate\\Support\\Collection->map(Object(Closure))
#6 /Users/recycle/work/htain-thein-be/vendor/laravel/framework/src/Illuminate/Http/Resources/Json/ResourceCollection.php(102): Illuminate\\Support\\HigherOrderCollectionProxy->__call('toArray', Array)
#7 /Users/recycle/work/htain-thein-be/vendor/laravel/framework/src/Illuminate/Http/Resources/Json/JsonResource.php(108): Illuminate\\Http\\Resources\\Json\\ResourceCollection->toArray(Object(Illuminate\\Http\\Request))
#8 /Users/recycle/work/htain-thein-be/vendor/laravel/framework/src/Illuminate/Http/Resources/Json/JsonResource.php(255): Illuminate\\Http\\Resources\\Json\\JsonResource->resolve(Object(Illuminate\\Http\\Request))
#9 [internal function]: Illuminate\\Http\\Resources\\Json\\JsonResource->jsonSerialize()
#10 /Users/recycle/work/htain-thein-be/vendor/laravel/framework/src/Illuminate/Http/JsonResponse.php(84): json_encode(Array, 0)
#11 /Users/recycle/work/htain-thein-be/vendor/symfony/http-foundation/JsonResponse.php(49): Illuminate\\Http\\JsonResponse->setData(Array)
#12 /Users/recycle/work/htain-thein-be/vendor/laravel/framework/src/Illuminate/Http/JsonResponse.php(32): Symfony\\Component\\HttpFoundation\\JsonResponse->__construct(Array, 200, Array, false)
#13 /Users/recycle/work/htain-thein-be/vendor/laravel/framework/src/Illuminate/Routing/ResponseFactory.php(102): Illuminate\\Http\\JsonResponse->__construct(Array, 200, Array, 0)
#14 /Users/recycle/work/htain-thein-be/app/Services/NotificationInfo/GetAllNotificationsService.php(19): Illuminate\\Routing\\ResponseFactory->json(Array)
#15 /Users/recycle/work/htain-thein-be/app/UseCases/NotiInfo/NotiInfoAction.php(70): App\\Services\\NotificationInfo\\GetAllNotificationsService->__invoke(Object(App\\Repositories\\Notification\\NotificationRepository), Array, 1)
#16 /Users/recycle/work/htain-thein-be/app/Http/Controllers/Api/NotiInfoController.php(33): App\\UseCases\\NotiInfo\\NotiInfoAction->getAllNotifications(Array, 1)
#17 /Users/recycle/work/htain-thein-be/vendor/laravel/framework/src/Illuminate/Routing/Controller.php(54): App\\Http\\Controllers\\Api\\NotiInfoController->index(Object(App\\Http\\Requests\\V1\\App\\NotificationInfo\\FetchAllNotificationRequest))
#18 /Users/recycle/work/htain-thein-be/vendor/laravel/framework/src/Illuminate/Routing/ControllerDispatcher.php(43): Illuminate\\Routing\\Controller->callAction('index', Array)
#19 /Users/recycle/work/htain-thein-be/vendor/laravel/framework/src/Illuminate/Routing/Route.php(259): Illuminate\\Routing\\ControllerDispatcher->dispatch(Object(Illuminate\\Routing\\Route), Object(App\\Http\\Controllers\\Api\\NotiInfoController), 'index')
#20 /Users/recycle/work/htain-thein-be/vendor/laravel/framework/src/Illuminate/Routing/Route.php(205): Illuminate\\Routing\\Route->runController()
#21 /Users/recycle/work/htain-thein-be/vendor/laravel/framework/src/Illuminate/Routing/Router.php(806): Illuminate\\Routing\\Route->run()
#22 /Users/recycle/work/htain-thein-be/vendor/laravel/framework/src/Illuminate/Pipeline/Pipeline.php(144): Illuminate\\Routing\\Router->Illuminate\\Routing\\{closure}(Object(Illuminate\\Http\\Request))
#23 /Users/recycle/work/htain-thein-be/vendor/laravel/framework/src/Illuminate/Routing/Middleware/SubstituteBindings.php(50): Illuminate\\Pipeline\\Pipeline->Illuminate\\Pipeline\\{closure}(Object(Illuminate\\Http\\Request))
#24 /Users/recycle/work/htain-thein-be/vendor/laravel/framework/src/Illuminate/Pipeline/Pipeline.php(183): Illuminate\\Routing\\Middleware\\SubstituteBindings->handle(Object(Illuminate\\Http\\Request), Object(Closure))
#25 /Users/recycle/work/htain-thein-be/vendor/laravel/framework/src/Illuminate/Routing/Middleware/ThrottleRequests.php(159): Illuminate\\Pipeline\\Pipeline->Illuminate\\Pipeline\\{closure}(Object(Illuminate\\Http\\Request))
#26 /Users/recycle/work/htain-thein-be/vendor/laravel/framework/src/Illuminate/Routing/Middleware/ThrottleRequests.php(125): Illuminate\\Routing\\Middleware\\ThrottleRequests->handleRequest(Object(Illuminate\\Http\\Request), Object(Closure), Array)
#27 /Users/recycle/work/htain-thein-be/vendor/laravel/framework/src/Illuminate/Routing/Middleware/ThrottleRequests.php(87): Illuminate\\Routing\\Middleware\\ThrottleRequests->handleRequestUsingNamedLimiter(Object(Illuminate\\Http\\Request), Object(Closure), 'api', Object(Closure))
#28 /Users/recycle/work/htain-thein-be/vendor/laravel/framework/src/Illuminate/Pipeline/Pipeline.php(183): Illuminate\\Routing\\Middleware\\ThrottleRequests->handle(Object(Illuminate\\Http\\Request), Object(Closure), 'api')
#29 /Users/recycle/work/htain-thein-be/vendor/laravel/framework/src/Illuminate/Auth/Middleware/Authenticate.php(57): Illuminate\\Pipeline\\Pipeline->Illuminate\\Pipeline\\{closure}(Object(Illuminate\\Http\\Request))
#30 /Users/recycle/work/htain-thein-be/vendor/laravel/framework/src/Illuminate/Pipeline/Pipeline.php(183): Illuminate\\Auth\\Middleware\\Authenticate->handle(Object(Illuminate\\Http\\Request), Object(Closure), 'sanctum')
#31 /Users/recycle/work/htain-thein-be/vendor/laravel/sanctum/src/Http/Middleware/EnsureFrontendRequestsAreStateful.php(25): Illuminate\\Pipeline\\Pipeline->Illuminate\\Pipeline\\{closure}(Object(Illuminate\\Http\\Request))
#32 /Users/recycle/work/htain-thein-be/vendor/laravel/framework/src/Illuminate/Pipeline/Pipeline.php(144): Laravel\\Sanctum\\Http\\Middleware\\EnsureFrontendRequestsAreStateful->Laravel\\Sanctum\\Http\\Middleware\\{closure}(Object(Illuminate\\Http\\Request))
#33 /Users/recycle/work/htain-thein-be/vendor/laravel/framework/src/Illuminate/Pipeline/Pipeline.php(119): Illuminate\\Pipeline\\Pipeline->Illuminate\\Pipeline\\{closure}(Object(Illuminate\\Http\\Request))
#34 /Users/recycle/work/htain-thein-be/vendor/laravel/sanctum/src/Http/Middleware/EnsureFrontendRequestsAreStateful.php(24): Illuminate\\Pipeline\\Pipeline->then(Object(Closure))
#35 /Users/recycle/work/htain-thein-be/vendor/laravel/framework/src/Illuminate/Pipeline/Pipeline.php(183): Laravel\\Sanctum\\Http\\Middleware\\EnsureFrontendRequestsAreStateful->handle(Object(Illuminate\\Http\\Request), Object(Closure))
#36 /Users/recycle/work/htain-thein-be/vendor/laravel/framework/src/Illuminate/Pipeline/Pipeline.php(119): Illuminate\\Pipeline\\Pipeline->Illuminate\\Pipeline\\{closure}(Object(Illuminate\\Http\\Request))
#37 /Users/recycle/work/htain-thein-be/vendor/laravel/framework/src/Illuminate/Routing/Router.php(805): Illuminate\\Pipeline\\Pipeline->then(Object(Closure))
#38 /Users/recycle/work/htain-thein-be/vendor/laravel/framework/src/Illuminate/Routing/Router.php(784): Illuminate\\Routing\\Router->runRouteWithinStack(Object(Illuminate\\Routing\\Route), Object(Illuminate\\Http\\Request))
#39 /Users/recycle/work/htain-thein-be/vendor/laravel/framework/src/Illuminate/Routing/Router.php(748): Illuminate\\Routing\\Router->runRoute(Object(Illuminate\\Http\\Request), Object(Illuminate\\Routing\\Route))
#40 /Users/recycle/work/htain-thein-be/vendor/laravel/framework/src/Illuminate/Routing/Router.php(737): Illuminate\\Routing\\Router->dispatchToRoute(Object(Illuminate\\Http\\Request))
#41 /Users/recycle/work/htain-thein-be/vendor/laravel/framework/src/Illuminate/Foundation/Http/Kernel.php(200): Illuminate\\Routing\\Router->dispatch(Object(Illuminate\\Http\\Request))
#42 /Users/recycle/work/htain-thein-be/vendor/laravel/framework/src/Illuminate/Pipeline/Pipeline.php(144): Illuminate\\Foundation\\Http\\Kernel->Illuminate\\Foundation\\Http\\{closure}(Object(Illuminate\\Http\\Request))
#43 /Users/recycle/work/htain-thein-be/vendor/laravel/framework/src/Illuminate/View/Middleware/ShareErrorsFromSession.php(49): Illuminate\\Pipeline\\Pipeline->Illuminate\\Pipeline\\{closure}(Object(Illuminate\\Http\\Request))
#44 /Users/recycle/work/htain-thein-be/vendor/laravel/framework/src/Illuminate/Pipeline/Pipeline.php(183): Illuminate\\View\\Middleware\\ShareErrorsFromSession->handle(Object(Illuminate\\Http\\Request), Object(Closure))
#45 /Users/recycle/work/htain-thein-be/vendor/laravel/framework/src/Illuminate/Session/Middleware/StartSession.php(121): Illuminate\\Pipeline\\Pipeline->Illuminate\\Pipeline\\{closure}(Object(Illuminate\\Http\\Request))
#46 /Users/recycle/work/htain-thein-be/vendor/laravel/framework/src/Illuminate/Session/Middleware/StartSession.php(64): Illuminate\\Session\\Middleware\\StartSession->handleStatefulRequest(Object(Illuminate\\Http\\Request), Object(Illuminate\\Session\\Store), Object(Closure))
#47 /Users/recycle/work/htain-thein-be/vendor/laravel/framework/src/Illuminate/Pipeline/Pipeline.php(183): Illuminate\\Session\\Middleware\\StartSession->handle(Object(Illuminate\\Http\\Request), Object(Closure))
#48 /Users/recycle/work/htain-thein-be/vendor/laravel/framework/src/Illuminate/Foundation/Http/Middleware/TransformsRequest.php(21): Illuminate\\Pipeline\\Pipeline->Illuminate\\Pipeline\\{closure}(Object(Illuminate\\Http\\Request))
#49 /Users/recycle/work/htain-thein-be/vendor/laravel/framework/src/Illuminate/Foundation/Http/Middleware/ConvertEmptyStringsToNull.php(31): Illuminate\\Foundation\\Http\\Middleware\\TransformsRequest->handle(Object(Illuminate\\Http\\Request), Object(Closure))
#50 /Users/recycle/work/htain-thein-be/vendor/laravel/framework/src/Illuminate/Pipeline/Pipeline.php(183): Illuminate\\Foundation\\Http\\Middleware\\ConvertEmptyStringsToNull->handle(Object(Illuminate\\Http\\Request), Object(Closure))
#51 /Users/recycle/work/htain-thein-be/vendor/laravel/framework/src/Illuminate/Foundation/Http/Middleware/TransformsRequest.php(21): Illuminate\\Pipeline\\Pipeline->Illuminate\\Pipeline\\{closure}(Object(Illuminate\\Http\\Request))
#52 /Users/recycle/work/htain-thein-be/vendor/laravel/framework/src/Illuminate/Foundation/Http/Middleware/TrimStrings.php(40): Illuminate\\Foundation\\Http\\Middleware\\TransformsRequest->handle(Object(Illuminate\\Http\\Request), Object(Closure))
#53 /Users/recycle/work/htain-thein-be/vendor/laravel/framework/src/Illuminate/Pipeline/Pipeline.php(183): Illuminate\\Foundation\\Http\\Middleware\\TrimStrings->handle(Object(Illuminate\\Http\\Request), Object(Closure))
#54 /Users/recycle/work/htain-thein-be/vendor/laravel/framework/src/Illuminate/Foundation/Http/Middleware/ValidatePostSize.php(27): Illuminate\\Pipeline\\Pipeline->Illuminate\\Pipeline\\{closure}(Object(Illuminate\\Http\\Request))
#55 /Users/recycle/work/htain-thein-be/vendor/laravel/framework/src/Illuminate/Pipeline/Pipeline.php(183): Illuminate\\Foundation\\Http\\Middleware\\ValidatePostSize->handle(Object(Illuminate\\Http\\Request), Object(Closure))
#56 /Users/recycle/work/htain-thein-be/vendor/laravel/framework/src/Illuminate/Foundation/Http/Middleware/PreventRequestsDuringMaintenance.php(99): Illuminate\\Pipeline\\Pipeline->Illuminate\\Pipeline\\{closure}(Object(Illuminate\\Http\\Request))
#57 /Users/recycle/work/htain-thein-be/vendor/laravel/framework/src/Illuminate/Pipeline/Pipeline.php(183): Illuminate\\Foundation\\Http\\Middleware\\PreventRequestsDuringMaintenance->handle(Object(Illuminate\\Http\\Request), Object(Closure))
#58 /Users/recycle/work/htain-thein-be/vendor/laravel/framework/src/Illuminate/Http/Middleware/HandleCors.php(62): Illuminate\\Pipeline\\Pipeline->Illuminate\\Pipeline\\{closure}(Object(Illuminate\\Http\\Request))
#59 /Users/recycle/work/htain-thein-be/vendor/laravel/framework/src/Illuminate/Pipeline/Pipeline.php(183): Illuminate\\Http\\Middleware\\HandleCors->handle(Object(Illuminate\\Http\\Request), Object(Closure))
#60 /Users/recycle/work/htain-thein-be/vendor/laravel/framework/src/Illuminate/Http/Middleware/TrustProxies.php(39): Illuminate\\Pipeline\\Pipeline->Illuminate\\Pipeline\\{closure}(Object(Illuminate\\Http\\Request))
#61 /Users/recycle/work/htain-thein-be/vendor/laravel/framework/src/Illuminate/Pipeline/Pipeline.php(183): Illuminate\\Http\\Middleware\\TrustProxies->handle(Object(Illuminate\\Http\\Request), Object(Closure))
#62 /Users/recycle/work/htain-thein-be/vendor/laravel/framework/src/Illuminate/Pipeline/Pipeline.php(119): Illuminate\\Pipeline\\Pipeline->Illuminate\\Pipeline\\{closure}(Object(Illuminate\\Http\\Request))
#63 /Users/recycle/work/htain-thein-be/vendor/laravel/framework/src/Illuminate/Foundation/Http/Kernel.php(175): Illuminate\\Pipeline\\Pipeline->then(Object(Closure))
#64 /Users/recycle/work/htain-thein-be/vendor/laravel/framework/src/Illuminate/Foundation/Http/Kernel.php(144): Illuminate\\Foundation\\Http\\Kernel->sendRequestThroughRouter(Object(Illuminate\\Http\\Request))
#65 /Users/recycle/work/htain-thein-be/public/index.php(51): Illuminate\\Foundation\\Http\\Kernel->handle(Object(Illuminate\\Http\\Request))
#66 /Users/recycle/work/htain-thein-be/vendor/laravel/framework/src/Illuminate/Foundation/resources/server.php(16): require_once('/Users/recycle/...')
#67 {main}
"} 
[2025-01-21 13:39:53] local.ERROR: The $date parameter must be a string, a DateTimeInterface instance, or null. {"userId":1,"exception":"[object] (Exception(code: 500): The $date parameter must be a string, a DateTimeInterface instance, or null. at /Users/recycle/work/htain-thein-be/App/Helpers/DateChangeHelper.php:16)
[stacktrace]
#0 /Users/recycle/work/htain-thein-be/app/Http/Resources/NotificationReadResource.php(21): changeToDifferForHuman(NULL)
#1 /Users/recycle/work/htain-thein-be/vendor/laravel/framework/src/Illuminate/Collections/HigherOrderCollectionProxy.php(60): App\\Http\\Resources\\NotificationReadResource->toArray(Object(Illuminate\\Http\\Request))
#2 [internal function]: Illuminate\\Support\\HigherOrderCollectionProxy->Illuminate\\Support\\{closure}(Object(App\\Http\\Resources\\NotificationReadResource), 0)
#3 /Users/recycle/work/htain-thein-be/vendor/laravel/framework/src/Illuminate/Collections/Arr.php(600): array_map(Object(Closure), Array, Array)
#4 /Users/recycle/work/htain-thein-be/vendor/laravel/framework/src/Illuminate/Collections/Collection.php(778): Illuminate\\Support\\Arr::map(Array, Object(Closure))
#5 /Users/recycle/work/htain-thein-be/vendor/laravel/framework/src/Illuminate/Collections/HigherOrderCollectionProxy.php(59): Illuminate\\Support\\Collection->map(Object(Closure))
#6 /Users/recycle/work/htain-thein-be/vendor/laravel/framework/src/Illuminate/Http/Resources/Json/ResourceCollection.php(102): Illuminate\\Support\\HigherOrderCollectionProxy->__call('toArray', Array)
#7 /Users/recycle/work/htain-thein-be/vendor/laravel/framework/src/Illuminate/Http/Resources/Json/JsonResource.php(108): Illuminate\\Http\\Resources\\Json\\ResourceCollection->toArray(Object(Illuminate\\Http\\Request))
#8 /Users/recycle/work/htain-thein-be/vendor/laravel/framework/src/Illuminate/Http/Resources/Json/JsonResource.php(255): Illuminate\\Http\\Resources\\Json\\JsonResource->resolve(Object(Illuminate\\Http\\Request))
#9 [internal function]: Illuminate\\Http\\Resources\\Json\\JsonResource->jsonSerialize()
#10 /Users/recycle/work/htain-thein-be/vendor/laravel/framework/src/Illuminate/Http/JsonResponse.php(84): json_encode(Array, 0)
#11 /Users/recycle/work/htain-thein-be/vendor/symfony/http-foundation/JsonResponse.php(49): Illuminate\\Http\\JsonResponse->setData(Array)
#12 /Users/recycle/work/htain-thein-be/vendor/laravel/framework/src/Illuminate/Http/JsonResponse.php(32): Symfony\\Component\\HttpFoundation\\JsonResponse->__construct(Array, 200, Array, false)
#13 /Users/recycle/work/htain-thein-be/vendor/laravel/framework/src/Illuminate/Routing/ResponseFactory.php(102): Illuminate\\Http\\JsonResponse->__construct(Array, 200, Array, 0)
#14 /Users/recycle/work/htain-thein-be/app/Services/NotificationInfo/GetAllNotificationsService.php(19): Illuminate\\Routing\\ResponseFactory->json(Array)
#15 /Users/recycle/work/htain-thein-be/app/UseCases/NotiInfo/NotiInfoAction.php(70): App\\Services\\NotificationInfo\\GetAllNotificationsService->__invoke(Object(App\\Repositories\\Notification\\NotificationRepository), Array, 1)
#16 /Users/recycle/work/htain-thein-be/app/Http/Controllers/Api/NotiInfoController.php(33): App\\UseCases\\NotiInfo\\NotiInfoAction->getAllNotifications(Array, 1)
#17 /Users/recycle/work/htain-thein-be/vendor/laravel/framework/src/Illuminate/Routing/Controller.php(54): App\\Http\\Controllers\\Api\\NotiInfoController->index(Object(App\\Http\\Requests\\V1\\App\\NotificationInfo\\FetchAllNotificationRequest))
#18 /Users/recycle/work/htain-thein-be/vendor/laravel/framework/src/Illuminate/Routing/ControllerDispatcher.php(43): Illuminate\\Routing\\Controller->callAction('index', Array)
#19 /Users/recycle/work/htain-thein-be/vendor/laravel/framework/src/Illuminate/Routing/Route.php(259): Illuminate\\Routing\\ControllerDispatcher->dispatch(Object(Illuminate\\Routing\\Route), Object(App\\Http\\Controllers\\Api\\NotiInfoController), 'index')
#20 /Users/recycle/work/htain-thein-be/vendor/laravel/framework/src/Illuminate/Routing/Route.php(205): Illuminate\\Routing\\Route->runController()
#21 /Users/recycle/work/htain-thein-be/vendor/laravel/framework/src/Illuminate/Routing/Router.php(806): Illuminate\\Routing\\Route->run()
#22 /Users/recycle/work/htain-thein-be/vendor/laravel/framework/src/Illuminate/Pipeline/Pipeline.php(144): Illuminate\\Routing\\Router->Illuminate\\Routing\\{closure}(Object(Illuminate\\Http\\Request))
#23 /Users/recycle/work/htain-thein-be/vendor/laravel/framework/src/Illuminate/Routing/Middleware/SubstituteBindings.php(50): Illuminate\\Pipeline\\Pipeline->Illuminate\\Pipeline\\{closure}(Object(Illuminate\\Http\\Request))
#24 /Users/recycle/work/htain-thein-be/vendor/laravel/framework/src/Illuminate/Pipeline/Pipeline.php(183): Illuminate\\Routing\\Middleware\\SubstituteBindings->handle(Object(Illuminate\\Http\\Request), Object(Closure))
#25 /Users/recycle/work/htain-thein-be/vendor/laravel/framework/src/Illuminate/Routing/Middleware/ThrottleRequests.php(159): Illuminate\\Pipeline\\Pipeline->Illuminate\\Pipeline\\{closure}(Object(Illuminate\\Http\\Request))
#26 /Users/recycle/work/htain-thein-be/vendor/laravel/framework/src/Illuminate/Routing/Middleware/ThrottleRequests.php(125): Illuminate\\Routing\\Middleware\\ThrottleRequests->handleRequest(Object(Illuminate\\Http\\Request), Object(Closure), Array)
#27 /Users/recycle/work/htain-thein-be/vendor/laravel/framework/src/Illuminate/Routing/Middleware/ThrottleRequests.php(87): Illuminate\\Routing\\Middleware\\ThrottleRequests->handleRequestUsingNamedLimiter(Object(Illuminate\\Http\\Request), Object(Closure), 'api', Object(Closure))
#28 /Users/recycle/work/htain-thein-be/vendor/laravel/framework/src/Illuminate/Pipeline/Pipeline.php(183): Illuminate\\Routing\\Middleware\\ThrottleRequests->handle(Object(Illuminate\\Http\\Request), Object(Closure), 'api')
#29 /Users/recycle/work/htain-thein-be/vendor/laravel/framework/src/Illuminate/Auth/Middleware/Authenticate.php(57): Illuminate\\Pipeline\\Pipeline->Illuminate\\Pipeline\\{closure}(Object(Illuminate\\Http\\Request))
#30 /Users/recycle/work/htain-thein-be/vendor/laravel/framework/src/Illuminate/Pipeline/Pipeline.php(183): Illuminate\\Auth\\Middleware\\Authenticate->handle(Object(Illuminate\\Http\\Request), Object(Closure), 'sanctum')
#31 /Users/recycle/work/htain-thein-be/vendor/laravel/sanctum/src/Http/Middleware/EnsureFrontendRequestsAreStateful.php(25): Illuminate\\Pipeline\\Pipeline->Illuminate\\Pipeline\\{closure}(Object(Illuminate\\Http\\Request))
#32 /Users/recycle/work/htain-thein-be/vendor/laravel/framework/src/Illuminate/Pipeline/Pipeline.php(144): Laravel\\Sanctum\\Http\\Middleware\\EnsureFrontendRequestsAreStateful->Laravel\\Sanctum\\Http\\Middleware\\{closure}(Object(Illuminate\\Http\\Request))
#33 /Users/recycle/work/htain-thein-be/vendor/laravel/framework/src/Illuminate/Pipeline/Pipeline.php(119): Illuminate\\Pipeline\\Pipeline->Illuminate\\Pipeline\\{closure}(Object(Illuminate\\Http\\Request))
#34 /Users/recycle/work/htain-thein-be/vendor/laravel/sanctum/src/Http/Middleware/EnsureFrontendRequestsAreStateful.php(24): Illuminate\\Pipeline\\Pipeline->then(Object(Closure))
#35 /Users/recycle/work/htain-thein-be/vendor/laravel/framework/src/Illuminate/Pipeline/Pipeline.php(183): Laravel\\Sanctum\\Http\\Middleware\\EnsureFrontendRequestsAreStateful->handle(Object(Illuminate\\Http\\Request), Object(Closure))
#36 /Users/recycle/work/htain-thein-be/vendor/laravel/framework/src/Illuminate/Pipeline/Pipeline.php(119): Illuminate\\Pipeline\\Pipeline->Illuminate\\Pipeline\\{closure}(Object(Illuminate\\Http\\Request))
#37 /Users/recycle/work/htain-thein-be/vendor/laravel/framework/src/Illuminate/Routing/Router.php(805): Illuminate\\Pipeline\\Pipeline->then(Object(Closure))
#38 /Users/recycle/work/htain-thein-be/vendor/laravel/framework/src/Illuminate/Routing/Router.php(784): Illuminate\\Routing\\Router->runRouteWithinStack(Object(Illuminate\\Routing\\Route), Object(Illuminate\\Http\\Request))
#39 /Users/recycle/work/htain-thein-be/vendor/laravel/framework/src/Illuminate/Routing/Router.php(748): Illuminate\\Routing\\Router->runRoute(Object(Illuminate\\Http\\Request), Object(Illuminate\\Routing\\Route))
#40 /Users/recycle/work/htain-thein-be/vendor/laravel/framework/src/Illuminate/Routing/Router.php(737): Illuminate\\Routing\\Router->dispatchToRoute(Object(Illuminate\\Http\\Request))
#41 /Users/recycle/work/htain-thein-be/vendor/laravel/framework/src/Illuminate/Foundation/Http/Kernel.php(200): Illuminate\\Routing\\Router->dispatch(Object(Illuminate\\Http\\Request))
#42 /Users/recycle/work/htain-thein-be/vendor/laravel/framework/src/Illuminate/Pipeline/Pipeline.php(144): Illuminate\\Foundation\\Http\\Kernel->Illuminate\\Foundation\\Http\\{closure}(Object(Illuminate\\Http\\Request))
#43 /Users/recycle/work/htain-thein-be/vendor/laravel/framework/src/Illuminate/View/Middleware/ShareErrorsFromSession.php(49): Illuminate\\Pipeline\\Pipeline->Illuminate\\Pipeline\\{closure}(Object(Illuminate\\Http\\Request))
#44 /Users/recycle/work/htain-thein-be/vendor/laravel/framework/src/Illuminate/Pipeline/Pipeline.php(183): Illuminate\\View\\Middleware\\ShareErrorsFromSession->handle(Object(Illuminate\\Http\\Request), Object(Closure))
#45 /Users/recycle/work/htain-thein-be/vendor/laravel/framework/src/Illuminate/Session/Middleware/StartSession.php(121): Illuminate\\Pipeline\\Pipeline->Illuminate\\Pipeline\\{closure}(Object(Illuminate\\Http\\Request))
#46 /Users/recycle/work/htain-thein-be/vendor/laravel/framework/src/Illuminate/Session/Middleware/StartSession.php(64): Illuminate\\Session\\Middleware\\StartSession->handleStatefulRequest(Object(Illuminate\\Http\\Request), Object(Illuminate\\Session\\Store), Object(Closure))
#47 /Users/recycle/work/htain-thein-be/vendor/laravel/framework/src/Illuminate/Pipeline/Pipeline.php(183): Illuminate\\Session\\Middleware\\StartSession->handle(Object(Illuminate\\Http\\Request), Object(Closure))
#48 /Users/recycle/work/htain-thein-be/vendor/laravel/framework/src/Illuminate/Foundation/Http/Middleware/TransformsRequest.php(21): Illuminate\\Pipeline\\Pipeline->Illuminate\\Pipeline\\{closure}(Object(Illuminate\\Http\\Request))
#49 /Users/recycle/work/htain-thein-be/vendor/laravel/framework/src/Illuminate/Foundation/Http/Middleware/ConvertEmptyStringsToNull.php(31): Illuminate\\Foundation\\Http\\Middleware\\TransformsRequest->handle(Object(Illuminate\\Http\\Request), Object(Closure))
#50 /Users/recycle/work/htain-thein-be/vendor/laravel/framework/src/Illuminate/Pipeline/Pipeline.php(183): Illuminate\\Foundation\\Http\\Middleware\\ConvertEmptyStringsToNull->handle(Object(Illuminate\\Http\\Request), Object(Closure))
#51 /Users/recycle/work/htain-thein-be/vendor/laravel/framework/src/Illuminate/Foundation/Http/Middleware/TransformsRequest.php(21): Illuminate\\Pipeline\\Pipeline->Illuminate\\Pipeline\\{closure}(Object(Illuminate\\Http\\Request))
#52 /Users/recycle/work/htain-thein-be/vendor/laravel/framework/src/Illuminate/Foundation/Http/Middleware/TrimStrings.php(40): Illuminate\\Foundation\\Http\\Middleware\\TransformsRequest->handle(Object(Illuminate\\Http\\Request), Object(Closure))
#53 /Users/recycle/work/htain-thein-be/vendor/laravel/framework/src/Illuminate/Pipeline/Pipeline.php(183): Illuminate\\Foundation\\Http\\Middleware\\TrimStrings->handle(Object(Illuminate\\Http\\Request), Object(Closure))
#54 /Users/recycle/work/htain-thein-be/vendor/laravel/framework/src/Illuminate/Foundation/Http/Middleware/ValidatePostSize.php(27): Illuminate\\Pipeline\\Pipeline->Illuminate\\Pipeline\\{closure}(Object(Illuminate\\Http\\Request))
#55 /Users/recycle/work/htain-thein-be/vendor/laravel/framework/src/Illuminate/Pipeline/Pipeline.php(183): Illuminate\\Foundation\\Http\\Middleware\\ValidatePostSize->handle(Object(Illuminate\\Http\\Request), Object(Closure))
#56 /Users/recycle/work/htain-thein-be/vendor/laravel/framework/src/Illuminate/Foundation/Http/Middleware/PreventRequestsDuringMaintenance.php(99): Illuminate\\Pipeline\\Pipeline->Illuminate\\Pipeline\\{closure}(Object(Illuminate\\Http\\Request))
#57 /Users/recycle/work/htain-thein-be/vendor/laravel/framework/src/Illuminate/Pipeline/Pipeline.php(183): Illuminate\\Foundation\\Http\\Middleware\\PreventRequestsDuringMaintenance->handle(Object(Illuminate\\Http\\Request), Object(Closure))
#58 /Users/recycle/work/htain-thein-be/vendor/laravel/framework/src/Illuminate/Http/Middleware/HandleCors.php(62): Illuminate\\Pipeline\\Pipeline->Illuminate\\Pipeline\\{closure}(Object(Illuminate\\Http\\Request))
#59 /Users/recycle/work/htain-thein-be/vendor/laravel/framework/src/Illuminate/Pipeline/Pipeline.php(183): Illuminate\\Http\\Middleware\\HandleCors->handle(Object(Illuminate\\Http\\Request), Object(Closure))
#60 /Users/recycle/work/htain-thein-be/vendor/laravel/framework/src/Illuminate/Http/Middleware/TrustProxies.php(39): Illuminate\\Pipeline\\Pipeline->Illuminate\\Pipeline\\{closure}(Object(Illuminate\\Http\\Request))
#61 /Users/recycle/work/htain-thein-be/vendor/laravel/framework/src/Illuminate/Pipeline/Pipeline.php(183): Illuminate\\Http\\Middleware\\TrustProxies->handle(Object(Illuminate\\Http\\Request), Object(Closure))
#62 /Users/recycle/work/htain-thein-be/vendor/laravel/framework/src/Illuminate/Pipeline/Pipeline.php(119): Illuminate\\Pipeline\\Pipeline->Illuminate\\Pipeline\\{closure}(Object(Illuminate\\Http\\Request))
#63 /Users/recycle/work/htain-thein-be/vendor/laravel/framework/src/Illuminate/Foundation/Http/Kernel.php(175): Illuminate\\Pipeline\\Pipeline->then(Object(Closure))
#64 /Users/recycle/work/htain-thein-be/vendor/laravel/framework/src/Illuminate/Foundation/Http/Kernel.php(144): Illuminate\\Foundation\\Http\\Kernel->sendRequestThroughRouter(Object(Illuminate\\Http\\Request))
#65 /Users/recycle/work/htain-thein-be/public/index.php(51): Illuminate\\Foundation\\Http\\Kernel->handle(Object(Illuminate\\Http\\Request))
#66 /Users/recycle/work/htain-thein-be/vendor/laravel/framework/src/Illuminate/Foundation/resources/server.php(16): require_once('/Users/recycle/...')
#67 {main}
"} 
[2025-01-21 13:40:10] local.ERROR: The $date parameter must be a string, a DateTimeInterface instance, or null. {"userId":1,"exception":"[object] (Exception(code: 500): The $date parameter must be a string, a DateTimeInterface instance, or null. at /Users/recycle/work/htain-thein-be/App/Helpers/DateChangeHelper.php:16)
[stacktrace]
#0 /Users/recycle/work/htain-thein-be/app/Http/Resources/NotificationReadResource.php(21): changeToDifferForHuman(NULL)
#1 /Users/recycle/work/htain-thein-be/vendor/laravel/framework/src/Illuminate/Collections/HigherOrderCollectionProxy.php(60): App\\Http\\Resources\\NotificationReadResource->toArray(Object(Illuminate\\Http\\Request))
#2 [internal function]: Illuminate\\Support\\HigherOrderCollectionProxy->Illuminate\\Support\\{closure}(Object(App\\Http\\Resources\\NotificationReadResource), 0)
#3 /Users/recycle/work/htain-thein-be/vendor/laravel/framework/src/Illuminate/Collections/Arr.php(600): array_map(Object(Closure), Array, Array)
#4 /Users/recycle/work/htain-thein-be/vendor/laravel/framework/src/Illuminate/Collections/Collection.php(778): Illuminate\\Support\\Arr::map(Array, Object(Closure))
#5 /Users/recycle/work/htain-thein-be/vendor/laravel/framework/src/Illuminate/Collections/HigherOrderCollectionProxy.php(59): Illuminate\\Support\\Collection->map(Object(Closure))
#6 /Users/recycle/work/htain-thein-be/vendor/laravel/framework/src/Illuminate/Http/Resources/Json/ResourceCollection.php(102): Illuminate\\Support\\HigherOrderCollectionProxy->__call('toArray', Array)
#7 /Users/recycle/work/htain-thein-be/vendor/laravel/framework/src/Illuminate/Http/Resources/Json/JsonResource.php(108): Illuminate\\Http\\Resources\\Json\\ResourceCollection->toArray(Object(Illuminate\\Http\\Request))
#8 /Users/recycle/work/htain-thein-be/vendor/laravel/framework/src/Illuminate/Http/Resources/Json/JsonResource.php(255): Illuminate\\Http\\Resources\\Json\\JsonResource->resolve(Object(Illuminate\\Http\\Request))
#9 [internal function]: Illuminate\\Http\\Resources\\Json\\JsonResource->jsonSerialize()
#10 /Users/recycle/work/htain-thein-be/vendor/laravel/framework/src/Illuminate/Http/JsonResponse.php(84): json_encode(Array, 0)
#11 /Users/recycle/work/htain-thein-be/vendor/symfony/http-foundation/JsonResponse.php(49): Illuminate\\Http\\JsonResponse->setData(Array)
#12 /Users/recycle/work/htain-thein-be/vendor/laravel/framework/src/Illuminate/Http/JsonResponse.php(32): Symfony\\Component\\HttpFoundation\\JsonResponse->__construct(Array, 200, Array, false)
#13 /Users/recycle/work/htain-thein-be/vendor/laravel/framework/src/Illuminate/Routing/ResponseFactory.php(102): Illuminate\\Http\\JsonResponse->__construct(Array, 200, Array, 0)
#14 /Users/recycle/work/htain-thein-be/app/Services/NotificationInfo/GetAllNotificationsService.php(19): Illuminate\\Routing\\ResponseFactory->json(Array)
#15 /Users/recycle/work/htain-thein-be/app/UseCases/NotiInfo/NotiInfoAction.php(70): App\\Services\\NotificationInfo\\GetAllNotificationsService->__invoke(Object(App\\Repositories\\Notification\\NotificationRepository), Array, 1)
#16 /Users/recycle/work/htain-thein-be/app/Http/Controllers/Api/NotiInfoController.php(33): App\\UseCases\\NotiInfo\\NotiInfoAction->getAllNotifications(Array, 1)
#17 /Users/recycle/work/htain-thein-be/vendor/laravel/framework/src/Illuminate/Routing/Controller.php(54): App\\Http\\Controllers\\Api\\NotiInfoController->index(Object(App\\Http\\Requests\\V1\\App\\NotificationInfo\\FetchAllNotificationRequest))
#18 /Users/recycle/work/htain-thein-be/vendor/laravel/framework/src/Illuminate/Routing/ControllerDispatcher.php(43): Illuminate\\Routing\\Controller->callAction('index', Array)
#19 /Users/recycle/work/htain-thein-be/vendor/laravel/framework/src/Illuminate/Routing/Route.php(259): Illuminate\\Routing\\ControllerDispatcher->dispatch(Object(Illuminate\\Routing\\Route), Object(App\\Http\\Controllers\\Api\\NotiInfoController), 'index')
#20 /Users/recycle/work/htain-thein-be/vendor/laravel/framework/src/Illuminate/Routing/Route.php(205): Illuminate\\Routing\\Route->runController()
#21 /Users/recycle/work/htain-thein-be/vendor/laravel/framework/src/Illuminate/Routing/Router.php(806): Illuminate\\Routing\\Route->run()
#22 /Users/recycle/work/htain-thein-be/vendor/laravel/framework/src/Illuminate/Pipeline/Pipeline.php(144): Illuminate\\Routing\\Router->Illuminate\\Routing\\{closure}(Object(Illuminate\\Http\\Request))
#23 /Users/recycle/work/htain-thein-be/vendor/laravel/framework/src/Illuminate/Routing/Middleware/SubstituteBindings.php(50): Illuminate\\Pipeline\\Pipeline->Illuminate\\Pipeline\\{closure}(Object(Illuminate\\Http\\Request))
#24 /Users/recycle/work/htain-thein-be/vendor/laravel/framework/src/Illuminate/Pipeline/Pipeline.php(183): Illuminate\\Routing\\Middleware\\SubstituteBindings->handle(Object(Illuminate\\Http\\Request), Object(Closure))
#25 /Users/recycle/work/htain-thein-be/vendor/laravel/framework/src/Illuminate/Routing/Middleware/ThrottleRequests.php(159): Illuminate\\Pipeline\\Pipeline->Illuminate\\Pipeline\\{closure}(Object(Illuminate\\Http\\Request))
#26 /Users/recycle/work/htain-thein-be/vendor/laravel/framework/src/Illuminate/Routing/Middleware/ThrottleRequests.php(125): Illuminate\\Routing\\Middleware\\ThrottleRequests->handleRequest(Object(Illuminate\\Http\\Request), Object(Closure), Array)
#27 /Users/recycle/work/htain-thein-be/vendor/laravel/framework/src/Illuminate/Routing/Middleware/ThrottleRequests.php(87): Illuminate\\Routing\\Middleware\\ThrottleRequests->handleRequestUsingNamedLimiter(Object(Illuminate\\Http\\Request), Object(Closure), 'api', Object(Closure))
#28 /Users/recycle/work/htain-thein-be/vendor/laravel/framework/src/Illuminate/Pipeline/Pipeline.php(183): Illuminate\\Routing\\Middleware\\ThrottleRequests->handle(Object(Illuminate\\Http\\Request), Object(Closure), 'api')
#29 /Users/recycle/work/htain-thein-be/vendor/laravel/framework/src/Illuminate/Auth/Middleware/Authenticate.php(57): Illuminate\\Pipeline\\Pipeline->Illuminate\\Pipeline\\{closure}(Object(Illuminate\\Http\\Request))
#30 /Users/recycle/work/htain-thein-be/vendor/laravel/framework/src/Illuminate/Pipeline/Pipeline.php(183): Illuminate\\Auth\\Middleware\\Authenticate->handle(Object(Illuminate\\Http\\Request), Object(Closure), 'sanctum')
#31 /Users/recycle/work/htain-thein-be/vendor/laravel/sanctum/src/Http/Middleware/EnsureFrontendRequestsAreStateful.php(25): Illuminate\\Pipeline\\Pipeline->Illuminate\\Pipeline\\{closure}(Object(Illuminate\\Http\\Request))
#32 /Users/recycle/work/htain-thein-be/vendor/laravel/framework/src/Illuminate/Pipeline/Pipeline.php(144): Laravel\\Sanctum\\Http\\Middleware\\EnsureFrontendRequestsAreStateful->Laravel\\Sanctum\\Http\\Middleware\\{closure}(Object(Illuminate\\Http\\Request))
#33 /Users/recycle/work/htain-thein-be/vendor/laravel/framework/src/Illuminate/Pipeline/Pipeline.php(119): Illuminate\\Pipeline\\Pipeline->Illuminate\\Pipeline\\{closure}(Object(Illuminate\\Http\\Request))
#34 /Users/recycle/work/htain-thein-be/vendor/laravel/sanctum/src/Http/Middleware/EnsureFrontendRequestsAreStateful.php(24): Illuminate\\Pipeline\\Pipeline->then(Object(Closure))
#35 /Users/recycle/work/htain-thein-be/vendor/laravel/framework/src/Illuminate/Pipeline/Pipeline.php(183): Laravel\\Sanctum\\Http\\Middleware\\EnsureFrontendRequestsAreStateful->handle(Object(Illuminate\\Http\\Request), Object(Closure))
#36 /Users/recycle/work/htain-thein-be/vendor/laravel/framework/src/Illuminate/Pipeline/Pipeline.php(119): Illuminate\\Pipeline\\Pipeline->Illuminate\\Pipeline\\{closure}(Object(Illuminate\\Http\\Request))
#37 /Users/recycle/work/htain-thein-be/vendor/laravel/framework/src/Illuminate/Routing/Router.php(805): Illuminate\\Pipeline\\Pipeline->then(Object(Closure))
#38 /Users/recycle/work/htain-thein-be/vendor/laravel/framework/src/Illuminate/Routing/Router.php(784): Illuminate\\Routing\\Router->runRouteWithinStack(Object(Illuminate\\Routing\\Route), Object(Illuminate\\Http\\Request))
#39 /Users/recycle/work/htain-thein-be/vendor/laravel/framework/src/Illuminate/Routing/Router.php(748): Illuminate\\Routing\\Router->runRoute(Object(Illuminate\\Http\\Request), Object(Illuminate\\Routing\\Route))
#40 /Users/recycle/work/htain-thein-be/vendor/laravel/framework/src/Illuminate/Routing/Router.php(737): Illuminate\\Routing\\Router->dispatchToRoute(Object(Illuminate\\Http\\Request))
#41 /Users/recycle/work/htain-thein-be/vendor/laravel/framework/src/Illuminate/Foundation/Http/Kernel.php(200): Illuminate\\Routing\\Router->dispatch(Object(Illuminate\\Http\\Request))
#42 /Users/recycle/work/htain-thein-be/vendor/laravel/framework/src/Illuminate/Pipeline/Pipeline.php(144): Illuminate\\Foundation\\Http\\Kernel->Illuminate\\Foundation\\Http\\{closure}(Object(Illuminate\\Http\\Request))
#43 /Users/recycle/work/htain-thein-be/vendor/laravel/framework/src/Illuminate/View/Middleware/ShareErrorsFromSession.php(49): Illuminate\\Pipeline\\Pipeline->Illuminate\\Pipeline\\{closure}(Object(Illuminate\\Http\\Request))
#44 /Users/recycle/work/htain-thein-be/vendor/laravel/framework/src/Illuminate/Pipeline/Pipeline.php(183): Illuminate\\View\\Middleware\\ShareErrorsFromSession->handle(Object(Illuminate\\Http\\Request), Object(Closure))
#45 /Users/recycle/work/htain-thein-be/vendor/laravel/framework/src/Illuminate/Session/Middleware/StartSession.php(121): Illuminate\\Pipeline\\Pipeline->Illuminate\\Pipeline\\{closure}(Object(Illuminate\\Http\\Request))
#46 /Users/recycle/work/htain-thein-be/vendor/laravel/framework/src/Illuminate/Session/Middleware/StartSession.php(64): Illuminate\\Session\\Middleware\\StartSession->handleStatefulRequest(Object(Illuminate\\Http\\Request), Object(Illuminate\\Session\\Store), Object(Closure))
#47 /Users/recycle/work/htain-thein-be/vendor/laravel/framework/src/Illuminate/Pipeline/Pipeline.php(183): Illuminate\\Session\\Middleware\\StartSession->handle(Object(Illuminate\\Http\\Request), Object(Closure))
#48 /Users/recycle/work/htain-thein-be/vendor/laravel/framework/src/Illuminate/Foundation/Http/Middleware/TransformsRequest.php(21): Illuminate\\Pipeline\\Pipeline->Illuminate\\Pipeline\\{closure}(Object(Illuminate\\Http\\Request))
#49 /Users/recycle/work/htain-thein-be/vendor/laravel/framework/src/Illuminate/Foundation/Http/Middleware/ConvertEmptyStringsToNull.php(31): Illuminate\\Foundation\\Http\\Middleware\\TransformsRequest->handle(Object(Illuminate\\Http\\Request), Object(Closure))
#50 /Users/recycle/work/htain-thein-be/vendor/laravel/framework/src/Illuminate/Pipeline/Pipeline.php(183): Illuminate\\Foundation\\Http\\Middleware\\ConvertEmptyStringsToNull->handle(Object(Illuminate\\Http\\Request), Object(Closure))
#51 /Users/recycle/work/htain-thein-be/vendor/laravel/framework/src/Illuminate/Foundation/Http/Middleware/TransformsRequest.php(21): Illuminate\\Pipeline\\Pipeline->Illuminate\\Pipeline\\{closure}(Object(Illuminate\\Http\\Request))
#52 /Users/recycle/work/htain-thein-be/vendor/laravel/framework/src/Illuminate/Foundation/Http/Middleware/TrimStrings.php(40): Illuminate\\Foundation\\Http\\Middleware\\TransformsRequest->handle(Object(Illuminate\\Http\\Request), Object(Closure))
#53 /Users/recycle/work/htain-thein-be/vendor/laravel/framework/src/Illuminate/Pipeline/Pipeline.php(183): Illuminate\\Foundation\\Http\\Middleware\\TrimStrings->handle(Object(Illuminate\\Http\\Request), Object(Closure))
#54 /Users/recycle/work/htain-thein-be/vendor/laravel/framework/src/Illuminate/Foundation/Http/Middleware/ValidatePostSize.php(27): Illuminate\\Pipeline\\Pipeline->Illuminate\\Pipeline\\{closure}(Object(Illuminate\\Http\\Request))
#55 /Users/recycle/work/htain-thein-be/vendor/laravel/framework/src/Illuminate/Pipeline/Pipeline.php(183): Illuminate\\Foundation\\Http\\Middleware\\ValidatePostSize->handle(Object(Illuminate\\Http\\Request), Object(Closure))
#56 /Users/recycle/work/htain-thein-be/vendor/laravel/framework/src/Illuminate/Foundation/Http/Middleware/PreventRequestsDuringMaintenance.php(99): Illuminate\\Pipeline\\Pipeline->Illuminate\\Pipeline\\{closure}(Object(Illuminate\\Http\\Request))
#57 /Users/recycle/work/htain-thein-be/vendor/laravel/framework/src/Illuminate/Pipeline/Pipeline.php(183): Illuminate\\Foundation\\Http\\Middleware\\PreventRequestsDuringMaintenance->handle(Object(Illuminate\\Http\\Request), Object(Closure))
#58 /Users/recycle/work/htain-thein-be/vendor/laravel/framework/src/Illuminate/Http/Middleware/HandleCors.php(62): Illuminate\\Pipeline\\Pipeline->Illuminate\\Pipeline\\{closure}(Object(Illuminate\\Http\\Request))
#59 /Users/recycle/work/htain-thein-be/vendor/laravel/framework/src/Illuminate/Pipeline/Pipeline.php(183): Illuminate\\Http\\Middleware\\HandleCors->handle(Object(Illuminate\\Http\\Request), Object(Closure))
#60 /Users/recycle/work/htain-thein-be/vendor/laravel/framework/src/Illuminate/Http/Middleware/TrustProxies.php(39): Illuminate\\Pipeline\\Pipeline->Illuminate\\Pipeline\\{closure}(Object(Illuminate\\Http\\Request))
#61 /Users/recycle/work/htain-thein-be/vendor/laravel/framework/src/Illuminate/Pipeline/Pipeline.php(183): Illuminate\\Http\\Middleware\\TrustProxies->handle(Object(Illuminate\\Http\\Request), Object(Closure))
#62 /Users/recycle/work/htain-thein-be/vendor/laravel/framework/src/Illuminate/Pipeline/Pipeline.php(119): Illuminate\\Pipeline\\Pipeline->Illuminate\\Pipeline\\{closure}(Object(Illuminate\\Http\\Request))
#63 /Users/recycle/work/htain-thein-be/vendor/laravel/framework/src/Illuminate/Foundation/Http/Kernel.php(175): Illuminate\\Pipeline\\Pipeline->then(Object(Closure))
#64 /Users/recycle/work/htain-thein-be/vendor/laravel/framework/src/Illuminate/Foundation/Http/Kernel.php(144): Illuminate\\Foundation\\Http\\Kernel->sendRequestThroughRouter(Object(Illuminate\\Http\\Request))
#65 /Users/recycle/work/htain-thein-be/public/index.php(51): Illuminate\\Foundation\\Http\\Kernel->handle(Object(Illuminate\\Http\\Request))
#66 /Users/recycle/work/htain-thein-be/vendor/laravel/framework/src/Illuminate/Foundation/resources/server.php(16): require_once('/Users/recycle/...')
#67 {main}
"} 
[2025-01-21 13:40:23] local.ERROR: The $date parameter must be a string, a DateTimeInterface instance, or null. {"userId":1,"exception":"[object] (Exception(code: 500): The $date parameter must be a string, a DateTimeInterface instance, or null. at /Users/recycle/work/htain-thein-be/App/Helpers/DateChangeHelper.php:16)
[stacktrace]
#0 /Users/recycle/work/htain-thein-be/app/Http/Resources/NotificationReadResource.php(21): changeToDifferForHuman(NULL)
#1 /Users/recycle/work/htain-thein-be/vendor/laravel/framework/src/Illuminate/Collections/HigherOrderCollectionProxy.php(60): App\\Http\\Resources\\NotificationReadResource->toArray(Object(Illuminate\\Http\\Request))
#2 [internal function]: Illuminate\\Support\\HigherOrderCollectionProxy->Illuminate\\Support\\{closure}(Object(App\\Http\\Resources\\NotificationReadResource), 0)
#3 /Users/recycle/work/htain-thein-be/vendor/laravel/framework/src/Illuminate/Collections/Arr.php(600): array_map(Object(Closure), Array, Array)
#4 /Users/recycle/work/htain-thein-be/vendor/laravel/framework/src/Illuminate/Collections/Collection.php(778): Illuminate\\Support\\Arr::map(Array, Object(Closure))
#5 /Users/recycle/work/htain-thein-be/vendor/laravel/framework/src/Illuminate/Collections/HigherOrderCollectionProxy.php(59): Illuminate\\Support\\Collection->map(Object(Closure))
#6 /Users/recycle/work/htain-thein-be/vendor/laravel/framework/src/Illuminate/Http/Resources/Json/ResourceCollection.php(102): Illuminate\\Support\\HigherOrderCollectionProxy->__call('toArray', Array)
#7 /Users/recycle/work/htain-thein-be/vendor/laravel/framework/src/Illuminate/Http/Resources/Json/JsonResource.php(108): Illuminate\\Http\\Resources\\Json\\ResourceCollection->toArray(Object(Illuminate\\Http\\Request))
#8 /Users/recycle/work/htain-thein-be/vendor/laravel/framework/src/Illuminate/Http/Resources/Json/JsonResource.php(255): Illuminate\\Http\\Resources\\Json\\JsonResource->resolve(Object(Illuminate\\Http\\Request))
#9 [internal function]: Illuminate\\Http\\Resources\\Json\\JsonResource->jsonSerialize()
#10 /Users/recycle/work/htain-thein-be/vendor/laravel/framework/src/Illuminate/Http/JsonResponse.php(84): json_encode(Array, 0)
#11 /Users/recycle/work/htain-thein-be/vendor/symfony/http-foundation/JsonResponse.php(49): Illuminate\\Http\\JsonResponse->setData(Array)
#12 /Users/recycle/work/htain-thein-be/vendor/laravel/framework/src/Illuminate/Http/JsonResponse.php(32): Symfony\\Component\\HttpFoundation\\JsonResponse->__construct(Array, 200, Array, false)
#13 /Users/recycle/work/htain-thein-be/vendor/laravel/framework/src/Illuminate/Routing/ResponseFactory.php(102): Illuminate\\Http\\JsonResponse->__construct(Array, 200, Array, 0)
#14 /Users/recycle/work/htain-thein-be/app/Services/NotificationInfo/GetAllNotificationsService.php(19): Illuminate\\Routing\\ResponseFactory->json(Array)
#15 /Users/recycle/work/htain-thein-be/app/UseCases/NotiInfo/NotiInfoAction.php(70): App\\Services\\NotificationInfo\\GetAllNotificationsService->__invoke(Object(App\\Repositories\\Notification\\NotificationRepository), Array, 1)
#16 /Users/recycle/work/htain-thein-be/app/Http/Controllers/Api/NotiInfoController.php(33): App\\UseCases\\NotiInfo\\NotiInfoAction->getAllNotifications(Array, 1)
#17 /Users/recycle/work/htain-thein-be/vendor/laravel/framework/src/Illuminate/Routing/Controller.php(54): App\\Http\\Controllers\\Api\\NotiInfoController->index(Object(App\\Http\\Requests\\V1\\App\\NotificationInfo\\FetchAllNotificationRequest))
#18 /Users/recycle/work/htain-thein-be/vendor/laravel/framework/src/Illuminate/Routing/ControllerDispatcher.php(43): Illuminate\\Routing\\Controller->callAction('index', Array)
#19 /Users/recycle/work/htain-thein-be/vendor/laravel/framework/src/Illuminate/Routing/Route.php(259): Illuminate\\Routing\\ControllerDispatcher->dispatch(Object(Illuminate\\Routing\\Route), Object(App\\Http\\Controllers\\Api\\NotiInfoController), 'index')
#20 /Users/recycle/work/htain-thein-be/vendor/laravel/framework/src/Illuminate/Routing/Route.php(205): Illuminate\\Routing\\Route->runController()
#21 /Users/recycle/work/htain-thein-be/vendor/laravel/framework/src/Illuminate/Routing/Router.php(806): Illuminate\\Routing\\Route->run()
#22 /Users/recycle/work/htain-thein-be/vendor/laravel/framework/src/Illuminate/Pipeline/Pipeline.php(144): Illuminate\\Routing\\Router->Illuminate\\Routing\\{closure}(Object(Illuminate\\Http\\Request))
#23 /Users/recycle/work/htain-thein-be/vendor/laravel/framework/src/Illuminate/Routing/Middleware/SubstituteBindings.php(50): Illuminate\\Pipeline\\Pipeline->Illuminate\\Pipeline\\{closure}(Object(Illuminate\\Http\\Request))
#24 /Users/recycle/work/htain-thein-be/vendor/laravel/framework/src/Illuminate/Pipeline/Pipeline.php(183): Illuminate\\Routing\\Middleware\\SubstituteBindings->handle(Object(Illuminate\\Http\\Request), Object(Closure))
#25 /Users/recycle/work/htain-thein-be/vendor/laravel/framework/src/Illuminate/Routing/Middleware/ThrottleRequests.php(159): Illuminate\\Pipeline\\Pipeline->Illuminate\\Pipeline\\{closure}(Object(Illuminate\\Http\\Request))
#26 /Users/recycle/work/htain-thein-be/vendor/laravel/framework/src/Illuminate/Routing/Middleware/ThrottleRequests.php(125): Illuminate\\Routing\\Middleware\\ThrottleRequests->handleRequest(Object(Illuminate\\Http\\Request), Object(Closure), Array)
#27 /Users/recycle/work/htain-thein-be/vendor/laravel/framework/src/Illuminate/Routing/Middleware/ThrottleRequests.php(87): Illuminate\\Routing\\Middleware\\ThrottleRequests->handleRequestUsingNamedLimiter(Object(Illuminate\\Http\\Request), Object(Closure), 'api', Object(Closure))
#28 /Users/recycle/work/htain-thein-be/vendor/laravel/framework/src/Illuminate/Pipeline/Pipeline.php(183): Illuminate\\Routing\\Middleware\\ThrottleRequests->handle(Object(Illuminate\\Http\\Request), Object(Closure), 'api')
#29 /Users/recycle/work/htain-thein-be/vendor/laravel/framework/src/Illuminate/Auth/Middleware/Authenticate.php(57): Illuminate\\Pipeline\\Pipeline->Illuminate\\Pipeline\\{closure}(Object(Illuminate\\Http\\Request))
#30 /Users/recycle/work/htain-thein-be/vendor/laravel/framework/src/Illuminate/Pipeline/Pipeline.php(183): Illuminate\\Auth\\Middleware\\Authenticate->handle(Object(Illuminate\\Http\\Request), Object(Closure), 'sanctum')
#31 /Users/recycle/work/htain-thein-be/vendor/laravel/sanctum/src/Http/Middleware/EnsureFrontendRequestsAreStateful.php(25): Illuminate\\Pipeline\\Pipeline->Illuminate\\Pipeline\\{closure}(Object(Illuminate\\Http\\Request))
#32 /Users/recycle/work/htain-thein-be/vendor/laravel/framework/src/Illuminate/Pipeline/Pipeline.php(144): Laravel\\Sanctum\\Http\\Middleware\\EnsureFrontendRequestsAreStateful->Laravel\\Sanctum\\Http\\Middleware\\{closure}(Object(Illuminate\\Http\\Request))
#33 /Users/recycle/work/htain-thein-be/vendor/laravel/framework/src/Illuminate/Pipeline/Pipeline.php(119): Illuminate\\Pipeline\\Pipeline->Illuminate\\Pipeline\\{closure}(Object(Illuminate\\Http\\Request))
#34 /Users/recycle/work/htain-thein-be/vendor/laravel/sanctum/src/Http/Middleware/EnsureFrontendRequestsAreStateful.php(24): Illuminate\\Pipeline\\Pipeline->then(Object(Closure))
#35 /Users/recycle/work/htain-thein-be/vendor/laravel/framework/src/Illuminate/Pipeline/Pipeline.php(183): Laravel\\Sanctum\\Http\\Middleware\\EnsureFrontendRequestsAreStateful->handle(Object(Illuminate\\Http\\Request), Object(Closure))
#36 /Users/recycle/work/htain-thein-be/vendor/laravel/framework/src/Illuminate/Pipeline/Pipeline.php(119): Illuminate\\Pipeline\\Pipeline->Illuminate\\Pipeline\\{closure}(Object(Illuminate\\Http\\Request))
#37 /Users/recycle/work/htain-thein-be/vendor/laravel/framework/src/Illuminate/Routing/Router.php(805): Illuminate\\Pipeline\\Pipeline->then(Object(Closure))
#38 /Users/recycle/work/htain-thein-be/vendor/laravel/framework/src/Illuminate/Routing/Router.php(784): Illuminate\\Routing\\Router->runRouteWithinStack(Object(Illuminate\\Routing\\Route), Object(Illuminate\\Http\\Request))
#39 /Users/recycle/work/htain-thein-be/vendor/laravel/framework/src/Illuminate/Routing/Router.php(748): Illuminate\\Routing\\Router->runRoute(Object(Illuminate\\Http\\Request), Object(Illuminate\\Routing\\Route))
#40 /Users/recycle/work/htain-thein-be/vendor/laravel/framework/src/Illuminate/Routing/Router.php(737): Illuminate\\Routing\\Router->dispatchToRoute(Object(Illuminate\\Http\\Request))
#41 /Users/recycle/work/htain-thein-be/vendor/laravel/framework/src/Illuminate/Foundation/Http/Kernel.php(200): Illuminate\\Routing\\Router->dispatch(Object(Illuminate\\Http\\Request))
#42 /Users/recycle/work/htain-thein-be/vendor/laravel/framework/src/Illuminate/Pipeline/Pipeline.php(144): Illuminate\\Foundation\\Http\\Kernel->Illuminate\\Foundation\\Http\\{closure}(Object(Illuminate\\Http\\Request))
#43 /Users/recycle/work/htain-thein-be/vendor/laravel/framework/src/Illuminate/View/Middleware/ShareErrorsFromSession.php(49): Illuminate\\Pipeline\\Pipeline->Illuminate\\Pipeline\\{closure}(Object(Illuminate\\Http\\Request))
#44 /Users/recycle/work/htain-thein-be/vendor/laravel/framework/src/Illuminate/Pipeline/Pipeline.php(183): Illuminate\\View\\Middleware\\ShareErrorsFromSession->handle(Object(Illuminate\\Http\\Request), Object(Closure))
#45 /Users/recycle/work/htain-thein-be/vendor/laravel/framework/src/Illuminate/Session/Middleware/StartSession.php(121): Illuminate\\Pipeline\\Pipeline->Illuminate\\Pipeline\\{closure}(Object(Illuminate\\Http\\Request))
#46 /Users/recycle/work/htain-thein-be/vendor/laravel/framework/src/Illuminate/Session/Middleware/StartSession.php(64): Illuminate\\Session\\Middleware\\StartSession->handleStatefulRequest(Object(Illuminate\\Http\\Request), Object(Illuminate\\Session\\Store), Object(Closure))
#47 /Users/recycle/work/htain-thein-be/vendor/laravel/framework/src/Illuminate/Pipeline/Pipeline.php(183): Illuminate\\Session\\Middleware\\StartSession->handle(Object(Illuminate\\Http\\Request), Object(Closure))
#48 /Users/recycle/work/htain-thein-be/vendor/laravel/framework/src/Illuminate/Foundation/Http/Middleware/TransformsRequest.php(21): Illuminate\\Pipeline\\Pipeline->Illuminate\\Pipeline\\{closure}(Object(Illuminate\\Http\\Request))
#49 /Users/recycle/work/htain-thein-be/vendor/laravel/framework/src/Illuminate/Foundation/Http/Middleware/ConvertEmptyStringsToNull.php(31): Illuminate\\Foundation\\Http\\Middleware\\TransformsRequest->handle(Object(Illuminate\\Http\\Request), Object(Closure))
#50 /Users/recycle/work/htain-thein-be/vendor/laravel/framework/src/Illuminate/Pipeline/Pipeline.php(183): Illuminate\\Foundation\\Http\\Middleware\\ConvertEmptyStringsToNull->handle(Object(Illuminate\\Http\\Request), Object(Closure))
#51 /Users/recycle/work/htain-thein-be/vendor/laravel/framework/src/Illuminate/Foundation/Http/Middleware/TransformsRequest.php(21): Illuminate\\Pipeline\\Pipeline->Illuminate\\Pipeline\\{closure}(Object(Illuminate\\Http\\Request))
#52 /Users/recycle/work/htain-thein-be/vendor/laravel/framework/src/Illuminate/Foundation/Http/Middleware/TrimStrings.php(40): Illuminate\\Foundation\\Http\\Middleware\\TransformsRequest->handle(Object(Illuminate\\Http\\Request), Object(Closure))
#53 /Users/recycle/work/htain-thein-be/vendor/laravel/framework/src/Illuminate/Pipeline/Pipeline.php(183): Illuminate\\Foundation\\Http\\Middleware\\TrimStrings->handle(Object(Illuminate\\Http\\Request), Object(Closure))
#54 /Users/recycle/work/htain-thein-be/vendor/laravel/framework/src/Illuminate/Foundation/Http/Middleware/ValidatePostSize.php(27): Illuminate\\Pipeline\\Pipeline->Illuminate\\Pipeline\\{closure}(Object(Illuminate\\Http\\Request))
#55 /Users/recycle/work/htain-thein-be/vendor/laravel/framework/src/Illuminate/Pipeline/Pipeline.php(183): Illuminate\\Foundation\\Http\\Middleware\\ValidatePostSize->handle(Object(Illuminate\\Http\\Request), Object(Closure))
#56 /Users/recycle/work/htain-thein-be/vendor/laravel/framework/src/Illuminate/Foundation/Http/Middleware/PreventRequestsDuringMaintenance.php(99): Illuminate\\Pipeline\\Pipeline->Illuminate\\Pipeline\\{closure}(Object(Illuminate\\Http\\Request))
#57 /Users/recycle/work/htain-thein-be/vendor/laravel/framework/src/Illuminate/Pipeline/Pipeline.php(183): Illuminate\\Foundation\\Http\\Middleware\\PreventRequestsDuringMaintenance->handle(Object(Illuminate\\Http\\Request), Object(Closure))
#58 /Users/recycle/work/htain-thein-be/vendor/laravel/framework/src/Illuminate/Http/Middleware/HandleCors.php(62): Illuminate\\Pipeline\\Pipeline->Illuminate\\Pipeline\\{closure}(Object(Illuminate\\Http\\Request))
#59 /Users/recycle/work/htain-thein-be/vendor/laravel/framework/src/Illuminate/Pipeline/Pipeline.php(183): Illuminate\\Http\\Middleware\\HandleCors->handle(Object(Illuminate\\Http\\Request), Object(Closure))
#60 /Users/recycle/work/htain-thein-be/vendor/laravel/framework/src/Illuminate/Http/Middleware/TrustProxies.php(39): Illuminate\\Pipeline\\Pipeline->Illuminate\\Pipeline\\{closure}(Object(Illuminate\\Http\\Request))
#61 /Users/recycle/work/htain-thein-be/vendor/laravel/framework/src/Illuminate/Pipeline/Pipeline.php(183): Illuminate\\Http\\Middleware\\TrustProxies->handle(Object(Illuminate\\Http\\Request), Object(Closure))
#62 /Users/recycle/work/htain-thein-be/vendor/laravel/framework/src/Illuminate/Pipeline/Pipeline.php(119): Illuminate\\Pipeline\\Pipeline->Illuminate\\Pipeline\\{closure}(Object(Illuminate\\Http\\Request))
#63 /Users/recycle/work/htain-thein-be/vendor/laravel/framework/src/Illuminate/Foundation/Http/Kernel.php(175): Illuminate\\Pipeline\\Pipeline->then(Object(Closure))
#64 /Users/recycle/work/htain-thein-be/vendor/laravel/framework/src/Illuminate/Foundation/Http/Kernel.php(144): Illuminate\\Foundation\\Http\\Kernel->sendRequestThroughRouter(Object(Illuminate\\Http\\Request))
#65 /Users/recycle/work/htain-thein-be/public/index.php(51): Illuminate\\Foundation\\Http\\Kernel->handle(Object(Illuminate\\Http\\Request))
#66 /Users/recycle/work/htain-thein-be/vendor/laravel/framework/src/Illuminate/Foundation/resources/server.php(16): require_once('/Users/recycle/...')
#67 {main}
"} 
[2025-01-21 17:28:40] local.ERROR: Call to a member function encode() on null {"userId":1,"exception":"[object] (Error(code: 0): Call to a member function encode() on null at /Users/recycle/work/htain-thein-be/App/Helpers/ResponseHelper.php:49)
[stacktrace]
#0 /Users/recycle/work/htain-thein-be/app/Services/NotificationInfo/GetAllNotificationsService.php(16): App\\Helpers\\ResponseHelper::getCursorPaginationMeta(Object(Illuminate\\Pagination\\CursorPaginator))
#1 /Users/recycle/work/htain-thein-be/app/UseCases/NotiInfo/NotiInfoAction.php(70): App\\Services\\NotificationInfo\\GetAllNotificationsService->__invoke(Object(App\\Repositories\\Notification\\NotificationRepository), Array, 1)
#2 /Users/recycle/work/htain-thein-be/app/Http/Controllers/Api/NotiInfoController.php(33): App\\UseCases\\NotiInfo\\NotiInfoAction->getAllNotifications(Array, 1)
#3 /Users/recycle/work/htain-thein-be/vendor/laravel/framework/src/Illuminate/Routing/Controller.php(54): App\\Http\\Controllers\\Api\\NotiInfoController->index(Object(App\\Http\\Requests\\V1\\App\\NotificationInfo\\FetchAllNotificationRequest))
#4 /Users/recycle/work/htain-thein-be/vendor/laravel/framework/src/Illuminate/Routing/ControllerDispatcher.php(43): Illuminate\\Routing\\Controller->callAction('index', Array)
#5 /Users/recycle/work/htain-thein-be/vendor/laravel/framework/src/Illuminate/Routing/Route.php(259): Illuminate\\Routing\\ControllerDispatcher->dispatch(Object(Illuminate\\Routing\\Route), Object(App\\Http\\Controllers\\Api\\NotiInfoController), 'index')
#6 /Users/recycle/work/htain-thein-be/vendor/laravel/framework/src/Illuminate/Routing/Route.php(205): Illuminate\\Routing\\Route->runController()
#7 /Users/recycle/work/htain-thein-be/vendor/laravel/framework/src/Illuminate/Routing/Router.php(806): Illuminate\\Routing\\Route->run()
#8 /Users/recycle/work/htain-thein-be/vendor/laravel/framework/src/Illuminate/Pipeline/Pipeline.php(144): Illuminate\\Routing\\Router->Illuminate\\Routing\\{closure}(Object(Illuminate\\Http\\Request))
#9 /Users/recycle/work/htain-thein-be/vendor/laravel/framework/src/Illuminate/Routing/Middleware/SubstituteBindings.php(50): Illuminate\\Pipeline\\Pipeline->Illuminate\\Pipeline\\{closure}(Object(Illuminate\\Http\\Request))
#10 /Users/recycle/work/htain-thein-be/vendor/laravel/framework/src/Illuminate/Pipeline/Pipeline.php(183): Illuminate\\Routing\\Middleware\\SubstituteBindings->handle(Object(Illuminate\\Http\\Request), Object(Closure))
#11 /Users/recycle/work/htain-thein-be/vendor/laravel/framework/src/Illuminate/Routing/Middleware/ThrottleRequests.php(159): Illuminate\\Pipeline\\Pipeline->Illuminate\\Pipeline\\{closure}(Object(Illuminate\\Http\\Request))
#12 /Users/recycle/work/htain-thein-be/vendor/laravel/framework/src/Illuminate/Routing/Middleware/ThrottleRequests.php(125): Illuminate\\Routing\\Middleware\\ThrottleRequests->handleRequest(Object(Illuminate\\Http\\Request), Object(Closure), Array)
#13 /Users/recycle/work/htain-thein-be/vendor/laravel/framework/src/Illuminate/Routing/Middleware/ThrottleRequests.php(87): Illuminate\\Routing\\Middleware\\ThrottleRequests->handleRequestUsingNamedLimiter(Object(Illuminate\\Http\\Request), Object(Closure), 'api', Object(Closure))
#14 /Users/recycle/work/htain-thein-be/vendor/laravel/framework/src/Illuminate/Pipeline/Pipeline.php(183): Illuminate\\Routing\\Middleware\\ThrottleRequests->handle(Object(Illuminate\\Http\\Request), Object(Closure), 'api')
#15 /Users/recycle/work/htain-thein-be/vendor/laravel/framework/src/Illuminate/Auth/Middleware/Authenticate.php(57): Illuminate\\Pipeline\\Pipeline->Illuminate\\Pipeline\\{closure}(Object(Illuminate\\Http\\Request))
#16 /Users/recycle/work/htain-thein-be/vendor/laravel/framework/src/Illuminate/Pipeline/Pipeline.php(183): Illuminate\\Auth\\Middleware\\Authenticate->handle(Object(Illuminate\\Http\\Request), Object(Closure), 'sanctum')
#17 /Users/recycle/work/htain-thein-be/vendor/laravel/sanctum/src/Http/Middleware/EnsureFrontendRequestsAreStateful.php(25): Illuminate\\Pipeline\\Pipeline->Illuminate\\Pipeline\\{closure}(Object(Illuminate\\Http\\Request))
#18 /Users/recycle/work/htain-thein-be/vendor/laravel/framework/src/Illuminate/Pipeline/Pipeline.php(144): Laravel\\Sanctum\\Http\\Middleware\\EnsureFrontendRequestsAreStateful->Laravel\\Sanctum\\Http\\Middleware\\{closure}(Object(Illuminate\\Http\\Request))
#19 /Users/recycle/work/htain-thein-be/vendor/laravel/framework/src/Illuminate/Pipeline/Pipeline.php(119): Illuminate\\Pipeline\\Pipeline->Illuminate\\Pipeline\\{closure}(Object(Illuminate\\Http\\Request))
#20 /Users/recycle/work/htain-thein-be/vendor/laravel/sanctum/src/Http/Middleware/EnsureFrontendRequestsAreStateful.php(24): Illuminate\\Pipeline\\Pipeline->then(Object(Closure))
#21 /Users/recycle/work/htain-thein-be/vendor/laravel/framework/src/Illuminate/Pipeline/Pipeline.php(183): Laravel\\Sanctum\\Http\\Middleware\\EnsureFrontendRequestsAreStateful->handle(Object(Illuminate\\Http\\Request), Object(Closure))
#22 /Users/recycle/work/htain-thein-be/vendor/laravel/framework/src/Illuminate/Pipeline/Pipeline.php(119): Illuminate\\Pipeline\\Pipeline->Illuminate\\Pipeline\\{closure}(Object(Illuminate\\Http\\Request))
#23 /Users/recycle/work/htain-thein-be/vendor/laravel/framework/src/Illuminate/Routing/Router.php(805): Illuminate\\Pipeline\\Pipeline->then(Object(Closure))
#24 /Users/recycle/work/htain-thein-be/vendor/laravel/framework/src/Illuminate/Routing/Router.php(784): Illuminate\\Routing\\Router->runRouteWithinStack(Object(Illuminate\\Routing\\Route), Object(Illuminate\\Http\\Request))
#25 /Users/recycle/work/htain-thein-be/vendor/laravel/framework/src/Illuminate/Routing/Router.php(748): Illuminate\\Routing\\Router->runRoute(Object(Illuminate\\Http\\Request), Object(Illuminate\\Routing\\Route))
#26 /Users/recycle/work/htain-thein-be/vendor/laravel/framework/src/Illuminate/Routing/Router.php(737): Illuminate\\Routing\\Router->dispatchToRoute(Object(Illuminate\\Http\\Request))
#27 /Users/recycle/work/htain-thein-be/vendor/laravel/framework/src/Illuminate/Foundation/Http/Kernel.php(200): Illuminate\\Routing\\Router->dispatch(Object(Illuminate\\Http\\Request))
#28 /Users/recycle/work/htain-thein-be/vendor/laravel/framework/src/Illuminate/Pipeline/Pipeline.php(144): Illuminate\\Foundation\\Http\\Kernel->Illuminate\\Foundation\\Http\\{closure}(Object(Illuminate\\Http\\Request))
#29 /Users/recycle/work/htain-thein-be/vendor/laravel/framework/src/Illuminate/View/Middleware/ShareErrorsFromSession.php(49): Illuminate\\Pipeline\\Pipeline->Illuminate\\Pipeline\\{closure}(Object(Illuminate\\Http\\Request))
#30 /Users/recycle/work/htain-thein-be/vendor/laravel/framework/src/Illuminate/Pipeline/Pipeline.php(183): Illuminate\\View\\Middleware\\ShareErrorsFromSession->handle(Object(Illuminate\\Http\\Request), Object(Closure))
#31 /Users/recycle/work/htain-thein-be/vendor/laravel/framework/src/Illuminate/Session/Middleware/StartSession.php(121): Illuminate\\Pipeline\\Pipeline->Illuminate\\Pipeline\\{closure}(Object(Illuminate\\Http\\Request))
#32 /Users/recycle/work/htain-thein-be/vendor/laravel/framework/src/Illuminate/Session/Middleware/StartSession.php(64): Illuminate\\Session\\Middleware\\StartSession->handleStatefulRequest(Object(Illuminate\\Http\\Request), Object(Illuminate\\Session\\Store), Object(Closure))
#33 /Users/recycle/work/htain-thein-be/vendor/laravel/framework/src/Illuminate/Pipeline/Pipeline.php(183): Illuminate\\Session\\Middleware\\StartSession->handle(Object(Illuminate\\Http\\Request), Object(Closure))
#34 /Users/recycle/work/htain-thein-be/vendor/laravel/framework/src/Illuminate/Foundation/Http/Middleware/TransformsRequest.php(21): Illuminate\\Pipeline\\Pipeline->Illuminate\\Pipeline\\{closure}(Object(Illuminate\\Http\\Request))
#35 /Users/recycle/work/htain-thein-be/vendor/laravel/framework/src/Illuminate/Foundation/Http/Middleware/ConvertEmptyStringsToNull.php(31): Illuminate\\Foundation\\Http\\Middleware\\TransformsRequest->handle(Object(Illuminate\\Http\\Request), Object(Closure))
#36 /Users/recycle/work/htain-thein-be/vendor/laravel/framework/src/Illuminate/Pipeline/Pipeline.php(183): Illuminate\\Foundation\\Http\\Middleware\\ConvertEmptyStringsToNull->handle(Object(Illuminate\\Http\\Request), Object(Closure))
#37 /Users/recycle/work/htain-thein-be/vendor/laravel/framework/src/Illuminate/Foundation/Http/Middleware/TransformsRequest.php(21): Illuminate\\Pipeline\\Pipeline->Illuminate\\Pipeline\\{closure}(Object(Illuminate\\Http\\Request))
#38 /Users/recycle/work/htain-thein-be/vendor/laravel/framework/src/Illuminate/Foundation/Http/Middleware/TrimStrings.php(40): Illuminate\\Foundation\\Http\\Middleware\\TransformsRequest->handle(Object(Illuminate\\Http\\Request), Object(Closure))
#39 /Users/recycle/work/htain-thein-be/vendor/laravel/framework/src/Illuminate/Pipeline/Pipeline.php(183): Illuminate\\Foundation\\Http\\Middleware\\TrimStrings->handle(Object(Illuminate\\Http\\Request), Object(Closure))
#40 /Users/recycle/work/htain-thein-be/vendor/laravel/framework/src/Illuminate/Foundation/Http/Middleware/ValidatePostSize.php(27): Illuminate\\Pipeline\\Pipeline->Illuminate\\Pipeline\\{closure}(Object(Illuminate\\Http\\Request))
#41 /Users/recycle/work/htain-thein-be/vendor/laravel/framework/src/Illuminate/Pipeline/Pipeline.php(183): Illuminate\\Foundation\\Http\\Middleware\\ValidatePostSize->handle(Object(Illuminate\\Http\\Request), Object(Closure))
#42 /Users/recycle/work/htain-thein-be/vendor/laravel/framework/src/Illuminate/Foundation/Http/Middleware/PreventRequestsDuringMaintenance.php(99): Illuminate\\Pipeline\\Pipeline->Illuminate\\Pipeline\\{closure}(Object(Illuminate\\Http\\Request))
#43 /Users/recycle/work/htain-thein-be/vendor/laravel/framework/src/Illuminate/Pipeline/Pipeline.php(183): Illuminate\\Foundation\\Http\\Middleware\\PreventRequestsDuringMaintenance->handle(Object(Illuminate\\Http\\Request), Object(Closure))
#44 /Users/recycle/work/htain-thein-be/vendor/laravel/framework/src/Illuminate/Http/Middleware/HandleCors.php(62): Illuminate\\Pipeline\\Pipeline->Illuminate\\Pipeline\\{closure}(Object(Illuminate\\Http\\Request))
#45 /Users/recycle/work/htain-thein-be/vendor/laravel/framework/src/Illuminate/Pipeline/Pipeline.php(183): Illuminate\\Http\\Middleware\\HandleCors->handle(Object(Illuminate\\Http\\Request), Object(Closure))
#46 /Users/recycle/work/htain-thein-be/vendor/laravel/framework/src/Illuminate/Http/Middleware/TrustProxies.php(39): Illuminate\\Pipeline\\Pipeline->Illuminate\\Pipeline\\{closure}(Object(Illuminate\\Http\\Request))
#47 /Users/recycle/work/htain-thein-be/vendor/laravel/framework/src/Illuminate/Pipeline/Pipeline.php(183): Illuminate\\Http\\Middleware\\TrustProxies->handle(Object(Illuminate\\Http\\Request), Object(Closure))
#48 /Users/recycle/work/htain-thein-be/vendor/laravel/framework/src/Illuminate/Pipeline/Pipeline.php(119): Illuminate\\Pipeline\\Pipeline->Illuminate\\Pipeline\\{closure}(Object(Illuminate\\Http\\Request))
#49 /Users/recycle/work/htain-thein-be/vendor/laravel/framework/src/Illuminate/Foundation/Http/Kernel.php(175): Illuminate\\Pipeline\\Pipeline->then(Object(Closure))
#50 /Users/recycle/work/htain-thein-be/vendor/laravel/framework/src/Illuminate/Foundation/Http/Kernel.php(144): Illuminate\\Foundation\\Http\\Kernel->sendRequestThroughRouter(Object(Illuminate\\Http\\Request))
#51 /Users/recycle/work/htain-thein-be/public/index.php(51): Illuminate\\Foundation\\Http\\Kernel->handle(Object(Illuminate\\Http\\Request))
#52 /Users/recycle/work/htain-thein-be/vendor/laravel/framework/src/Illuminate/Foundation/resources/server.php(16): require_once('/Users/recycle/...')
#53 {main}
"} 
[2025-01-21 17:38:45] local.ERROR: Too few arguments to function Illuminate\Pagination\AbstractCursorPaginator::setCursorName(), 0 passed in /Users/recycle/work/htain-thein-be/App/Helpers/ResponseHelper.php on line 51 and exactly 1 expected {"userId":1,"exception":"[object] (ArgumentCountError(code: 0): Too few arguments to function Illuminate\\Pagination\\AbstractCursorPaginator::setCursorName(), 0 passed in /Users/recycle/work/htain-thein-be/App/Helpers/ResponseHelper.php on line 51 and exactly 1 expected at /Users/recycle/work/htain-thein-be/vendor/laravel/framework/src/Illuminate/Pagination/AbstractCursorPaginator.php:446)
[stacktrace]
#0 /Users/recycle/work/htain-thein-be/App/Helpers/ResponseHelper.php(51): Illuminate\\Pagination\\AbstractCursorPaginator->setCursorName()
#1 /Users/recycle/work/htain-thein-be/app/Services/NotificationInfo/GetAllNotificationsService.php(16): App\\Helpers\\ResponseHelper::getCursorPaginationMeta(Object(Illuminate\\Pagination\\CursorPaginator))
#2 /Users/recycle/work/htain-thein-be/app/UseCases/NotiInfo/NotiInfoAction.php(70): App\\Services\\NotificationInfo\\GetAllNotificationsService->__invoke(Object(App\\Repositories\\Notification\\NotificationRepository), Array, 1)
#3 /Users/recycle/work/htain-thein-be/app/Http/Controllers/Api/NotiInfoController.php(33): App\\UseCases\\NotiInfo\\NotiInfoAction->getAllNotifications(Array, 1)
#4 /Users/recycle/work/htain-thein-be/vendor/laravel/framework/src/Illuminate/Routing/Controller.php(54): App\\Http\\Controllers\\Api\\NotiInfoController->index(Object(App\\Http\\Requests\\V1\\App\\NotificationInfo\\FetchAllNotificationRequest))
#5 /Users/recycle/work/htain-thein-be/vendor/laravel/framework/src/Illuminate/Routing/ControllerDispatcher.php(43): Illuminate\\Routing\\Controller->callAction('index', Array)
#6 /Users/recycle/work/htain-thein-be/vendor/laravel/framework/src/Illuminate/Routing/Route.php(259): Illuminate\\Routing\\ControllerDispatcher->dispatch(Object(Illuminate\\Routing\\Route), Object(App\\Http\\Controllers\\Api\\NotiInfoController), 'index')
#7 /Users/recycle/work/htain-thein-be/vendor/laravel/framework/src/Illuminate/Routing/Route.php(205): Illuminate\\Routing\\Route->runController()
#8 /Users/recycle/work/htain-thein-be/vendor/laravel/framework/src/Illuminate/Routing/Router.php(806): Illuminate\\Routing\\Route->run()
#9 /Users/recycle/work/htain-thein-be/vendor/laravel/framework/src/Illuminate/Pipeline/Pipeline.php(144): Illuminate\\Routing\\Router->Illuminate\\Routing\\{closure}(Object(Illuminate\\Http\\Request))
#10 /Users/recycle/work/htain-thein-be/vendor/laravel/framework/src/Illuminate/Routing/Middleware/SubstituteBindings.php(50): Illuminate\\Pipeline\\Pipeline->Illuminate\\Pipeline\\{closure}(Object(Illuminate\\Http\\Request))
#11 /Users/recycle/work/htain-thein-be/vendor/laravel/framework/src/Illuminate/Pipeline/Pipeline.php(183): Illuminate\\Routing\\Middleware\\SubstituteBindings->handle(Object(Illuminate\\Http\\Request), Object(Closure))
#12 /Users/recycle/work/htain-thein-be/vendor/laravel/framework/src/Illuminate/Routing/Middleware/ThrottleRequests.php(159): Illuminate\\Pipeline\\Pipeline->Illuminate\\Pipeline\\{closure}(Object(Illuminate\\Http\\Request))
#13 /Users/recycle/work/htain-thein-be/vendor/laravel/framework/src/Illuminate/Routing/Middleware/ThrottleRequests.php(125): Illuminate\\Routing\\Middleware\\ThrottleRequests->handleRequest(Object(Illuminate\\Http\\Request), Object(Closure), Array)
#14 /Users/recycle/work/htain-thein-be/vendor/laravel/framework/src/Illuminate/Routing/Middleware/ThrottleRequests.php(87): Illuminate\\Routing\\Middleware\\ThrottleRequests->handleRequestUsingNamedLimiter(Object(Illuminate\\Http\\Request), Object(Closure), 'api', Object(Closure))
#15 /Users/recycle/work/htain-thein-be/vendor/laravel/framework/src/Illuminate/Pipeline/Pipeline.php(183): Illuminate\\Routing\\Middleware\\ThrottleRequests->handle(Object(Illuminate\\Http\\Request), Object(Closure), 'api')
#16 /Users/recycle/work/htain-thein-be/vendor/laravel/framework/src/Illuminate/Auth/Middleware/Authenticate.php(57): Illuminate\\Pipeline\\Pipeline->Illuminate\\Pipeline\\{closure}(Object(Illuminate\\Http\\Request))
#17 /Users/recycle/work/htain-thein-be/vendor/laravel/framework/src/Illuminate/Pipeline/Pipeline.php(183): Illuminate\\Auth\\Middleware\\Authenticate->handle(Object(Illuminate\\Http\\Request), Object(Closure), 'sanctum')
#18 /Users/recycle/work/htain-thein-be/vendor/laravel/sanctum/src/Http/Middleware/EnsureFrontendRequestsAreStateful.php(25): Illuminate\\Pipeline\\Pipeline->Illuminate\\Pipeline\\{closure}(Object(Illuminate\\Http\\Request))
#19 /Users/recycle/work/htain-thein-be/vendor/laravel/framework/src/Illuminate/Pipeline/Pipeline.php(144): Laravel\\Sanctum\\Http\\Middleware\\EnsureFrontendRequestsAreStateful->Laravel\\Sanctum\\Http\\Middleware\\{closure}(Object(Illuminate\\Http\\Request))
#20 /Users/recycle/work/htain-thein-be/vendor/laravel/framework/src/Illuminate/Pipeline/Pipeline.php(119): Illuminate\\Pipeline\\Pipeline->Illuminate\\Pipeline\\{closure}(Object(Illuminate\\Http\\Request))
#21 /Users/recycle/work/htain-thein-be/vendor/laravel/sanctum/src/Http/Middleware/EnsureFrontendRequestsAreStateful.php(24): Illuminate\\Pipeline\\Pipeline->then(Object(Closure))
#22 /Users/recycle/work/htain-thein-be/vendor/laravel/framework/src/Illuminate/Pipeline/Pipeline.php(183): Laravel\\Sanctum\\Http\\Middleware\\EnsureFrontendRequestsAreStateful->handle(Object(Illuminate\\Http\\Request), Object(Closure))
#23 /Users/recycle/work/htain-thein-be/vendor/laravel/framework/src/Illuminate/Pipeline/Pipeline.php(119): Illuminate\\Pipeline\\Pipeline->Illuminate\\Pipeline\\{closure}(Object(Illuminate\\Http\\Request))
#24 /Users/recycle/work/htain-thein-be/vendor/laravel/framework/src/Illuminate/Routing/Router.php(805): Illuminate\\Pipeline\\Pipeline->then(Object(Closure))
#25 /Users/recycle/work/htain-thein-be/vendor/laravel/framework/src/Illuminate/Routing/Router.php(784): Illuminate\\Routing\\Router->runRouteWithinStack(Object(Illuminate\\Routing\\Route), Object(Illuminate\\Http\\Request))
#26 /Users/recycle/work/htain-thein-be/vendor/laravel/framework/src/Illuminate/Routing/Router.php(748): Illuminate\\Routing\\Router->runRoute(Object(Illuminate\\Http\\Request), Object(Illuminate\\Routing\\Route))
#27 /Users/recycle/work/htain-thein-be/vendor/laravel/framework/src/Illuminate/Routing/Router.php(737): Illuminate\\Routing\\Router->dispatchToRoute(Object(Illuminate\\Http\\Request))
#28 /Users/recycle/work/htain-thein-be/vendor/laravel/framework/src/Illuminate/Foundation/Http/Kernel.php(200): Illuminate\\Routing\\Router->dispatch(Object(Illuminate\\Http\\Request))
#29 /Users/recycle/work/htain-thein-be/vendor/laravel/framework/src/Illuminate/Pipeline/Pipeline.php(144): Illuminate\\Foundation\\Http\\Kernel->Illuminate\\Foundation\\Http\\{closure}(Object(Illuminate\\Http\\Request))
#30 /Users/recycle/work/htain-thein-be/vendor/laravel/framework/src/Illuminate/View/Middleware/ShareErrorsFromSession.php(49): Illuminate\\Pipeline\\Pipeline->Illuminate\\Pipeline\\{closure}(Object(Illuminate\\Http\\Request))
#31 /Users/recycle/work/htain-thein-be/vendor/laravel/framework/src/Illuminate/Pipeline/Pipeline.php(183): Illuminate\\View\\Middleware\\ShareErrorsFromSession->handle(Object(Illuminate\\Http\\Request), Object(Closure))
#32 /Users/recycle/work/htain-thein-be/vendor/laravel/framework/src/Illuminate/Session/Middleware/StartSession.php(121): Illuminate\\Pipeline\\Pipeline->Illuminate\\Pipeline\\{closure}(Object(Illuminate\\Http\\Request))
#33 /Users/recycle/work/htain-thein-be/vendor/laravel/framework/src/Illuminate/Session/Middleware/StartSession.php(64): Illuminate\\Session\\Middleware\\StartSession->handleStatefulRequest(Object(Illuminate\\Http\\Request), Object(Illuminate\\Session\\Store), Object(Closure))
#34 /Users/recycle/work/htain-thein-be/vendor/laravel/framework/src/Illuminate/Pipeline/Pipeline.php(183): Illuminate\\Session\\Middleware\\StartSession->handle(Object(Illuminate\\Http\\Request), Object(Closure))
#35 /Users/recycle/work/htain-thein-be/vendor/laravel/framework/src/Illuminate/Foundation/Http/Middleware/TransformsRequest.php(21): Illuminate\\Pipeline\\Pipeline->Illuminate\\Pipeline\\{closure}(Object(Illuminate\\Http\\Request))
#36 /Users/recycle/work/htain-thein-be/vendor/laravel/framework/src/Illuminate/Foundation/Http/Middleware/ConvertEmptyStringsToNull.php(31): Illuminate\\Foundation\\Http\\Middleware\\TransformsRequest->handle(Object(Illuminate\\Http\\Request), Object(Closure))
#37 /Users/recycle/work/htain-thein-be/vendor/laravel/framework/src/Illuminate/Pipeline/Pipeline.php(183): Illuminate\\Foundation\\Http\\Middleware\\ConvertEmptyStringsToNull->handle(Object(Illuminate\\Http\\Request), Object(Closure))
#38 /Users/recycle/work/htain-thein-be/vendor/laravel/framework/src/Illuminate/Foundation/Http/Middleware/TransformsRequest.php(21): Illuminate\\Pipeline\\Pipeline->Illuminate\\Pipeline\\{closure}(Object(Illuminate\\Http\\Request))
#39 /Users/recycle/work/htain-thein-be/vendor/laravel/framework/src/Illuminate/Foundation/Http/Middleware/TrimStrings.php(40): Illuminate\\Foundation\\Http\\Middleware\\TransformsRequest->handle(Object(Illuminate\\Http\\Request), Object(Closure))
#40 /Users/recycle/work/htain-thein-be/vendor/laravel/framework/src/Illuminate/Pipeline/Pipeline.php(183): Illuminate\\Foundation\\Http\\Middleware\\TrimStrings->handle(Object(Illuminate\\Http\\Request), Object(Closure))
#41 /Users/recycle/work/htain-thein-be/vendor/laravel/framework/src/Illuminate/Foundation/Http/Middleware/ValidatePostSize.php(27): Illuminate\\Pipeline\\Pipeline->Illuminate\\Pipeline\\{closure}(Object(Illuminate\\Http\\Request))
#42 /Users/recycle/work/htain-thein-be/vendor/laravel/framework/src/Illuminate/Pipeline/Pipeline.php(183): Illuminate\\Foundation\\Http\\Middleware\\ValidatePostSize->handle(Object(Illuminate\\Http\\Request), Object(Closure))
#43 /Users/recycle/work/htain-thein-be/vendor/laravel/framework/src/Illuminate/Foundation/Http/Middleware/PreventRequestsDuringMaintenance.php(99): Illuminate\\Pipeline\\Pipeline->Illuminate\\Pipeline\\{closure}(Object(Illuminate\\Http\\Request))
#44 /Users/recycle/work/htain-thein-be/vendor/laravel/framework/src/Illuminate/Pipeline/Pipeline.php(183): Illuminate\\Foundation\\Http\\Middleware\\PreventRequestsDuringMaintenance->handle(Object(Illuminate\\Http\\Request), Object(Closure))
#45 /Users/recycle/work/htain-thein-be/vendor/laravel/framework/src/Illuminate/Http/Middleware/HandleCors.php(62): Illuminate\\Pipeline\\Pipeline->Illuminate\\Pipeline\\{closure}(Object(Illuminate\\Http\\Request))
#46 /Users/recycle/work/htain-thein-be/vendor/laravel/framework/src/Illuminate/Pipeline/Pipeline.php(183): Illuminate\\Http\\Middleware\\HandleCors->handle(Object(Illuminate\\Http\\Request), Object(Closure))
#47 /Users/recycle/work/htain-thein-be/vendor/laravel/framework/src/Illuminate/Http/Middleware/TrustProxies.php(39): Illuminate\\Pipeline\\Pipeline->Illuminate\\Pipeline\\{closure}(Object(Illuminate\\Http\\Request))
#48 /Users/recycle/work/htain-thein-be/vendor/laravel/framework/src/Illuminate/Pipeline/Pipeline.php(183): Illuminate\\Http\\Middleware\\TrustProxies->handle(Object(Illuminate\\Http\\Request), Object(Closure))
#49 /Users/recycle/work/htain-thein-be/vendor/laravel/framework/src/Illuminate/Pipeline/Pipeline.php(119): Illuminate\\Pipeline\\Pipeline->Illuminate\\Pipeline\\{closure}(Object(Illuminate\\Http\\Request))
#50 /Users/recycle/work/htain-thein-be/vendor/laravel/framework/src/Illuminate/Foundation/Http/Kernel.php(175): Illuminate\\Pipeline\\Pipeline->then(Object(Closure))
#51 /Users/recycle/work/htain-thein-be/vendor/laravel/framework/src/Illuminate/Foundation/Http/Kernel.php(144): Illuminate\\Foundation\\Http\\Kernel->sendRequestThroughRouter(Object(Illuminate\\Http\\Request))
#52 /Users/recycle/work/htain-thein-be/public/index.php(51): Illuminate\\Foundation\\Http\\Kernel->handle(Object(Illuminate\\Http\\Request))
#53 /Users/recycle/work/htain-thein-be/vendor/laravel/framework/src/Illuminate/Foundation/resources/server.php(16): require_once('/Users/recycle/...')
#54 {main}
"} 
[2025-01-21 17:40:53] local.ERROR: Call to a member function encode() on null {"userId":1,"exception":"[object] (Error(code: 0): Call to a member function encode() on null at /Users/recycle/work/htain-thein-be/App/Helpers/ResponseHelper.php:49)
[stacktrace]
#0 /Users/recycle/work/htain-thein-be/app/Services/NotificationInfo/GetAllNotificationsService.php(16): App\\Helpers\\ResponseHelper::getCursorPaginationMeta(Object(Illuminate\\Pagination\\CursorPaginator))
#1 /Users/recycle/work/htain-thein-be/app/UseCases/NotiInfo/NotiInfoAction.php(70): App\\Services\\NotificationInfo\\GetAllNotificationsService->__invoke(Object(App\\Repositories\\Notification\\NotificationRepository), Array, 1)
#2 /Users/recycle/work/htain-thein-be/app/Http/Controllers/Api/NotiInfoController.php(33): App\\UseCases\\NotiInfo\\NotiInfoAction->getAllNotifications(Array, 1)
#3 /Users/recycle/work/htain-thein-be/vendor/laravel/framework/src/Illuminate/Routing/Controller.php(54): App\\Http\\Controllers\\Api\\NotiInfoController->index(Object(App\\Http\\Requests\\V1\\App\\NotificationInfo\\FetchAllNotificationRequest))
#4 /Users/recycle/work/htain-thein-be/vendor/laravel/framework/src/Illuminate/Routing/ControllerDispatcher.php(43): Illuminate\\Routing\\Controller->callAction('index', Array)
#5 /Users/recycle/work/htain-thein-be/vendor/laravel/framework/src/Illuminate/Routing/Route.php(259): Illuminate\\Routing\\ControllerDispatcher->dispatch(Object(Illuminate\\Routing\\Route), Object(App\\Http\\Controllers\\Api\\NotiInfoController), 'index')
#6 /Users/recycle/work/htain-thein-be/vendor/laravel/framework/src/Illuminate/Routing/Route.php(205): Illuminate\\Routing\\Route->runController()
#7 /Users/recycle/work/htain-thein-be/vendor/laravel/framework/src/Illuminate/Routing/Router.php(806): Illuminate\\Routing\\Route->run()
#8 /Users/recycle/work/htain-thein-be/vendor/laravel/framework/src/Illuminate/Pipeline/Pipeline.php(144): Illuminate\\Routing\\Router->Illuminate\\Routing\\{closure}(Object(Illuminate\\Http\\Request))
#9 /Users/recycle/work/htain-thein-be/vendor/laravel/framework/src/Illuminate/Routing/Middleware/SubstituteBindings.php(50): Illuminate\\Pipeline\\Pipeline->Illuminate\\Pipeline\\{closure}(Object(Illuminate\\Http\\Request))
#10 /Users/recycle/work/htain-thein-be/vendor/laravel/framework/src/Illuminate/Pipeline/Pipeline.php(183): Illuminate\\Routing\\Middleware\\SubstituteBindings->handle(Object(Illuminate\\Http\\Request), Object(Closure))
#11 /Users/recycle/work/htain-thein-be/vendor/laravel/framework/src/Illuminate/Routing/Middleware/ThrottleRequests.php(159): Illuminate\\Pipeline\\Pipeline->Illuminate\\Pipeline\\{closure}(Object(Illuminate\\Http\\Request))
#12 /Users/recycle/work/htain-thein-be/vendor/laravel/framework/src/Illuminate/Routing/Middleware/ThrottleRequests.php(125): Illuminate\\Routing\\Middleware\\ThrottleRequests->handleRequest(Object(Illuminate\\Http\\Request), Object(Closure), Array)
#13 /Users/recycle/work/htain-thein-be/vendor/laravel/framework/src/Illuminate/Routing/Middleware/ThrottleRequests.php(87): Illuminate\\Routing\\Middleware\\ThrottleRequests->handleRequestUsingNamedLimiter(Object(Illuminate\\Http\\Request), Object(Closure), 'api', Object(Closure))
#14 /Users/recycle/work/htain-thein-be/vendor/laravel/framework/src/Illuminate/Pipeline/Pipeline.php(183): Illuminate\\Routing\\Middleware\\ThrottleRequests->handle(Object(Illuminate\\Http\\Request), Object(Closure), 'api')
#15 /Users/recycle/work/htain-thein-be/vendor/laravel/framework/src/Illuminate/Auth/Middleware/Authenticate.php(57): Illuminate\\Pipeline\\Pipeline->Illuminate\\Pipeline\\{closure}(Object(Illuminate\\Http\\Request))
#16 /Users/recycle/work/htain-thein-be/vendor/laravel/framework/src/Illuminate/Pipeline/Pipeline.php(183): Illuminate\\Auth\\Middleware\\Authenticate->handle(Object(Illuminate\\Http\\Request), Object(Closure), 'sanctum')
#17 /Users/recycle/work/htain-thein-be/vendor/laravel/sanctum/src/Http/Middleware/EnsureFrontendRequestsAreStateful.php(25): Illuminate\\Pipeline\\Pipeline->Illuminate\\Pipeline\\{closure}(Object(Illuminate\\Http\\Request))
#18 /Users/recycle/work/htain-thein-be/vendor/laravel/framework/src/Illuminate/Pipeline/Pipeline.php(144): Laravel\\Sanctum\\Http\\Middleware\\EnsureFrontendRequestsAreStateful->Laravel\\Sanctum\\Http\\Middleware\\{closure}(Object(Illuminate\\Http\\Request))
#19 /Users/recycle/work/htain-thein-be/vendor/laravel/framework/src/Illuminate/Pipeline/Pipeline.php(119): Illuminate\\Pipeline\\Pipeline->Illuminate\\Pipeline\\{closure}(Object(Illuminate\\Http\\Request))
#20 /Users/recycle/work/htain-thein-be/vendor/laravel/sanctum/src/Http/Middleware/EnsureFrontendRequestsAreStateful.php(24): Illuminate\\Pipeline\\Pipeline->then(Object(Closure))
#21 /Users/recycle/work/htain-thein-be/vendor/laravel/framework/src/Illuminate/Pipeline/Pipeline.php(183): Laravel\\Sanctum\\Http\\Middleware\\EnsureFrontendRequestsAreStateful->handle(Object(Illuminate\\Http\\Request), Object(Closure))
#22 /Users/recycle/work/htain-thein-be/vendor/laravel/framework/src/Illuminate/Pipeline/Pipeline.php(119): Illuminate\\Pipeline\\Pipeline->Illuminate\\Pipeline\\{closure}(Object(Illuminate\\Http\\Request))
#23 /Users/recycle/work/htain-thein-be/vendor/laravel/framework/src/Illuminate/Routing/Router.php(805): Illuminate\\Pipeline\\Pipeline->then(Object(Closure))
#24 /Users/recycle/work/htain-thein-be/vendor/laravel/framework/src/Illuminate/Routing/Router.php(784): Illuminate\\Routing\\Router->runRouteWithinStack(Object(Illuminate\\Routing\\Route), Object(Illuminate\\Http\\Request))
#25 /Users/recycle/work/htain-thein-be/vendor/laravel/framework/src/Illuminate/Routing/Router.php(748): Illuminate\\Routing\\Router->runRoute(Object(Illuminate\\Http\\Request), Object(Illuminate\\Routing\\Route))
#26 /Users/recycle/work/htain-thein-be/vendor/laravel/framework/src/Illuminate/Routing/Router.php(737): Illuminate\\Routing\\Router->dispatchToRoute(Object(Illuminate\\Http\\Request))
#27 /Users/recycle/work/htain-thein-be/vendor/laravel/framework/src/Illuminate/Foundation/Http/Kernel.php(200): Illuminate\\Routing\\Router->dispatch(Object(Illuminate\\Http\\Request))
#28 /Users/recycle/work/htain-thein-be/vendor/laravel/framework/src/Illuminate/Pipeline/Pipeline.php(144): Illuminate\\Foundation\\Http\\Kernel->Illuminate\\Foundation\\Http\\{closure}(Object(Illuminate\\Http\\Request))
#29 /Users/recycle/work/htain-thein-be/vendor/laravel/framework/src/Illuminate/View/Middleware/ShareErrorsFromSession.php(49): Illuminate\\Pipeline\\Pipeline->Illuminate\\Pipeline\\{closure}(Object(Illuminate\\Http\\Request))
#30 /Users/recycle/work/htain-thein-be/vendor/laravel/framework/src/Illuminate/Pipeline/Pipeline.php(183): Illuminate\\View\\Middleware\\ShareErrorsFromSession->handle(Object(Illuminate\\Http\\Request), Object(Closure))
#31 /Users/recycle/work/htain-thein-be/vendor/laravel/framework/src/Illuminate/Session/Middleware/StartSession.php(121): Illuminate\\Pipeline\\Pipeline->Illuminate\\Pipeline\\{closure}(Object(Illuminate\\Http\\Request))
#32 /Users/recycle/work/htain-thein-be/vendor/laravel/framework/src/Illuminate/Session/Middleware/StartSession.php(64): Illuminate\\Session\\Middleware\\StartSession->handleStatefulRequest(Object(Illuminate\\Http\\Request), Object(Illuminate\\Session\\Store), Object(Closure))
#33 /Users/recycle/work/htain-thein-be/vendor/laravel/framework/src/Illuminate/Pipeline/Pipeline.php(183): Illuminate\\Session\\Middleware\\StartSession->handle(Object(Illuminate\\Http\\Request), Object(Closure))
#34 /Users/recycle/work/htain-thein-be/vendor/laravel/framework/src/Illuminate/Foundation/Http/Middleware/TransformsRequest.php(21): Illuminate\\Pipeline\\Pipeline->Illuminate\\Pipeline\\{closure}(Object(Illuminate\\Http\\Request))
#35 /Users/recycle/work/htain-thein-be/vendor/laravel/framework/src/Illuminate/Foundation/Http/Middleware/ConvertEmptyStringsToNull.php(31): Illuminate\\Foundation\\Http\\Middleware\\TransformsRequest->handle(Object(Illuminate\\Http\\Request), Object(Closure))
#36 /Users/recycle/work/htain-thein-be/vendor/laravel/framework/src/Illuminate/Pipeline/Pipeline.php(183): Illuminate\\Foundation\\Http\\Middleware\\ConvertEmptyStringsToNull->handle(Object(Illuminate\\Http\\Request), Object(Closure))
#37 /Users/recycle/work/htain-thein-be/vendor/laravel/framework/src/Illuminate/Foundation/Http/Middleware/TransformsRequest.php(21): Illuminate\\Pipeline\\Pipeline->Illuminate\\Pipeline\\{closure}(Object(Illuminate\\Http\\Request))
#38 /Users/recycle/work/htain-thein-be/vendor/laravel/framework/src/Illuminate/Foundation/Http/Middleware/TrimStrings.php(40): Illuminate\\Foundation\\Http\\Middleware\\TransformsRequest->handle(Object(Illuminate\\Http\\Request), Object(Closure))
#39 /Users/recycle/work/htain-thein-be/vendor/laravel/framework/src/Illuminate/Pipeline/Pipeline.php(183): Illuminate\\Foundation\\Http\\Middleware\\TrimStrings->handle(Object(Illuminate\\Http\\Request), Object(Closure))
#40 /Users/recycle/work/htain-thein-be/vendor/laravel/framework/src/Illuminate/Foundation/Http/Middleware/ValidatePostSize.php(27): Illuminate\\Pipeline\\Pipeline->Illuminate\\Pipeline\\{closure}(Object(Illuminate\\Http\\Request))
#41 /Users/recycle/work/htain-thein-be/vendor/laravel/framework/src/Illuminate/Pipeline/Pipeline.php(183): Illuminate\\Foundation\\Http\\Middleware\\ValidatePostSize->handle(Object(Illuminate\\Http\\Request), Object(Closure))
#42 /Users/recycle/work/htain-thein-be/vendor/laravel/framework/src/Illuminate/Foundation/Http/Middleware/PreventRequestsDuringMaintenance.php(99): Illuminate\\Pipeline\\Pipeline->Illuminate\\Pipeline\\{closure}(Object(Illuminate\\Http\\Request))
#43 /Users/recycle/work/htain-thein-be/vendor/laravel/framework/src/Illuminate/Pipeline/Pipeline.php(183): Illuminate\\Foundation\\Http\\Middleware\\PreventRequestsDuringMaintenance->handle(Object(Illuminate\\Http\\Request), Object(Closure))
#44 /Users/recycle/work/htain-thein-be/vendor/laravel/framework/src/Illuminate/Http/Middleware/HandleCors.php(62): Illuminate\\Pipeline\\Pipeline->Illuminate\\Pipeline\\{closure}(Object(Illuminate\\Http\\Request))
#45 /Users/recycle/work/htain-thein-be/vendor/laravel/framework/src/Illuminate/Pipeline/Pipeline.php(183): Illuminate\\Http\\Middleware\\HandleCors->handle(Object(Illuminate\\Http\\Request), Object(Closure))
#46 /Users/recycle/work/htain-thein-be/vendor/laravel/framework/src/Illuminate/Http/Middleware/TrustProxies.php(39): Illuminate\\Pipeline\\Pipeline->Illuminate\\Pipeline\\{closure}(Object(Illuminate\\Http\\Request))
#47 /Users/recycle/work/htain-thein-be/vendor/laravel/framework/src/Illuminate/Pipeline/Pipeline.php(183): Illuminate\\Http\\Middleware\\TrustProxies->handle(Object(Illuminate\\Http\\Request), Object(Closure))
#48 /Users/recycle/work/htain-thein-be/vendor/laravel/framework/src/Illuminate/Pipeline/Pipeline.php(119): Illuminate\\Pipeline\\Pipeline->Illuminate\\Pipeline\\{closure}(Object(Illuminate\\Http\\Request))
#49 /Users/recycle/work/htain-thein-be/vendor/laravel/framework/src/Illuminate/Foundation/Http/Kernel.php(175): Illuminate\\Pipeline\\Pipeline->then(Object(Closure))
#50 /Users/recycle/work/htain-thein-be/vendor/laravel/framework/src/Illuminate/Foundation/Http/Kernel.php(144): Illuminate\\Foundation\\Http\\Kernel->sendRequestThroughRouter(Object(Illuminate\\Http\\Request))
#51 /Users/recycle/work/htain-thein-be/public/index.php(51): Illuminate\\Foundation\\Http\\Kernel->handle(Object(Illuminate\\Http\\Request))
#52 /Users/recycle/work/htain-thein-be/vendor/laravel/framework/src/Illuminate/Foundation/resources/server.php(16): require_once('/Users/recycle/...')
#53 {main}
"} 
